# model	models/mlx/granite-4.0-h-tiny-4bit
# corpus	tests/fixtures/wikitext2_excerpt.txt	tokens	289403
# chunks	128	chunk_tokens	1	topk	8	prefill	0
# columns	chunk	pos	target	nll	top_ids	top_logits
# start_token	0
# contiguous	false
0	0	43205	18.583925	198,220,279,271,720,58,264,311	18.875000,15.687500,15.062500,14.437500,14.187500,13.750000,13.750000,13.750000
1	0	275	9.188751	198,279,271,220,311,264,791,14428	17.000000,14.500000,14.312500,14.250000,13.687500,13.062500,12.812500,12.812500
2	0	428	13.737366	198,279,220,271,311,264,720,58	18.000000,15.062500,14.937500,14.437500,14.437500,13.812500,13.562500,13.187500
3	0	12	6.007023	198,220,279,271,311,58,720,264	18.250000,15.250000,15.062500,14.687500,14.312500,14.250000,14.062500,13.750000
4	0	17	6.122787	198,220,279,271,264,311,720,16	18.875000,15.812500,15.687500,14.750000,14.437500,14.312500,14.312500,14.062500
5	0	3475	14.394554	198,220,279,271,58,311,720,264	18.625000,15.187500,14.812500,14.687500,14.187500,13.937500,13.937500,13.750000
6	0	76834	14.927635	198,279,220,271,311,264,720,459	17.875000,16.000000,15.937500,15.000000,14.750000,14.562500,14.312500,13.687500
7	0	80583	14.747581	198,271,220,279,311,264,58,459	18.625000,16.125000,15.812500,15.812500,15.062500,14.500000,14.000000,13.812500
8	0	3692	12.878933	198,220,720,279,271,58,311,264	19.125000,16.125000,14.812500,14.562500,14.500000,14.250000,13.500000,13.437500
9	0	257	9.105080	198,271,279,220,58,311,264,720	18.375000,15.562500,15.500000,15.437500,14.437500,14.312500,14.187500,14.000000
10	0	551	9.439646	198,220,279,720,271,311,264,58	18.500000,16.625000,15.562500,15.187500,14.750000,14.562500,14.437500,14.062500
11	0	3788	12.897692	198,220,279,271,311,264,720,58	18.875000,16.000000,15.812500,14.687500,14.562500,14.312500,14.187500,13.812500
12	0	1129	14.583714	198,220,271,279,311,720,58,264	19.375000,15.750000,15.312500,15.250000,14.562500,14.500000,14.062500,13.562500
13	0	71	7.504847	198,220,279,271,311,264,720,1148	18.625000,15.437500,15.250000,15.062500,14.062500,13.562500,13.500000,13.437500
14	0	36368	15.727125	198,220,279,271,311,58,264,720	18.125000,14.937500,14.937500,14.437500,14.000000,13.687500,13.687500,13.687500
15	0	1594	12.405905	198,279,220,311,264,271,459,1148	17.625000,16.000000,15.937500,14.750000,14.687500,14.562500,13.812500,13.687500
16	0	6973	18.434462	198,279,220,271,311,58,264,720	18.875000,15.500000,15.437500,15.437500,14.500000,14.312500,14.062500,14.062500
17	0	3529	15.536222	198,220,271,279,720,311,58,264	17.750000,14.937500,14.312500,14.187500,13.937500,13.312500,12.937500,12.687500
18	0	77749	17.563503	198,220,279,271,311,58,264,720	19.000000,15.687500,15.562500,15.437500,14.437500,14.000000,13.937500,13.750000
19	0	11628	17.849411	198,271,220,279,58,311,264,720	19.500000,16.375000,15.562500,15.437500,15.250000,14.687500,14.000000,13.812500
20	0	3916	16.277805	198,220,279,271,311,264,720,58	18.750000,15.687500,15.500000,15.062500,14.250000,14.000000,13.812500,13.562500
21	0	9009	12.443380	198,279,220,271,311,264,1148,58	18.875000,15.812500,15.500000,15.312500,14.812500,14.437500,14.062500,13.937500
22	0	6458	14.843237	198,279,220,311,264,271,720,58	17.625000,15.750000,15.062500,14.687500,14.500000,14.500000,13.812500,13.562500
23	0	61503	17.259628	198,279,220,271,311,264,1148,459	18.250000,15.562500,15.437500,14.687500,14.500000,14.000000,13.562500,13.312500
24	0	428	14.289366	198,220,279,311,271,264,720,12	16.375000,15.187500,14.250000,14.062500,13.750000,13.250000,13.187500,12.687500
25	0	198	0.444523	198,220,279,271,311,58,720,264	18.250000,15.250000,15.062500,14.687500,14.312500,14.250000,14.062500,13.750000
26	0	71684	15.788076	198,271,279,220,311,58,40,264	19.625000,15.562500,15.500000,15.437500,14.500000,14.437500,14.250000,14.187500
27	0	257	8.529997	198,220,279,271,264,311,720,58	16.875000,14.937500,14.687500,14.312500,13.687500,13.687500,13.687500,13.312500
28	0	551	9.439646	198,220,279,720,271,311,264,58	18.500000,16.625000,15.562500,15.187500,14.750000,14.562500,14.437500,14.062500
29	0	289	9.803942	198,220,279,271,311,264,720,58	18.875000,16.000000,15.812500,14.687500,14.562500,14.312500,14.187500,13.812500
30	0	61503	17.229393	198,279,220,271,311,264,58,720	18.375000,15.250000,15.000000,14.937500,14.250000,13.937500,13.750000,13.562500
31	0	428	14.289366	198,220,279,311,271,264,720,12	16.375000,15.187500,14.250000,14.062500,13.750000,13.250000,13.187500,12.687500
32	0	12	6.007023	198,220,279,271,311,58,720,264	18.250000,15.250000,15.062500,14.687500,14.312500,14.250000,14.062500,13.750000
33	0	17	6.122787	198,220,279,271,264,311,720,16	18.875000,15.812500,15.687500,14.750000,14.437500,14.312500,14.312500,14.062500
34	0	12	6.644554	198,220,279,271,58,311,720,264	18.625000,15.187500,14.812500,14.687500,14.187500,13.937500,13.937500,13.750000
35	0	1059	16.107162	198,220,279,271,264,311,720,16	18.875000,15.812500,15.687500,14.750000,14.437500,14.312500,14.312500,14.062500
36	0	8437	15.734266	198,220,279,271,311,58,264,720	18.125000,15.250000,14.750000,14.500000,13.812500,13.687500,13.312500,13.312500
37	0	16	5.821205	198,220,279,720,271,311,264,58	18.375000,15.687500,15.250000,14.437500,14.250000,14.187500,13.937500,13.687500
38	0	198	0.272802	198,220,279,271,311,58,264,16	18.875000,15.312500,15.062500,14.812500,14.062500,14.000000,13.750000,13.500000
39	0	20805	15.069326	198,271,279,220,311,58,40,264	19.625000,15.562500,15.500000,15.437500,14.500000,14.437500,14.250000,14.187500
40	0	415	10.772795	198,279,220,271,58,311,264,720	18.625000,15.562500,15.437500,15.000000,14.562500,14.312500,14.250000,13.437500
41	0	551	9.571667	198,220,279,720,271,264,311,58	19.125000,16.375000,15.812500,14.937500,14.812500,14.500000,14.500000,13.937500
42	0	1296	13.210192	198,220,279,271,311,264,720,58	18.875000,16.000000,15.812500,14.687500,14.562500,14.312500,14.187500,13.812500
43	0	320	7.567514	198,279,271,220,311,264,1148,58	18.500000,16.250000,15.750000,15.500000,15.062500,14.687500,14.562500,14.500000
44	0	19305	12.903214	198,279,220,271,40,311,264,1148	18.625000,15.312500,14.812500,14.812500,14.062500,14.062500,13.937500,13.750000
45	0	23	7.294418	198,220,279,271,311,720,264,58	18.375000,15.562500,14.812500,14.687500,14.000000,13.937500,13.562500,13.437500
46	0	7123	16.854315	198,271,279,220,311,58,264,1148	19.250000,15.750000,15.562500,15.500000,14.562500,14.437500,14.187500,13.750000
47	0	340	8.460550	198,220,279,271,311,58,264,720	19.000000,16.250000,16.125000,15.312500,15.250000,14.750000,14.750000,14.437500
48	0	10028	13.270323	198,271,220,279,58,720,311,264	19.875000,15.812500,15.750000,15.437500,15.000000,14.562500,14.437500,14.187500
49	0	262	7.360760	198,220,271,279,311,720,264,512	18.625000,16.750000,15.562500,15.562500,15.000000,15.000000,14.312500,13.937500
50	0	551	9.912342	198,220,279,271,720,264,311,1148	19.000000,16.375000,16.125000,15.562500,14.812500,14.687500,14.687500,13.687500
51	0	13844	13.960192	198,220,279,271,311,264,720,58	18.875000,16.000000,15.812500,14.687500,14.562500,14.312500,14.187500,13.812500
52	0	7866	13.906525	198,279,220,271,311,264,459,720	18.125000,15.750000,15.312500,14.812500,14.750000,14.250000,13.500000,13.500000
53	0	93314	14.394337	198,220,279,271,264,311,459,720	18.375000,16.625000,16.625000,15.000000,14.937500,14.750000,14.250000,14.250000
54	0	220	3.979988	198,279,220,271,311,264,720,1148	19.125000,15.687500,15.437500,15.437500,14.687500,14.062500,13.687500,13.500000
55	0	18	6.232475	198,279,220,271,16,311,264,40	18.875000,15.187500,15.062500,14.687500,14.062500,14.062500,13.937500,13.812500
56	0	13	8.184914	198,220,279,271,311,58,264,720	18.875000,15.312500,15.250000,15.062500,14.187500,14.062500,13.937500,13.687500
57	0	15	7.436008	198,271,279,220,40,311,1148,791	19.375000,15.812500,15.812500,15.562500,14.562500,14.562500,14.562500,14.500000
58	0	320	8.125757	198,220,279,271,311,58,264,720	19.375000,15.312500,15.312500,15.062500,14.312500,14.187500,14.000000,13.750000
59	0	2485	13.278214	198,279,220,271,40,311,264,1148	18.625000,15.312500,14.812500,14.812500,14.062500,14.062500,13.937500,13.750000
60	0	1129	13.286320	198,220,271,279,720,311,58,627	18.375000,15.500000,14.937500,14.687500,14.437500,14.062500,13.250000,13.000000
61	0	86331	16.364222	198,220,279,271,311,264,720,1148	18.625000,15.437500,15.250000,15.062500,14.062500,13.562500,13.500000,13.437500
62	0	2726	11.844120	198,220,279,271,311,720,264,459	17.875000,15.437500,14.562500,14.187500,13.687500,13.687500,12.937500,12.687500
63	0	7116	15.930681	198,220,279,271,311,720,264,58	19.125000,16.250000,15.812500,15.562500,14.937500,14.812500,14.250000,13.937500
64	0	68833	17.582197	198,220,279,271,720,311,264,459	19.000000,16.125000,15.750000,15.062500,14.812500,14.562500,13.750000,13.312500
65	0	1355	12.962910	198,220,279,311,271,264,720,459	18.250000,16.000000,15.937500,14.437500,14.312500,14.062500,13.812500,13.687500
66	0	64	5.895655	198,279,220,271,311,264,720,58	19.000000,15.500000,15.062500,14.750000,14.437500,14.062500,14.000000,13.750000
67	0	14	10.381041	198,220,279,271,311,264,720,58	18.250000,15.312500,15.187500,14.500000,14.187500,14.000000,13.937500,13.812500
68	0	18	6.453632	198,279,220,271,311,264,1148,791	18.625000,15.750000,15.312500,14.937500,14.500000,14.187500,14.000000,13.812500
69	0	13	8.184914	198,220,279,271,311,58,264,720	18.875000,15.312500,15.250000,15.062500,14.187500,14.062500,13.937500,13.687500
70	0	15	7.436008	198,271,279,220,40,311,1148,791	19.375000,15.812500,15.812500,15.562500,14.562500,14.562500,14.562500,14.500000
71	0	54660	17.110132	198,220,279,271,311,58,264,720	19.375000,15.312500,15.312500,15.062500,14.312500,14.187500,14.000000,13.750000
72	0	20241	13.531063	198,271,279,220,311,58,264,720	20.375000,16.625000,16.375000,16.125000,15.312500,14.937500,14.750000,14.687500
73	0	1516	15.330971	198,220,271,279,311,58,998,14428	17.500000,14.750000,14.062500,14.000000,13.750000,13.500000,13.000000,12.937500
74	0	25	8.384003	198,220,279,271,311,264,58,720	18.750000,16.000000,15.812500,15.500000,15.062500,14.562500,14.500000,14.437500
75	0	27685	13.818161	198,220,279,271,264,311,1148,720	18.375000,16.125000,15.812500,14.687500,14.562500,14.312500,14.000000,13.937500
76	0	20965	15.260624	198,279,220,271,311,264,459,720	18.250000,17.000000,16.500000,16.000000,15.562500,15.500000,14.937500,14.812500
77	0	11	6.150877	198,279,271,220,311,264,1148,459	19.500000,16.250000,16.000000,15.812500,15.687500,14.937500,14.687500,14.062500
78	0	82035	17.638636	198,279,220,271,264,311,1148,58	19.000000,16.125000,15.500000,15.062500,14.687500,14.687500,14.687500,14.187500
79	0	15592	11.002369	198,279,220,271,311,264,459,374	17.250000,16.000000,15.312500,15.250000,14.937500,14.562500,14.062500,13.687500
80	0	8483	13.611286	198,279,311,220,271,264,459,720	17.125000,15.750000,15.062500,14.937500,14.687500,14.312500,13.750000,13.437500
81	0	198	0.625034	198,271,279,220,311,264,1148,459	18.625000,16.125000,16.125000,15.937500,15.187500,14.687500,14.437500,14.000000
82	0	1835	12.944326	198,271,279,220,311,58,40,264	19.625000,15.562500,15.500000,15.437500,14.500000,14.437500,14.250000,14.187500
83	0	320	8.276814	198,220,279,720,271,58,311,264	19.375000,16.125000,15.437500,14.937500,14.812500,14.312500,14.250000,14.187500
84	0	50	7.684464	198,279,220,271,40,311,264,1148	18.625000,15.312500,14.812500,14.812500,14.062500,14.062500,13.937500,13.750000
85	0	13	7.799311	198,271,220,279,58,512,720,311	19.125000,15.500000,15.000000,14.937500,14.000000,14.000000,14.000000,13.812500
86	0	8930	15.092258	198,271,279,220,40,311,1148,791	19.375000,15.812500,15.812500,15.562500,14.562500,14.562500,14.562500,14.500000
87	0	488	13.221119	198,279,220,271,311,264,791,1148	17.625000,14.750000,14.500000,14.437500,13.687500,13.312500,13.062500,12.812500
88	0	11	6.078859	198,279,220,271,311,264,58,1148	18.625000,15.687500,15.500000,15.500000,14.500000,14.312500,13.937500,13.812500
89	0	452	9.708948	198,279,220,271,264,311,1148,58	19.000000,16.125000,15.500000,15.062500,14.687500,14.687500,14.687500,14.187500
90	0	13	7.662355	198,220,279,271,720,311,264,58	18.125000,15.312500,15.250000,14.937500,14.312500,14.187500,13.937500,13.437500
91	0	50356	17.732883	198,271,279,220,40,311,1148,791	19.375000,15.812500,15.812500,15.562500,14.562500,14.562500,14.562500,14.500000
92	0	819	13.179062	198,271,279,220,791,40,311,14428	17.375000,14.062500,14.000000,13.937500,13.437500,13.000000,13.000000,12.750000
93	0	84077	16.878361	198,279,220,271,311,264,1148,720	17.875000,15.437500,15.000000,14.500000,14.312500,14.000000,13.312500,13.250000
94	0	29234	12.290491	198,220,279,271,311,264,1148,791	17.500000,14.750000,14.687500,14.250000,13.812500,13.312500,12.937500,12.812500
95	0	11	5.592007	198,220,279,271,311,264,58,720	18.125000,15.562500,15.187500,15.000000,14.500000,14.000000,13.812500,13.687500
96	0	432	9.521448	198,279,220,271,264,311,1148,58	19.000000,16.125000,15.500000,15.062500,14.687500,14.687500,14.687500,14.187500
97	0	13	7.919970	198,279,220,271,311,264,720,1148	18.375000,15.562500,15.437500,15.062500,14.437500,14.250000,14.062500,13.500000
98	0	2100	9.936008	198,271,279,220,40,311,1148,791	19.375000,15.812500,15.812500,15.562500,14.562500,14.562500,14.562500,14.500000
99	0	9211	14.403147	198,279,220,271,264,311,1148,720	18.750000,16.125000,15.812500,15.187500,14.687500,14.687500,14.500000,14.312500
100	0	2001	10.675365	198,220,279,311,264,271,720,459	16.750000,15.500000,15.312500,14.500000,13.937500,13.812500,13.437500,13.187500
101	0	330	6.018187	198,220,279,264,311,271,720,1148	18.375000,16.375000,16.250000,14.812500,14.812500,14.312500,14.312500,14.250000
102	0	9261	11.937826	198,279,271,220,40,311,791,1148	19.125000,15.500000,15.062500,14.937500,14.500000,14.250000,14.187500,14.187500
103	0	57893	16.904554	198,220,271,279,58,311,720,512	18.375000,15.250000,14.937500,14.562500,14.187500,14.000000,13.687500,13.437500
104	0	386	10.279690	198,271,279,220,311,58,264,791	19.125000,15.937500,15.500000,15.437500,14.562500,14.500000,14.250000,13.937500
105	0	13025	17.470028	198,279,220,271,311,264,720,58	18.375000,15.500000,15.250000,15.187500,14.250000,14.062500,14.000000,13.562500
106	0	27972	15.673792	198,220,279,271,311,264,720,58	17.750000,15.562500,15.000000,14.750000,14.187500,13.937500,13.812500,13.687500
107	0	498	13.036156	198,220,279,271,311,264,720,58	19.000000,16.375000,15.812500,15.687500,15.187500,14.687500,14.562500,14.437500
108	0	220	3.754166	198,279,220,271,264,311,720,1148	19.625000,16.375000,16.125000,15.062500,14.812500,14.812500,14.750000,14.500000
109	0	679	8.607475	198,279,220,271,16,311,264,40	18.875000,15.187500,15.062500,14.687500,14.062500,14.062500,13.937500,13.812500
110	0	21	6.500418	198,220,279,271,311,720,58,264	18.625000,15.687500,15.062500,14.812500,14.062500,13.750000,13.687500,13.687500
111	0	340	9.558022	198,271,279,220,58,311,264,40	19.375000,15.500000,15.437500,15.312500,14.500000,14.250000,14.000000,13.750000
112	0	1835	12.301573	198,271,220,279,58,720,311,264	19.875000,15.812500,15.750000,15.437500,15.000000,14.562500,14.437500,14.187500
113	0	40283	15.823689	198,220,279,720,271,58,311,264	19.375000,16.125000,15.437500,14.937500,14.812500,14.312500,14.250000,14.187500
114	0	3786	15.836132	198,271,220,279,58,311,264,720	19.375000,16.625000,16.125000,16.125000,15.437500,15.187500,14.812500,14.187500
115	0	25	9.456125	198,220,279,271,311,264,58,1148	19.125000,16.000000,16.000000,15.687500,15.062500,14.562500,14.187500,14.187500
116	0	3788	12.380661	198,220,279,271,264,311,1148,720	18.375000,16.125000,15.812500,14.687500,14.562500,14.312500,14.000000,13.937500
117	0	1129	14.583714	198,220,271,279,311,720,58,264	19.375000,15.750000,15.312500,15.250000,14.562500,14.500000,14.062500,13.562500
118	0	71	7.504847	198,220,279,271,311,264,720,1148	18.625000,15.437500,15.250000,15.062500,14.062500,13.562500,13.500000,13.437500
119	0	36368	15.727125	198,220,279,271,311,58,264,720	18.125000,14.937500,14.937500,14.437500,14.000000,13.687500,13.687500,13.687500
120	0	1594	12.405905	198,279,220,311,264,271,459,1148	17.625000,16.000000,15.937500,14.750000,14.687500,14.562500,13.812500,13.687500
121	0	6973	18.434462	198,279,220,271,311,58,264,720	18.875000,15.500000,15.437500,15.437500,14.500000,14.312500,14.062500,14.062500
122	0	3529	15.536222	198,220,271,279,720,311,58,264	17.750000,14.937500,14.312500,14.187500,13.937500,13.312500,12.937500,12.687500
123	0	77749	17.563503	198,220,279,271,311,58,264,720	19.000000,15.687500,15.562500,15.437500,14.437500,14.000000,13.937500,13.750000
124	0	11628	17.849411	198,271,220,279,58,311,264,720	19.500000,16.375000,15.562500,15.437500,15.250000,14.687500,14.000000,13.812500
125	0	3916	16.277805	198,220,279,271,311,264,720,58	18.750000,15.687500,15.500000,15.062500,14.250000,14.000000,13.812500,13.562500
126	0	9009	12.443380	198,279,220,271,311,264,1148,58	18.875000,15.812500,15.500000,15.312500,14.812500,14.437500,14.062500,13.937500
127	0	6458	14.843237	198,279,220,311,264,271,720,58	17.625000,15.750000,15.062500,14.687500,14.500000,14.500000,13.812500,13.562500
