# model	models/mlx/Qwen2.5-VL-3B-Instruct-4bit
# corpus	tests/fixtures/wikitext2_excerpt.txt	tokens	299190
# chunks	80	chunk_tokens	8	topk	8	prefill	512
# columns	chunk	pos	target	nll	top_ids	top_logits
# start_token	0
# contiguous	false
0	0	42105	11.199976	220,330,659,8908,350,364,716,356	19.000000,16.843750,16.531250,15.343750,14.734375,14.726562,14.703125,14.687500
0	1	275	5.728666	27391,258,318,1437,285,81080,83964,292	10.859375,9.828125,9.773438,9.742188,9.726562,9.593750,9.554688,9.406250
0	2	427	0.616541	427,706,573,765,1897,1574,327,1178	16.093750,14.906250,13.757812,13.195312,12.968750,12.281250,12.195312,11.296875
0	3	12	5.725048	271,198,760,2656,319,9248,871,4499	20.468750,19.921875,19.328125,18.734375,18.593750,18.078125,18.015625,17.984375
0	4	17	3.078218	17,16,10609,6793,18,5835,954,11546	16.640625,16.609375,15.843750,15.617188,15.390625,15.203125,15.195312,15.117188
0	5	3393	8.511930	15,271,198,13,25,320,15228,12	19.578125,19.437500,19.187500,18.875000,18.656250,18.437500,18.359375,18.312500
0	6	75734	8.202997	271,198,220,23671,319,871,760,25	19.140625,18.234375,17.953125,17.765625,17.703125,17.468750,17.390625,17.359375
0	7	79483	12.930214	271,198,319,760,25,320,220,871	20.453125,19.703125,19.234375,19.156250,19.078125,18.906250,18.437500,18.343750
1	0	3608	9.509922	785,1986,91,73594,54,32,1703,418	20.984375,20.687500,19.453125,19.453125,19.000000,18.984375,18.953125,18.796875
1	1	257	12.988609	25,1447,1034,1467,4128,271,2038,510	22.156250,21.078125,20.437500,20.140625,19.890625,19.843750,19.750000,19.593750
1	2	549	5.854675	760,284,9248,609,197,621,1369,35721	22.125000,21.140625,20.093750,18.234375,17.781250,17.328125,17.296875,17.296875
1	3	3703	2.513542	256,3703,366,262,42105,220,508,1758	15.843750,15.828125,15.625000,15.593750,15.585938,15.125000,15.015625,14.898438
1	4	1110	4.948372	43316,99690,14880,114113,108613,100365,71618,99355	15.632812,13.835938,13.757812,13.734375,13.617188,13.414062,13.398438,13.234375
1	5	71	7.086786	5204,2136,1041,48437,12882,77,86,67	16.453125,15.453125,14.562500,14.562500,12.648438,12.593750,12.507812,12.328125
1	6	35268	0.045528	35268,1434,2596,13299,768,376,59300,596	16.109375,10.500000,10.421875,10.132812,9.968750,9.671875,9.593750,9.429688
1	7	1564	0.056799	1564,29088,3579,144300,7605,16281,18596,4245	19.781250,15.656250,15.234375,14.351562,13.843750,13.789062,13.632812,13.429688
2	0	6830	0.030182	6830,2659,905,1331,4245,18173,22471,514	23.109375,19.265625,17.234375,16.031250,15.929688,15.757812,15.171875,14.859375
2	1	3446	0.066099	3446,3470,14,20268,2687,12697,14953,26734	20.796875,16.437500,16.109375,15.781250,15.742188,15.046875,14.562500,14.500000
2	2	76649	0.002594	76649,8369,82,23822,1510,47663,14946,11793	20.484375,13.539062,13.351562,11.750000,11.046875,10.992188,10.789062,10.679688
2	3	11374	5.240833	22175,6324,14,25502,271,10270,12697,5894	20.875000,20.656250,19.343750,18.375000,17.531250,17.171875,17.000000,16.609375
2	4	3831	6.078625	2183,86,18380,6456,309,318,644,490	9.593750,8.945312,8.781250,8.726562,8.601562,8.515625,8.312500,8.210938
2	5	8833	0.432556	8833,1103,18573,34097,79,69,80205,1958	16.859375,14.304688,14.234375,12.750000,12.609375,12.546875,12.468750,12.382812
2	6	6324	1.469131	6324,22175,14,13002,12,11374,2630,25502	16.937500,16.468750,15.921875,15.757812,15.296875,15.109375,14.460938,14.156250
2	7	60403	0.016117	60403,1579,14939,1003,275,8226,292,18677	21.734375,16.312500,15.804688,15.757812,15.578125,15.062500,13.585938,13.398438
3	0	427	0.002413	427,1318,327,477,23493,9345,17,1178	25.312500,18.234375,16.875000,16.859375,16.578125,15.937500,15.906250,15.882812
3	1	198	7.107449	12,17,271,16839,62,37402,2630,198	24.562500,21.640625,19.406250,18.968750,17.765625,17.640625,17.578125,17.531250
3	2	70584	10.153158	6397,13806,5009,3851,1986,929,5097,33605	21.296875,20.234375,19.968750,19.578125,19.359375,19.109375,18.828125,18.828125
3	3	257	0.452814	257,25,262,829,414,549,220,1379	24.640625,22.781250,22.671875,21.734375,20.609375,20.609375,20.062500,19.812500
3	4	549	0.015945	549,6260,14512,760,30372,20955,53546,38040	27.593750,23.078125,21.671875,20.062500,19.203125,19.046875,18.750000,18.281250
3	5	289	4.437178	42105,1273,5426,3393,220,26125,2009,364	16.031250,15.859375,15.601562,15.070312,13.781250,13.734375,13.625000,13.453125
3	6	60403	0.031839	60403,17,31580,2501,7570,198,14628,417	20.375000,16.125000,14.296875,13.429688,13.421875,13.414062,13.296875,12.781250
3	7	427	0.003508	427,327,477,1318,12,365,2252,23493	25.984375,19.203125,19.140625,18.390625,16.390625,16.328125,16.296875,16.046875
4	0	12	0.091660	12,17,16839,271,198,62,4452,2630	24.625000,21.500000,20.000000,19.796875,18.781250,18.562500,18.171875,17.875000
4	1	17	0.008867	17,16,18,15,19,20,21,1041	27.359375,21.937500,20.812500,20.734375,19.843750,19.406250,18.296875,17.890625
4	2	12	3.070177	16839,271,198,1273,12,3393,1331,5426	20.140625,19.015625,18.609375,18.203125,18.093750,17.656250,16.906250,16.781250
4	3	1041	2.020710	16,1041,17,18,20,19,15,21	17.203125,16.968750,16.812500,16.187500,15.976562,15.875000,15.804688,15.484375
4	4	8273	1.222971	8273,16839,271,198,9345,10188,1331,3909	18.046875,16.968750,16.765625,16.187500,16.187500,15.992188,15.585938,15.257812
4	5	16	0.462030	16,17,18,23,20,19,20497,75	21.171875,20.265625,18.312500,18.062500,17.468750,16.390625,16.250000,16.000000
4	6	198	1.763733	271,13,198,12,18611,16839,1406,4710	20.453125,19.968750,19.968750,18.859375,18.015625,17.531250,17.500000,17.296875
4	7	20193	4.124168	13806,5009,1695,4061,1043,11377,929,13874	21.156250,20.484375,19.796875,19.765625,19.375000,19.328125,19.187500,19.109375
5	0	414	4.616970	257,25,414,262,943,829,220,1280	26.437500,21.906250,21.859375,20.265625,19.765625,19.421875,19.375000,18.968750
5	1	549	0.004250	549,6260,14512,760,25,30372,53546,284	27.093750,20.625000,19.343750,19.234375,18.406250,18.281250,18.000000,17.875000
5	2	1273	2.469894	5426,1273,4401,4862,10519,364,26125,3483	20.703125,18.515625,17.687500,16.765625,16.687500,16.390625,16.375000,16.359375
5	3	320	4.788893	271,198,1406,320,18611,4710,1022,715	23.765625,23.046875,20.234375,19.515625,19.093750,18.984375,18.890625,18.859375
5	4	19	4.413031	48437,16,17,10397,18,15,23,24	20.109375,19.937500,19.703125,19.171875,18.812500,18.765625,18.562500,18.500000
5	5	18	3.356073	15,20,24,23,17,18,16,21	25.593750,23.453125,23.156250,23.093750,23.062500,22.843750,22.828125,22.781250
5	6	20	2.877859	13,15,4,17,18,21,20,23	23.359375,23.296875,23.250000,23.203125,22.843750,22.718750,22.687500,22.640625
5	7	23	2.452728	15,21,17,23,18,24,11,20	23.750000,23.640625,23.468750,23.437500,23.343750,23.343750,23.234375,23.125000
6	0	6978	4.855059	15,17,21,19,22,24,23,18	23.312500,23.296875,23.156250,23.031250,22.968750,22.968750,22.953125,22.875000
6	1	340	0.728304	340,692,8,2790,3623,11,315,304	28.609375,28.265625,26.265625,25.390625,25.312500,25.140625,24.859375,24.750000
6	2	9827	6.367077	13806,1695,5009,7595,4373,2833,1043,13874	20.953125,20.921875,20.781250,20.671875,20.125000,20.109375,19.984375,19.578125
6	3	262	0.281033	262,257,256,25,549,414,981,220	24.312500,22.812500,20.906250,20.718750,19.171875,18.828125,18.578125,18.171875
6	4	549	0.011929	549,6260,14512,90408,53546,30372,20955,659	26.750000,21.859375,20.921875,18.265625,17.765625,17.343750,17.093750,17.078125
6	5	13534	1.950645	13534,1230,24263,3703,3066,8914,2009,305	14.687500,14.382812,14.335938,13.960938,13.937500,13.078125,13.023438,12.875000
6	6	7710	1.858322	15,7671,7710,12,220,58318,553,18306	18.734375,17.687500,17.437500,15.695312,14.609375,13.632812,13.328125,13.210938
6	7	92214	1.715237	12,220,92214,271,198,1876,1406,6222	21.250000,20.609375,20.421875,19.078125,19.062500,18.000000,17.578125,17.562500
7	0	220	0.978876	220,198,271,12,320,1406,1876,26	23.062500,22.671875,22.203125,20.906250,20.890625,20.109375,19.609375,18.640625
7	1	18	1.644068	19,18,17,16,15,220,20,320	25.312500,23.890625,20.125000,18.000000,17.796875,17.296875,15.890625,14.781250
7	2	13	0.002377	13,198,271,12,320,18831,624,220	28.500000,20.796875,20.718750,19.953125,19.609375,19.609375,19.546875,19.328125
7	3	15	0.304735	15,24,16,68396,21,22,20,18	18.906250,16.781250,16.218750,15.023438,14.757812,14.515625,14.437500,14.296875
7	4	320	3.225809	198,271,1406,320,1876,2274,1230,547	20.750000,20.171875,18.500000,18.328125,17.875000,17.390625,17.203125,16.953125
7	5	2428	0.889029	2428,1254,3706,71,19665,39,54,18330	20.859375,19.421875,18.437500,17.937500,17.859375,17.843750,17.531250,17.500000
7	6	1110	0.000685	1110,25,14375,322,340,692,12,549	29.031250,20.734375,19.671875,19.328125,19.093750,18.593750,18.515625,17.828125
7	7	85231	0.639332	85231,5204,71,2136,638,359,27052,51717	18.703125,17.750000,17.500000,15.406250,14.585938,14.226562,14.179688,13.679688
8	0	2659	0.003742	2659,13,905,8382,24282,624,382,61501	25.171875,18.468750,17.890625,17.234375,16.609375,16.359375,15.781250,15.523438
8	1	6971	0.289215	6971,7434,53560,22041,33914,14,340,692	22.968750,20.843750,20.062500,19.656250,19.484375,19.046875,18.578125,18.281250
8	2	67733	0.004148	67733,14,53560,3470,16276,340,5894,50807	28.062500,21.421875,21.296875,19.734375,19.656250,19.031250,18.890625,18.890625
8	3	1331	0.017122	1331,2687,14,12,5894,6913,92214,8680	24.828125,19.984375,19.531250,18.671875,16.578125,15.968750,15.804688,15.687500
8	4	64	0.000427	64,5918,7409,9338,5305,198,1478,14	24.453125,15.562500,14.351562,13.937500,13.843750,13.609375,13.351562,13.164062
8	5	14	0.010889	14,53560,5894,8680,12,50807,340,692	27.234375,21.687500,20.671875,20.250000,20.140625,19.875000,19.656250,19.656250
8	6	18	0.049040	18,19,692,17,3623,340,2428,1016	28.703125,25.671875,21.500000,20.531250,19.953125,19.453125,18.687500,18.656250
8	7	13	0.002831	13,12,340,692,15,18831,14,624	30.109375,22.953125,22.593750,22.218750,21.718750,21.640625,21.250000,20.187500
9	0	15	0.000307	15,16,220,20,17,42105,3623,21	30.218750,20.984375,20.640625,19.687500,19.265625,18.953125,18.468750,18.453125
9	1	53560	0.419519	53560,14,47036,22549,50807,340,692,62431	24.218750,22.281250,22.015625,21.781250,21.281250,21.156250,20.453125,20.296875
9	2	19665	8.241798	5009,13806,1043,3851,1695,1986,13874,11377	21.593750,20.562500,19.812500,19.812500,19.640625,19.078125,19.046875,18.968750
9	3	1488	0.163742	1488,3977,4831,2774,9475,332,5922,13	22.546875,20.531250,18.468750,18.421875,16.609375,16.031250,15.773438,15.312500
9	4	25	0.486118	25,549,220,256,6260,12,2567,1467	24.687500,23.734375,22.500000,20.250000,20.031250,19.671875,19.390625,19.359375
9	5	26587	4.474144	3703,42105,569,15829,7240,1096,330,80935	12.328125,11.210938,11.125000,11.054688,10.984375,10.937500,10.843750,10.656250
9	6	20343	3.015055	198,271,320,20343,1467,1406,9709,11	19.015625,18.875000,18.671875,17.750000,17.515625,17.328125,17.312500,16.890625
9	7	11	2.277107	198,271,320,11,624,13,323,382	23.625000,23.609375,23.281250,22.796875,21.828125,21.578125,21.046875,20.984375
10	0	80935	9.237190	26587,3703,220,330,16000,13534,5880,576	15.523438,15.390625,15.132812,14.679688,14.429688,14.156250,13.664062,13.070312
10	1	15235	5.580585	8319,271,198,905,5007,2659,320,11	16.953125,16.625000,16.593750,16.265625,16.187500,15.960938,15.851562,15.507812
10	2	8319	0.905069	8319,11607,198,271,11,10072,320,1406	17.734375,16.578125,16.343750,15.867188,15.335938,15.171875,14.875000,14.500000
10	3	198	1.596313	198,271,11,320,11607,1406,323,5737	18.640625,18.578125,17.968750,17.593750,17.593750,16.687500,16.531250,16.265625
10	4	1797	10.894590	5009,3851,1043,1986,13806,19237,44364,1703	21.406250,20.000000,19.578125,19.546875,19.500000,19.203125,19.031250,19.000000
10	5	320	2.090765	3703,320,323,366,26587,508,330,1876	16.968750,15.757812,14.750000,14.187500,13.796875,13.539062,13.375000,13.375000
10	6	50	5.679071	2428,17,1254,3706,54,691,785,12676	18.937500,16.640625,15.750000,15.750000,15.554688,15.546875,15.039062,15.000000
10	7	13	4.364489	10504,69,5609,3627,1861,969,934,5965	11.460938,11.414062,11.171875,11.148438,10.929688,10.742188,10.664062,10.304688
11	0	8755	7.596464	4598,1674,422,393,479,431,730,40140	9.039062,9.000000,8.843750,8.796875,8.734375,8.687500,8.546875,8.429688
11	1	487	0.591963	487,75,42683,89,84,72,1370,6023	13.023438,11.328125,10.046875,9.718750,9.648438,9.585938,9.140625,8.843750
11	2	11	1.073887	1842,11,323,340,692,609,8,220	21.828125,21.640625,20.171875,19.750000,19.468750,18.484375,17.953125,17.640625
11	3	451	3.576082	619,1842,350,328,386,362,393,431	14.617188,14.406250,14.195312,14.109375,14.031250,13.953125,13.914062,13.898438
11	4	13	0.042765	13,3503,1214,909,727,875,808,1785	17.500000,12.429688,11.593750,11.289062,11.265625,11.242188,11.156250,11.109375
11	5	49256	9.049419	619,2009,9082,1674,472,3261,730,1417	10.078125,9.679688,9.617188,9.375000,9.132812,9.023438,9.000000,8.992188
11	6	812	6.296687	24998,927,85,50637,86,69,440,7755	9.750000,9.601562,9.156250,9.109375,9.101562,8.945312,8.835938,8.835938
11	7	82977	10.582073	11,340,692,323,1842,609,8,3623	17.468750,15.445312,15.109375,14.203125,14.031250,13.820312,12.726562,12.476562
12	0	28134	1.056800	30905,28134,2780,402,426,7989,301,7956	14.984375,14.765625,13.296875,13.281250,10.734375,10.343750,10.117188,10.117188
12	1	11	0.495922	11,692,323,340,1842,609,345,8	24.359375,22.640625,22.406250,22.375000,21.218750,20.843750,20.687500,20.000000
12	2	431	3.035089	323,1842,619,393,362,328,431,386	15.945312,15.421875,15.343750,15.132812,14.929688,14.867188,14.789062,14.734375
12	3	13	0.027969	13,624,382,11352,3503,1321,727,875	17.250000,11.437500,11.398438,10.765625,10.750000,10.585938,10.500000,10.484375
12	4	2055	5.393898	619,431,8211,328,393,1674,4254,479	9.703125,9.046875,8.773438,8.757812,8.585938,8.468750,8.414062,8.351562
12	5	9034	0.055183	9034,24134,71,5403,26161,16755,331,11866	15.609375,10.820312,10.585938,10.515625,9.921875,9.835938,9.601562,9.492188
12	6	1959	12.074160	11,340,692,1842,323,8,345,609	24.421875,24.078125,23.859375,23.156250,22.781250,21.625000,21.515625,21.328125
12	7	330	4.540047	220,13534,328,3703,198,8319,26587,330	11.671875,11.320312,11.289062,11.218750,10.929688,10.476562,10.437500,10.359375
13	0	9084	6.369446	54,61437,32,785,53896,47467,74909,1972	17.078125,16.296875,15.960938,15.679688,15.492188,14.890625,14.867188,14.703125
13	1	56793	10.192831	38710,12,14155,11250,52457,198,12010,23470	17.046875,14.937500,14.359375,14.117188,13.648438,13.609375,13.476562,13.351562
13	2	386	7.298801	25,497,38710,80532,1,26874,55115,62020	15.445312,14.882812,14.601562,14.601562,14.523438,14.101562,14.078125,14.039062
13	3	12735	2.578842	24976,12735,23036,11873,95296,7380,1791,1975	14.117188,12.914062,11.648438,11.492188,11.421875,11.109375,10.937500,10.812500
13	4	26874	1.361837	315,26874,8668,4903,25,497,38710,1138	18.843750,18.828125,17.250000,17.000000,16.484375,16.375000,16.375000,16.031250
13	5	497	2.472799	369,497,1138,25,756,1,698,323	22.750000,20.843750,20.453125,20.203125,20.109375,19.640625,19.625000,19.250000
13	6	220	0.869064	220,3703,796,14165,451,715,330,43461	17.421875,16.093750,15.156250,15.109375,14.968750,14.773438,14.562500,14.375000
13	7	17	0.009714	17,16,18,15,220,19,24,22	23.468750,17.750000,16.625000,16.562500,15.937500,15.718750,15.578125,15.570312
14	0	15	0.000851	15,17,16,18,20,23,21,24	28.203125,19.500000,19.171875,18.609375,18.390625,18.031250,17.968750,17.968750
14	1	16	0.226189	16,17,15,18,19,24,12,20	25.078125,23.656250,20.546875,16.828125,15.726562,15.539062,15.460938,15.414062
14	2	21	1.355770	21,23,22,20,24,19,18,17	21.500000,21.218750,21.125000,21.046875,20.609375,19.859375,19.250000,18.500000
14	3	340	0.695990	340,692,8,3593,11,3623,568,4292	25.531250,25.000000,22.921875,22.859375,22.390625,22.109375,21.875000,21.875000
14	4	1797	4.652611	5009,1043,3851,69769,13806,1986,6397,44364	21.500000,20.234375,20.171875,19.500000,19.218750,19.156250,19.093750,19.046875
14	5	39183	7.351148	320,3703,26587,323,1876,330,508,1096	13.726562,13.492188,11.976562,11.726562,11.234375,11.226562,11.078125,10.992188
14	6	3701	9.477795	25,3465,504,57632,4008,7907,21009,5880	17.781250,17.671875,17.437500,17.359375,17.015625,16.906250,16.875000,16.656250
14	7	25	0.760651	25,553,3465,369,323,320,504,518	22.796875,21.703125,20.375000,19.859375,19.734375,19.609375,19.531250,19.312500
15	0	3703	0.721163	3703,26587,366,508,330,328,393,569	13.109375,10.203125,10.039062,10.031250,9.843750,9.484375,9.234375,9.070312
15	1	1110	0.000473	1110,25,1447,322,14375,510,23817,81776	28.578125,19.531250,18.890625,18.640625,18.546875,18.437500,17.531250,17.453125
15	2	71	1.561523	2136,71,47786,5204,4951,21378,277,67	15.968750,15.617188,14.671875,14.578125,13.304688,13.093750,13.070312,12.640625
15	3	35268	0.010109	35268,2596,768,13299,1489,1434,17,33501	18.812500,12.640625,12.609375,12.335938,11.531250,10.421875,10.085938,10.070312
15	4	1564	0.016706	1564,7605,4245,3579,29088,40383,16281,6830	22.093750,16.671875,15.835938,15.695312,15.539062,15.375000,14.960938,14.585938
15	5	6830	0.008741	6830,2659,905,4245,22471,40383,18173,27812	26.000000,21.078125,18.437500,17.625000,16.578125,16.156250,15.906250,15.765625
15	6	3446	0.004587	3446,2687,14,61309,4437,42516,47663,14953	23.953125,16.781250,15.968750,15.468750,15.007812,14.968750,14.945312,14.890625
15	7	76649	0.038067	76649,8369,82,23822,19346,11793,81325,2037	22.484375,19.203125,14.906250,13.507812,13.390625,12.789062,12.359375,12.078125
16	0	11374	0.475384	11374,6324,22175,14,2687,25502,271,8680	23.843750,23.031250,20.859375,20.031250,19.812500,19.609375,18.812500,18.703125
16	1	3831	0.002905	3831,1574,37,1516,69,24716,3627,10509	24.609375,17.890625,17.562500,16.109375,15.171875,14.664062,14.578125,14.429688
16	2	8833	0.004313	8833,18573,1324,12,1958,48796,69,24246	24.781250,18.906250,16.546875,15.578125,15.554688,15.523438,15.359375,15.296875
16	3	6324	0.068445	6324,2630,271,198,5894,14,25502,22175	24.078125,19.984375,19.453125,18.984375,18.984375,18.734375,18.734375,18.250000
16	4	60403	0.000242	60403,8226,1579,7570,14939,31580,198,14628	26.968750,17.906250,17.015625,16.093750,16.078125,14.703125,14.625000,14.546875
16	5	427	0.005207	427,1318,327,23493,1303,198,306,365	27.687500,22.281250,18.953125,18.875000,17.640625,17.468750,17.437500,17.218750
16	6	271	1.058840	271,198,12,2630,14,1406,17,30	22.640625,22.265625,21.734375,20.156250,19.921875,19.843750,19.734375,19.531250
16	7	33236	11.149305	785,418,1986,54,5009,91,5097,28	22.265625,21.281250,21.250000,20.265625,20.234375,20.078125,19.734375,19.703125
17	0	414	4.384811	25,1379,279,271,315,257,198,1447	21.250000,20.781250,20.281250,20.062500,19.906250,19.875000,19.531250,19.484375
17	1	549	0.159071	549,760,6260,14512,284,320,671,30372	25.046875,22.109375,21.875000,20.921875,20.078125,19.468750,19.437500,19.406250
17	2	2480	5.003639	220,289,330,1273,5426,3703,26587,320	17.390625,15.953125,15.390625,15.382812,14.976562,14.867188,14.820312,14.742188
17	3	1273	5.405672	271,198,320,15983,56476,1406,10337,1467	21.265625,20.859375,19.625000,19.000000,18.625000,18.125000,18.093750,18.015625
17	4	6718	3.478542	738,271,821,198,10337,320,6718,25993	21.406250,20.937500,20.593750,20.578125,20.312500,20.281250,19.484375,19.296875
17	5	320	1.986080	271,198,320,315,11,448,369,1406	24.093750,23.671875,23.218750,21.515625,21.187500,21.187500,20.859375,20.609375
17	6	541	4.961220	19,2152,16,17,18,20,23,21	24.796875,23.296875,23.140625,23.046875,22.437500,21.468750,21.125000,20.968750
17	7	220	1.600399	6978,220,821,10469,1273,22870,279,3542	24.281250,23.468750,21.718750,21.515625,20.984375,20.937500,20.890625,20.625000
18	0	19	0.072001	19,16,17,20,18,21,23,22	28.984375,25.140625,24.750000,24.437500,24.125000,24.015625,23.484375,23.390625
18	1	18	0.024088	18,11,74,20,17,19,15,42	28.718750,24.062500,22.890625,22.437500,22.109375,22.109375,22.000000,21.812500
18	2	20	0.028757	20,11,21,23,19,22,17,18	28.031250,23.671875,22.859375,21.875000,21.625000,21.421875,21.046875,21.031250
18	3	23	0.007299	23,24,22,21,15,17,18,20	29.500000,23.593750,23.500000,22.296875,21.718750,21.093750,20.828125,20.734375
18	4	6978	0.051107	6978,10469,340,5128,22870,692,821,7424	25.640625,20.546875,20.421875,20.406250,19.812500,19.593750,19.093750,19.062500
18	5	97534	10.838852	340,692,8,304,3623,701,315,11	27.718750,27.203125,26.828125,24.906250,24.640625,24.250000,24.187500,23.843750
18	6	340	0.832977	340,692,3786,8,1119,3623,438,304	28.046875,27.390625,26.750000,26.421875,25.031250,24.812500,24.765625,23.812500
18	7	38	7.695885	1695,3851,5009,10516,4373,7595,1986,69769	20.593750,20.125000,20.109375,20.093750,20.031250,19.906250,19.843750,19.843750
19	0	2828	3.264339	9379,385,9964,1593,2828,30053,1856,1684	14.679688,14.101562,14.070312,13.609375,12.945312,12.695312,12.414062,12.109375
19	1	12	0.616098	12,17,18,25,4903,1614,414,220	21.062500,19.828125,19.171875,17.234375,17.125000,17.000000,16.625000,16.375000
19	2	17	1.126894	18,17,19,16,97857,22,1712,15	22.562500,21.968750,19.578125,19.187500,18.156250,17.687500,17.140625,17.000000
19	3	425	7.450352	414,981,257,4903,12,1614,286,320	21.093750,20.187500,20.109375,18.906250,18.687500,18.609375,18.390625,18.234375
19	4	1740	1.139034	3399,1740,2992,3126,21,20,49823,1898	16.828125,16.515625,14.390625,13.554688,13.093750,12.773438,12.710938,12.664062
19	5	11211	4.198973	25,271,198,320,3950,220,45958,549	20.937500,19.562500,19.281250,18.984375,18.843750,18.718750,18.468750,18.359375
19	6	320	2.794626	25,271,320,1447,198,549,510,1379	24.265625,22.171875,22.171875,21.296875,21.171875,20.875000,20.828125,20.359375
19	7	83	7.107256	16,17,19,2152,18,20,38,86	19.781250,19.171875,19.109375,18.765625,18.718750,18.484375,18.265625,18.125000
20	0	1579	4.739388	28,8,340,76632,1122,20,284,26529	16.984375,16.265625,15.062500,14.593750,14.523438,14.445312,14.171875,13.921875
20	1	5839	1.351885	5839,89,29594,3950,57,85,340,8	17.093750,16.828125,16.750000,15.484375,15.078125,14.484375,14.179688,14.046875
20	2	1648	2.895941	8,12,25,1648,14,3470,340,13328	18.765625,18.718750,17.968750,17.968750,17.765625,17.765625,17.671875,17.671875
20	3	220	0.864925	220,3703,366,3968,284,760,9248,320	21.453125,18.875000,18.546875,18.500000,18.359375,18.218750,18.109375,17.968750
20	4	17	1.229689	17,16,18,19,20,21,22,24	24.781250,24.515625,23.796875,23.484375,23.437500,23.125000,22.968750,22.953125
20	5	23	2.554909	15,17,20,18,16,21,24,23	24.187500,24.109375,23.671875,23.656250,23.593750,23.578125,23.578125,23.500000
20	6	18	2.526585	17,15,24,11,19,21,18,20	24.312500,24.171875,24.062500,24.046875,23.906250,23.906250,23.875000,23.812500
20	7	17	2.114935	17,15,18,20,19,24,21,23	23.203125,22.906250,22.812500,22.796875,22.781250,22.734375,22.671875,22.640625
21	0	23	3.119213	11211,198,17,15,18,19,24,271	22.390625,22.109375,22.000000,21.750000,21.687500,21.625000,21.531250,21.468750
21	1	22	3.942007	11211,198,271,17,18,19,15,24	22.796875,22.593750,21.906250,21.203125,20.984375,20.984375,20.796875,20.796875
21	2	198	1.414755	198,11211,271,17,19,18,24,20	22.187500,21.890625,21.562500,20.359375,20.062500,20.000000,19.843750,19.812500
21	3	1655	8.665665	38,7595,785,43,2833,69769,33,54	21.015625,20.203125,19.656250,19.546875,19.390625,19.375000,19.218750,19.218750
21	4	393	12.180988	1517,1332,31140,3245,1960,279,8631,1944	17.718750,14.828125,14.640625,14.632812,14.242188,14.039062,13.875000,13.851562
21	5	2916	2.912720	28,2916,72299,16,15,1402,12,9197	13.781250,13.390625,13.375000,13.343750,12.671875,12.460938,12.289062,12.250000
21	6	70508	20.030519	25,284,28,220,320,315,366,897	22.578125,21.625000,21.593750,21.125000,20.968750,20.765625,20.000000,19.312500
21	7	15536	5.669386	4098,50,28,25,320,3950,284,18681	20.484375,19.984375,19.734375,19.234375,18.984375,18.625000,17.906250,17.906250
22	0	28	1.004082	28,25,284,320,315,220,3950,11879	23.078125,22.328125,21.453125,21.421875,20.656250,20.000000,19.984375,19.875000
22	1	19	2.356369	16,17,18,19,20,21,23,22	23.437500,23.031250,22.500000,22.265625,22.203125,21.734375,21.171875,20.796875
22	2	15	1.433546	15,25,11,198,271,320,279,576	22.093750,21.468750,20.906250,20.828125,20.296875,20.250000,19.734375,19.718750
22	3	24	1.782324	15,24,25,11,198,271,11211,320	22.140625,21.906250,21.593750,21.093750,20.828125,20.468750,20.437500,20.406250
22	4	21	0.044018	21,20,22,23,25,24,15,17	25.312500,20.765625,20.734375,19.734375,19.515625,19.062500,19.031250,19.015625
22	5	419	5.318489	25,11,198,271,1447,11211,320,510	21.781250,21.109375,21.015625,20.937500,20.718750,20.250000,19.859375,19.687500
22	6	35408	5.254648	374,1273,3950,686,1035,1034,15983,42094	20.671875,20.421875,20.390625,20.046875,20.046875,19.953125,19.875000,19.859375
22	7	220	1.362270	220,264,25,279,1447,458,393,320	23.187500,22.859375,22.484375,21.437500,21.171875,21.062500,20.781250,20.687500
23	0	21	2.768532	17,16,18,22,19,21,20,24	23.187500,22.937500,22.296875,22.062500,22.046875,21.812500,21.781250,21.640625
23	1	24	2.612820	19,13,15,17,18,20,24,23	21.890625,21.750000,21.734375,21.718750,21.656250,21.515625,21.500000,21.296875
23	2	2477	9.029282	13,11211,15,17,24,19,18,23	21.203125,20.828125,20.640625,20.609375,20.390625,20.375000,20.359375,20.265625
23	3	28252	1.306917	28252,39433,3194,36929,12,60341,49817,5504	18.625000,17.875000,17.609375,17.093750,16.812500,16.625000,15.562500,15.289062
23	4	90619	0.013426	90619,75,15958,89722,398,278,3629,49680	25.171875,20.609375,18.546875,18.171875,15.273438,14.929688,14.843750,14.710938
23	5	26757	0.951061	26757,11211,34254,20632,44792,220,44295,10010	21.093750,20.000000,19.375000,18.562500,18.328125,18.281250,18.156250,18.000000
23	6	345	5.815962	315,271,198,448,320,624,11,382	24.625000,24.250000,23.859375,23.421875,23.156250,23.156250,22.687500,22.375000
23	7	19411	14.015339	1655,437,47,4197,8206,785,38,1986	21.953125,21.687500,21.218750,21.000000,20.953125,20.921875,20.765625,20.656250
24	0	2845	0.236681	2845,480,287,11307,2188,370,17548,291	22.890625,21.203125,19.656250,17.328125,16.328125,16.234375,16.203125,15.984375
24	1	47905	2.341927	47905,26345,21274,916,44373,3322,2878,8131	18.765625,18.531250,17.953125,17.703125,17.437500,17.375000,17.359375,17.281250
24	2	279	0.269754	279,220,393,1039,198,894,11879,264	24.000000,21.390625,21.078125,19.625000,19.281250,19.015625,18.890625,18.875000
24	3	220	1.424454	220,11879,7192,1932,12685,393,3601,2169	20.250000,19.875000,19.453125,18.546875,17.812500,17.781250,17.562500,17.312500
24	4	17	1.850580	20,19,16,21,17,18,22,23	23.265625,23.000000,22.968750,22.953125,22.921875,22.250000,20.500000,20.312500
24	5	15	0.979679	15,20,23,19,24,17,22,21	23.578125,23.093750,22.218750,21.156250,21.140625,20.453125,20.437500,20.406250
24	6	11582	5.712954	15,4,11879,74,26757,42,11211,2567	22.265625,21.218750,21.187500,20.734375,20.500000,20.468750,20.171875,19.953125
24	7	3122	0.114485	3122,15296,69205,2873,573,359,1942,31883	19.781250,17.578125,13.929688,12.835938,12.609375,12.437500,12.328125,12.242188
25	0	16287	3.907274	3930,7192,1932,12171,11879,16287,21568,2062	21.609375,20.468750,20.171875,19.578125,19.281250,18.671875,18.578125,18.375000
25	1	315	3.034578	369,271,624,198,382,315,320,13	23.484375,23.046875,22.640625,22.453125,22.203125,21.875000,21.156250,21.015625
25	2	279	0.512396	279,479,393,198,264,330,425,508	18.140625,15.773438,15.242188,14.546875,14.046875,13.671875,13.664062,13.609375
25	3	425	3.999376	1273,1614,479,198,425,3383,4024,393	13.945312,13.820312,13.507812,12.367188,12.312500,12.296875,12.226562,12.203125
25	4	18	9.270573	1740,3399,2992,2828,780,2230,3126,10197	17.453125,17.218750,14.898438,12.976562,12.710938,11.898438,11.890625,11.796875
25	5	4271	10.432293	1614,43,10337,12111,15,12,21,38	16.875000,15.828125,15.703125,15.429688,15.367188,14.992188,14.867188,14.773438
25	6	18126	8.282961	18266,1273,4051,1779,5456,1614,21568,5297	21.468750,20.359375,19.906250,19.734375,19.656250,19.390625,19.359375,19.328125
25	7	382	1.943174	271,624,382,198,13,320,4192,369	22.718750,22.640625,22.296875,22.203125,21.000000,20.593750,20.203125,19.937500
26	0	1986	2.888960	785,418,1986,1703,91,8707,5097,9830	21.656250,20.796875,20.796875,20.234375,19.968750,19.609375,19.453125,19.187500
26	1	1034	3.059210	374,1273,10337,821,1034,42094,1467,15983	19.843750,19.609375,19.531250,19.203125,18.593750,17.921875,17.906250,17.750000
26	2	374	1.255117	5610,374,702,17167,646,572,5646,1558	25.593750,25.312500,23.656250,23.640625,23.406250,23.218750,22.343750,21.890625
26	3	1483	3.670057	264,10602,279,537,949,304,1483,369	20.953125,19.843750,19.796875,19.296875,19.156250,19.109375,19.000000,18.937500
26	4	438	2.026262	369,311,438,304,553,448,41717,1588	27.640625,27.015625,26.531250,26.453125,25.562500,23.703125,23.640625,23.515625
26	5	264	1.417780	279,264,1946,1273,458,4862,949,10519	22.781250,22.656250,22.375000,21.156250,20.406250,20.156250,19.890625,19.703125
26	6	12507	8.828386	1273,10519,4862,5785,7497,2530,1467,25869	18.312500,16.531250,16.093750,15.984375,15.960938,14.945312,14.820312,14.820312
26	7	369	0.242239	369,304,311,323,320,1034,979,553	27.796875,25.453125,25.125000,23.265625,23.156250,23.140625,22.843750,22.765625
27	0	279	1.241138	279,7497,479,7032,37563,264,425,42105	19.390625,19.359375,16.796875,16.796875,16.703125,16.546875,16.484375,16.203125
27	1	47175	13.571903	42105,1273,479,425,330,198,7032,2701	17.296875,15.625000,14.687500,14.671875,14.484375,14.437500,14.406250,14.281250
27	2	44220	6.739779	38,33,51,61437,53,34077,12,37	13.554688,12.781250,12.460938,12.265625,11.507812,11.382812,11.210938,11.187500
27	3	84648	14.257423	372,1273,3135,2022,21312,551,1614,1437	16.640625,14.757812,14.726562,14.398438,14.250000,14.218750,14.164062,13.867188
27	4	6500	5.652321	6093,12,3553,1614,1273,62019,323,48	15.460938,15.203125,14.671875,14.625000,14.328125,14.320312,13.992188,13.867188
27	5	73152	12.113188	1273,7032,323,624,382,369,28431,304	21.593750,21.359375,20.578125,20.203125,20.171875,20.156250,20.156250,20.015625
27	6	487	0.032438	487,3147,1361,1927,2090,88,198,579	24.125000,19.906250,18.812500,18.140625,17.000000,16.656250,16.187500,16.171875
27	7	18126	9.065729	1273,7032,40915,18266,28431,1779,7497,198	23.281250,21.359375,20.718750,20.687500,20.484375,20.390625,20.250000,20.015625
28	0	198	3.361183	1273,624,382,271,304,369,7032,13	22.921875,22.843750,22.656250,22.234375,22.140625,21.984375,21.906250,21.828125
28	1	8623	6.501738	785,1986,9830,437,1944,258,983,266	21.375000,21.015625,20.234375,20.156250,20.156250,19.984375,19.500000,19.375000
28	2	82	3.430618	287,82,291,821,389,1172,1142,1034	21.843750,19.343750,18.953125,18.937500,18.703125,18.625000,18.593750,18.531250
28	3	5523	3.906797	369,9302,14,12697,304,389,525,1598	19.781250,19.500000,19.359375,19.343750,19.187500,18.968750,18.828125,18.718750
28	4	324	0.674265	324,9048,3805,1579,2252,69,9713,5215	15.875000,13.687500,13.312500,12.679688,12.562500,12.445312,12.242188,12.140625
28	5	749	0.219210	749,58670,15439,61898,26512,19756,5970,80	21.765625,20.234375,16.812500,15.554688,15.476562,15.429688,15.367188,15.265625
28	6	97066	10.532391	30448,53346,44220,77602,12,14,446,43408	25.000000,21.187500,19.296875,19.109375,18.718750,17.890625,17.890625,17.687500
28	7	2204	8.930756	11529,4452,32509,7197,14,53346,12697,62094	19.171875,18.140625,17.343750,17.312500,17.125000,16.437500,16.125000,15.906250
29	0	17	1.431217	19642,17,1409,10473,84,375,25510,831	16.828125,16.375000,14.859375,14.437500,13.968750,13.757812,13.687500,13.679688
29	1	68	0.037907	68,83,4452,69,5655,15,2204,7197	22.515625,16.640625,16.140625,15.750000,15.695312,15.328125,15.226562,15.171875
29	2	25638	9.249809	4452,32509,7197,14,12697,43985,5523,35628	18.109375,16.843750,16.781250,16.515625,16.062500,15.718750,15.468750,15.382812
29	3	4292	3.390743	8,340,692,568,3593,701,4292,323	23.281250,23.156250,22.921875,22.890625,22.859375,21.890625,21.703125,21.640625
29	4	8610	9.293280	785,1986,418,91,1703,8707,32,90691	23.484375,21.921875,21.562500,21.250000,20.828125,20.750000,20.656250,20.500000
29	5	31805	9.054604	1008,4344,6042,2599,1467,1034,2477,1273	19.500000,17.625000,17.625000,17.546875,17.515625,17.421875,17.375000,17.343750
29	6	990	2.408531	975,315,990,4278,476,5711,10431,374	23.328125,22.265625,21.765625,21.390625,21.343750,20.062500,19.828125,19.406250
29	7	1969	2.886915	7460,315,374,1969,476,1265,320,1035	25.781250,25.406250,24.937500,24.218750,24.156250,24.140625,24.046875,23.421875
30	0	14060	3.688492	387,38296,1795,1083,2924,614,14060,25017	24.328125,21.968750,21.500000,21.359375,21.281250,21.265625,21.203125,20.937500
30	1	419	2.323523	279,419,62024,1493,678,518,6920,198	23.500000,21.562500,21.406250,20.296875,20.234375,19.312500,19.156250,19.015625
30	2	13534	10.699993	62024,11160,5723,6920,1034,1995,4247,58318	18.546875,17.859375,17.625000,17.375000,17.328125,17.078125,17.031250,16.093750
30	3	7710	0.572842	7710,5723,7671,1876,58318,12,62024,29973	19.984375,19.015625,18.593750,16.031250,15.820312,15.179688,15.171875,15.125000
30	4	92214	0.038677	92214,5723,16589,6222,220,12,7778,58318	24.125000,19.218750,19.203125,19.000000,18.718750,18.593750,17.687500,17.593750
30	5	220	0.957933	220,5723,62024,320,27406,58318,12,198	22.671875,22.625000,21.062500,19.531250,18.984375,18.968750,18.734375,18.718750
30	6	18	0.003950	18,19,17,5723,220,15,1876,16	27.765625,21.687500,20.156250,19.875000,18.765625,17.953125,17.906250,17.828125
30	7	13	0.009626	13,382,25,624,5723,15,18831,271	28.578125,21.843750,21.828125,21.640625,21.343750,21.187500,20.515625,19.859375
31	0	15	0.079325	15,17,26587,16,20,19,18,21	24.390625,20.421875,20.125000,19.921875,19.812500,19.578125,19.468750,18.750000
31	1	62024	1.840994	5723,62024,320,58318,6920,27406,1876,29973	20.406250,19.140625,18.421875,17.234375,17.062500,16.968750,16.515625,16.140625
31	2	382	1.212805	624,382,323,13,271,198,4192,320	23.750000,23.562500,22.093750,21.734375,20.953125,20.921875,20.359375,19.921875
31	3	284	6.594429	785,418,1986,1703,621,28,91,8707	21.781250,21.765625,21.187500,20.109375,19.593750,19.546875,19.546875,19.437500
31	4	8397	15.613085	284,42105,576,1022,621,785,1406,48437	21.281250,20.593750,19.843750,19.812500,19.437500,19.156250,19.093750,18.718750
31	5	425	3.062584	64,425,40948,468,594,355,619,356	11.085938,10.375000,10.007812,9.585938,9.054688,9.046875,8.960938,8.945312
31	6	10965	5.381886	13,15965,382,624,271,535,11007,865	11.007812,9.125000,8.687500,8.429688,8.242188,8.140625,7.878906,7.644531
31	7	465	2.884665	777,465,4003,1664,10009,273,2152,567	15.164062,12.570312,11.984375,11.710938,10.742188,10.625000,10.500000,10.164062
32	0	284	1.509443	284,594,79483,366,271,4035,320,11	19.531250,18.593750,18.531250,18.062500,17.750000,17.750000,17.718750,17.406250
32	1	715	6.439484	284,760,27,1022,621,1406,576,9248	20.562500,19.734375,19.218750,18.890625,18.625000,18.359375,18.171875,18.171875
32	2	8397	6.615690	284,1986,785,34532,32,28,621,760	19.281250,17.609375,17.562500,17.546875,17.062500,17.046875,17.000000,16.843750
32	3	425	0.136147	425,374,702,572,594,330,33,1785	18.609375,15.046875,13.921875,13.562500,13.445312,13.046875,12.906250,12.789062
32	4	10965	0.001911	10965,13,30158,616,1624,2950,18503,3026	21.593750,13.671875,13.351562,12.750000,11.898438,11.859375,11.820312,11.656250
32	5	465	0.016176	465,665,777,696,1982,271,1174,3667	23.375000,18.421875,17.734375,17.109375,16.718750,14.812500,14.812500,14.460938
32	6	374	2.351891	284,374,271,572,198,715,366,320	21.078125,19.828125,19.250000,19.078125,18.609375,18.468750,18.359375,18.234375
32	7	458	2.267509	264,458,279,3881,5023,825,21388,504	21.312500,19.437500,19.140625,17.359375,17.359375,16.968750,16.578125,15.820312
33	0	6364	2.995264	15235,9489,6364,21388,13369,17847,3150,10049	13.468750,12.882812,12.703125,12.625000,12.484375,12.335938,12.289062,12.257812
33	1	4531	6.467495	6916,3150,20976,80647,198,1515,39260,12089	14.648438,14.421875,13.296875,13.148438,13.039062,12.757812,12.679688,12.523438
33	2	1154	10.212042	7538,323,9741,12089,16851,42968,24232,83601	17.484375,17.468750,16.312500,15.742188,15.539062,15.296875,14.820312,14.687500
33	3	12425	0.584949	12425,5883,4013,4627,323,2311,33496,8887	18.765625,16.968750,15.578125,15.359375,15.335938,14.898438,14.867188,14.828125
33	4	323	0.182085	323,1154,11,198,6916,4013,271,609	23.500000,21.437500,19.578125,19.265625,18.609375,17.421875,17.187500,16.968750
33	5	33496	2.064529	6430,8887,33496,2766,198,4627,65233,19724	16.453125,15.875000,15.492188,14.882812,14.234375,13.851562,13.632812,13.476562
33	6	12089	1.001053	12089,7538,198,9741,6916,23654,10049,271	17.718750,17.484375,15.718750,15.304688,15.195312,14.914062,14.367188,14.250000
33	7	659	2.211294	13,624,659,16448,1154,879,11,323	21.187500,21.093750,20.828125,20.812500,20.750000,20.453125,20.328125,19.796875
34	0	1260	1.990471	284,1260,5301,1084,576,715,4710,9248	21.484375,21.156250,20.218750,20.171875,20.062500,19.531250,19.406250,19.015625
34	1	1030	5.943207	572,374,702,11088,6009,9723,6342,58235	19.062500,18.343750,18.265625,17.140625,17.078125,16.953125,16.828125,16.640625
34	2	264	1.218922	264,1012,198,458,1378,279,12783,9723	18.265625,16.921875,16.562500,16.515625,16.109375,15.812500,15.617188,15.585938
34	3	8640	5.648650	3476,1293,2613,6931,9814,8922,198,2805	13.562500,13.156250,12.640625,12.265625,12.187500,12.125000,12.039062,11.906250
34	4	569	11.695757	3476,11094,6774,715,39400,198,5477,7702	17.140625,16.968750,15.781250,15.203125,15.109375,15.007812,14.875000,14.476562
34	5	12	5.612759	198,19191,42105,1022,26587,5778,48437,271	13.445312,13.437500,12.976562,12.664062,12.593750,12.484375,12.398438,12.171875
34	6	31	4.289145	11870,5778,3445,569,88225,3528,12326,31	15.726562,15.492188,13.585938,13.531250,13.304688,13.210938,13.140625,13.125000
34	7	39400	5.166004	3476,6774,11094,3668,14029,8640,6109,5316	16.562500,15.984375,14.289062,13.429688,13.390625,13.257812,13.179688,13.132812
35	0	3476	0.159740	3476,304,569,11094,198,715,949,12783	19.718750,16.593750,16.140625,14.453125,14.335938,14.132812,14.039062,14.007812
35	1	389	3.221773	304,438,389,569,320,198,448,369	24.500000,21.578125,21.406250,19.421875,18.562500,18.375000,18.140625,18.062500
35	2	279	0.782515	279,569,330,364,5883,7679,576,18096	15.531250,13.593750,13.414062,12.601562,12.085938,12.062500,11.953125,11.898438
35	3	12425	3.054283	18096,7855,5883,12425,569,220,4531,5411	11.500000,11.359375,11.210938,10.546875,10.257812,10.250000,10.250000,10.015625
35	4	4013	0.698177	4013,1473,19584,80366,26785,6146,569,22358	18.093750,16.453125,16.171875,15.546875,15.367188,14.851562,14.687500,14.578125
35	5	576	3.756058	330,364,569,366,576,198,9902,671	15.218750,13.984375,13.539062,13.015625,12.531250,12.187500,12.125000,11.765625
35	6	8596	5.644717	6164,7684,8513,366,1599,19378,51045,220	7.800781,7.484375,7.421875,7.339844,7.246094,6.902344,6.843750,6.835938
35	7	304	1.332760	304,323,320,1154,16448,659,438,504	20.765625,20.203125,20.031250,19.703125,19.062500,18.625000,18.531250,18.265625
36	0	220	0.703062	220,279,569,198,892,16448,760,7148	21.812500,21.421875,19.328125,17.796875,17.453125,17.140625,16.968750,16.781250
36	1	17	1.796499	16,17,30743,576,569,1369,220,279	24.796875,23.187500,17.250000,17.171875,17.140625,17.015625,16.406250,16.171875
36	2	15	0.178082	15,24,18,23,16,22,220,21	20.546875,18.640625,15.234375,14.992188,14.765625,14.734375,14.687500,14.390625
36	3	15	0.458998	15,16,17,569,198,18,271,220	23.953125,23.218750,21.578125,17.187500,16.625000,15.984375,15.875000,15.828125
36	4	15	1.990417	17,15,18,16,20,19,21,22	22.203125,22.031250,21.875000,21.781250,21.734375,21.562500,21.562500,21.406250
36	5	659	2.157778	323,659,624,13,1154,16448,11,12	22.515625,21.625000,21.453125,21.187500,21.156250,21.000000,20.781250,20.187500
36	6	1096	4.349848	284,1260,576,1084,5301,4710,151645,4035	21.109375,20.843750,20.750000,20.406250,19.812500,19.156250,18.968750,18.812500
36	7	572	1.523115	572,1034,3476,374,1273,284,198,4531	19.250000,19.000000,18.640625,18.390625,17.281250,16.828125,16.593750,16.156250
37	0	8110	2.319727	806,279,8110,264,8397,825,304,458	18.781250,18.328125,18.093750,17.921875,17.234375,16.593750,16.562500,16.265625
37	1	553	0.396593	553,291,569,304,705,198,271,448	22.765625,21.578125,19.578125,18.890625,18.703125,18.093750,17.203125,17.156250
37	2	264	1.138906	264,8640,279,806,2441,458,26255,569	16.828125,15.703125,15.093750,14.968750,14.921875,14.765625,14.695312,14.453125
37	3	39400	4.751276	8640,3476,569,2990,2805,4013,1293,220	15.351562,13.789062,13.046875,12.195312,12.125000,11.921875,11.640625,11.515625
37	4	3476	0.076855	3476,569,198,304,15404,271,6931,220	20.453125,17.000000,14.929688,14.679688,14.109375,13.742188,13.507812,13.484375
37	5	304	0.270750	304,389,438,569,448,369,198,320	24.078125,22.609375,20.734375,19.234375,18.437500,18.187500,17.968750,17.421875
37	6	279	0.339794	279,330,576,569,264,198,364,220	16.671875,12.820312,12.593750,12.570312,12.406250,12.125000,12.093750,12.054688
37	7	1486	6.359911	4531,12425,220,18096,5883,2805,7855,80366	13.000000,12.398438,11.890625,11.546875,11.375000,10.726562,10.585938,10.476562
38	0	6252	8.357595	330,576,364,569,366,9902,671,3355	14.578125,13.601562,13.031250,12.984375,12.718750,11.843750,11.617188,11.562500
38	1	2382	7.965141	66244,1154,3988,67,21745,25697,18209,94354	8.585938,7.691406,7.578125,7.273438,7.015625,6.933594,6.925781,6.921875
38	2	5326	11.834509	6660,323,569,34183,304,389,2566,518	11.398438,10.671875,10.234375,10.140625,10.109375,9.898438,9.859375,9.812500
38	3	553	0.159210	553,304,323,369,569,198,518,389	24.593750,22.093750,20.796875,20.781250,19.656250,19.250000,19.187500,18.406250
38	4	21315	4.416799	569,8397,25282,12375,7801,279,6798,7937	9.968750,9.601562,9.132812,8.984375,8.921875,8.796875,8.710938,8.703125
38	5	75923	8.855471	472,198,393,425,431,1163,33207,479	9.101562,8.625000,8.531250,8.320312,8.195312,7.738281,7.734375,7.679688
38	6	1154	3.348724	304,659,323,16448,1154,624,320,518	21.828125,21.296875,20.343750,19.937500,19.406250,18.765625,18.703125,18.609375
38	7	892	1.611479	892,304,323,15540,1380,369,448,279	19.296875,19.000000,18.671875,18.078125,17.625000,17.312500,17.109375,17.078125
39	0	572	0.922037	572,10613,2765,8930,84070,566,569,6342	20.062500,18.234375,18.187500,18.187500,17.937500,17.921875,17.031250,16.750000
39	1	10660	2.182465	10660,15540,50057,41408,1156,8947,264,2937	16.859375,16.718750,16.578125,16.171875,15.859375,15.679688,15.492188,15.460938
39	2	304	0.939642	304,518,389,569,553,448,291,3887	21.296875,20.625000,20.296875,19.250000,18.812500,18.015625,17.921875,17.593750
39	3	220	1.340992	220,279,7148,569,2176,6058,576,3217	16.828125,16.687500,16.015625,14.414062,14.382812,13.828125,13.812500,13.687500
39	4	17	0.044586	17,16,284,576,569,19,18,20	22.765625,18.812500,18.000000,16.375000,16.000000,15.890625,15.460938,15.320312
39	5	15	0.000566	15,24,16,23,17,20,18,21	30.234375,21.125000,21.046875,20.609375,20.531250,20.468750,19.921875,19.750000
39	6	15	0.266941	15,16,17,198,569,271,576,18	24.171875,22.796875,21.062500,16.843750,16.734375,16.453125,16.015625,15.187500
39	7	16	1.596319	17,16,18,19,20,21,15,22	22.515625,22.234375,21.984375,21.343750,21.234375,20.968750,20.828125,20.546875
40	0	518	3.352499	659,16448,323,624,13,518,12,304	23.140625,21.546875,21.156250,21.156250,20.718750,20.500000,19.984375,19.734375
40	1	279	0.221546	279,576,569,7148,198,794,366,30681	17.453125,14.171875,13.656250,13.070312,12.195312,12.171875,12.140625,11.859375
40	2	16194	2.262436	16194,5055,1674,7054,7148,15953,479,569	11.312500,10.648438,10.406250,10.109375,10.039062,9.914062,9.875000,9.781250
40	3	7154	1.961338	5055,7154,41382,26221,198,79110,18705,15953	14.210938,13.859375,13.468750,13.000000,12.492188,11.718750,11.687500,11.648438
40	4	26221	0.132162	26221,33496,304,37471,624,7148,198,576	21.265625,17.828125,17.421875,16.750000,16.500000,16.187500,16.140625,15.914062
40	5	659	2.412317	304,624,659,13,16448,1154,11,382	22.015625,20.562500,20.328125,19.921875,19.562500,19.406250,19.062500,19.031250
40	6	1260	2.979488	284,576,1260,5301,1084,8397,1096,4710	20.828125,20.781250,19.937500,19.796875,19.734375,19.703125,19.515625,19.265625
40	7	1030	2.116932	1221,702,1030,1083,572,2937,374,8570	19.203125,19.171875,18.828125,18.609375,18.203125,18.015625,17.531250,17.328125
41	0	264	0.960772	264,2441,8640,1083,458,1378,4623,569	21.734375,21.515625,20.046875,19.828125,18.718750,18.656250,18.343750,18.031250
41	1	8640	0.201700	8640,39400,12613,3476,4623,45250,2990,2805	17.062500,13.632812,13.101562,12.968750,12.914062,12.585938,12.187500,12.140625
41	2	3476	2.184076	569,3476,39400,5477,6774,11094,8640,12	18.765625,17.359375,17.203125,16.234375,16.093750,15.914062,15.250000,15.101562
41	3	304	0.561459	304,389,438,569,448,5619,320,369	24.421875,23.906250,21.656250,21.031250,19.390625,18.781250,18.656250,18.546875
41	4	279	0.339321	279,2441,569,264,576,220,330,671	16.765625,13.648438,13.585938,13.242188,12.773438,11.984375,11.890625,11.859375
41	5	12425	1.928347	4531,12425,5883,220,18096,80366,5700,7855	13.085938,12.468750,11.929688,11.531250,10.945312,10.539062,10.351562,10.187500
41	6	4013	0.434082	4013,19584,1473,4531,6146,18136,80366,9234	19.046875,16.656250,16.593750,16.375000,15.507812,15.015625,14.781250,14.773438
41	7	20207	7.753263	576,330,569,6326,18635,364,47083,1096	11.406250,10.804688,10.703125,10.609375,10.070312,9.960938,9.710938,9.695312
42	0	3757	4.405623	594,198,54058,422,569,393,609,31	11.062500,10.953125,10.718750,10.507812,10.367188,10.156250,10.054688,9.664062
42	1	1581	2.107382	1581,49628,19403,3155,271,64653,78234,794	11.421875,10.781250,10.023438,10.007812,9.773438,9.281250,9.273438,9.179688
42	2	291	0.582983	291,485,4671,15160,1021,410,288,2145	13.359375,11.617188,11.132812,10.703125,10.585938,9.656250,9.445312,9.406250
42	3	304	0.233778	304,320,1154,323,659,389,504,16448	23.609375,20.671875,20.250000,20.109375,19.687500,19.109375,18.953125,18.703125
42	4	220	0.199976	220,279,198,8397,284,569,576,271	22.500000,19.359375,18.312500,18.281250,18.078125,17.531250,17.375000,17.312500
42	5	17	0.035643	17,16,576,569,1369,220,284,30743	25.296875,21.906250,16.703125,16.671875,16.640625,16.093750,15.929688,15.820312
42	6	15	0.000160	15,198,271,17,284,16,28,18	28.640625,16.781250,16.765625,16.562500,16.281250,16.265625,16.156250,16.140625
42	7	15	0.226038	15,16,17,198,271,576,569,9338	24.281250,22.812500,20.359375,16.046875,15.851562,15.445312,15.109375,14.664062
43	0	17	1.213600	17,18,16,19,20,21,22,15	23.125000,22.531250,22.312500,21.953125,21.843750,21.640625,21.203125,21.187500
43	1	659	1.376530	323,659,1154,16448,624,13,11,198	22.546875,22.375000,21.468750,21.218750,20.390625,20.312500,19.500000,19.125000
43	2	758	4.146275	284,576,1260,5301,1096,1084,8397,79483	21.000000,20.718750,20.718750,20.093750,19.906250,19.765625,19.625000,19.156250
43	3	220	0.658131	220,5256,279,806,1973,198,419,2097	21.281250,20.078125,19.531250,17.890625,17.828125,17.671875,17.265625,17.234375
43	4	17	0.021370	17,16,284,576,200,1369,30743,19	23.562500,19.375000,15.726562,15.687500,15.539062,15.468750,14.804688,14.382812
43	5	15	0.000185	15,16,17,271,24,198,20,23	29.734375,19.531250,19.062500,18.843750,18.703125,18.187500,17.750000,17.531250
43	6	15	0.215441	15,16,17,18,198,271,9338,2146	24.671875,22.906250,21.953125,16.609375,16.593750,16.546875,15.437500,15.375000
43	7	19	2.028044	18,19,20,17,21,22,23,24	23.250000,21.875000,21.500000,21.125000,21.046875,20.687500,20.578125,20.562500
44	0	425	4.076279	566,1154,11,279,8397,425,323,12	19.781250,18.859375,17.640625,17.437500,16.765625,16.406250,15.898438,15.648438
44	1	10965	0.001057	10965,30158,616,2950,271,198,1624,581	21.453125,12.210938,11.859375,11.632812,11.609375,11.593750,11.476562,11.023438
44	2	465	0.013628	465,665,696,1982,2146,9338,54604,777	23.156250,17.312500,17.156250,16.265625,16.000000,15.906250,15.851562,15.437500
44	3	26120	8.537901	572,1030,9723,6342,3949,2765,6009,10859	19.218750,17.578125,17.171875,17.046875,16.937500,16.906250,16.859375,16.859375
44	4	264	1.434097	264,279,806,2441,569,458,198,9338	17.937500,17.671875,16.562500,16.515625,16.468750,15.976562,15.843750,15.773438
44	5	3476	1.595360	3476,8640,39400,2990,3598,6388,569,949	13.203125,12.625000,12.484375,12.335938,11.492188,11.429688,11.195312,10.710938
44	6	438	1.784563	304,438,389,448,369,5619,569,198	22.640625,21.125000,19.296875,17.750000,17.703125,17.546875,16.359375,16.218750
44	7	330	5.361882	279,264,569,825,671,7801,4392,3757	10.281250,8.984375,8.539062,7.816406,7.734375,7.679688,7.566406,7.437500
45	0	28417	10.773675	576,785,279,33,4392,3757,330,1782	8.742188,8.382812,7.730469,7.527344,7.335938,6.964844,6.894531,6.878906
45	1	330	1.521017	330,1,279,6228,304,13612,11,425	10.867188,10.125000,9.953125,8.390625,8.218750,7.746094,7.714844,7.703125
45	2	304	0.047852	304,389,279,1154,369,320,323,576	21.765625,17.859375,16.171875,15.968750,15.218750,15.101562,14.710938,14.406250
45	3	279	0.185471	279,330,264,576,364,198,569,458	16.953125,13.671875,13.125000,11.945312,11.429688,11.242188,10.945312,10.835938
45	4	9234	7.445151	12425,4531,5883,7855,18096,5411,220,26785	11.515625,11.445312,11.328125,10.500000,10.429688,9.632812,9.421875,9.171875
45	5	330	0.583912	330,315,220,671,364,576,6228,24849	19.359375,18.328125,16.984375,16.687500,16.406250,14.640625,14.156250,14.156250
45	6	70066	12.039875	576,330,362,785,220,1096,2009,358	11.500000,9.335938,9.257812,9.148438,8.648438,8.546875,8.546875,8.523438
45	7	364	1.909153	594,364,35968,330,23985,1,323,304	12.515625,12.281250,11.562500,11.296875,11.242188,11.109375,10.937500,10.804688
46	0	82	0.064817	82,50,274,364,284,330,15,785	19.812500,15.351562,14.742188,13.687500,13.664062,13.312500,13.085938,13.023438
46	1	15106	4.484447	6059,10771,6164,54348,350,1163,1,330	8.632812,8.593750,8.414062,8.414062,8.187500,8.085938,8.062500,8.062500
46	2	330	0.244562	330,1,3670,6228,364,5933,497,80410	22.515625,20.500000,19.312500,18.609375,17.234375,17.234375,17.171875,17.015625
46	3	315	0.529646	315,304,389,504,320,1154,369,323	23.421875,22.734375,20.390625,19.593750,19.171875,18.218750,18.187500,17.796875
46	4	279	0.202850	279,330,576,18635,18096,198,364,16390	15.851562,12.585938,11.390625,11.328125,10.648438,10.078125,10.054688,9.929688
46	5	12425	2.029522	5883,12425,7855,18096,5411,2841,4531,1293	11.828125,11.695312,11.562500,11.093750,11.046875,10.500000,9.882812,9.679688
46	6	4013	0.486269	4013,1473,19584,6146,26785,22358,80366,32878	18.187500,16.640625,15.679688,15.007812,14.929688,14.718750,14.257812,14.007812
46	7	576	3.339597	330,18635,6326,576,47083,364,6164,60626	12.531250,11.125000,10.953125,10.632812,9.859375,9.554688,9.437500,9.437500
47	0	5724	5.078533	6164,8596,81277,7684,9295,1599,27252,8953	8.187500,7.871094,7.562500,7.363281,7.281250,7.257812,7.082031,6.968750
47	1	37625	11.923265	477,7684,9536,4050,15106,12149,12258,12554	12.789062,12.585938,11.757812,10.328125,10.218750,10.117188,9.953125,9.726562
47	2	2587	4.455393	659,1154,304,16448,13,624,320,11	20.140625,19.625000,19.500000,19.265625,19.234375,19.234375,18.578125,18.000000
47	3	566	1.861078	419,566,279,304,264,892,432,323	18.343750,18.046875,17.468750,16.671875,16.593750,16.406250,16.234375,16.062500
47	4	58235	4.363127	6342,572,1030,1083,1221,9723,2937,5927	17.359375,17.343750,17.109375,16.984375,16.156250,15.625000,15.484375,15.328125
47	5	16263	6.309280	304,438,1151,3476,271,198,448,1122	18.593750,17.875000,17.000000,16.906250,15.500000,15.375000,14.945312,14.765625
47	6	19571	5.997330	569,330,279,12357,7801,304,7937,6798	8.750000,7.867188,7.777344,7.765625,7.671875,7.460938,7.089844,6.898438
47	7	4389	5.535613	1741,2670,1075,569,7801,8397,304,330	12.437500,11.015625,10.453125,9.992188,9.960938,9.921875,9.781250,9.750000
48	0	26099	5.346703	198,5468,271,9582,13612,328,425,431	9.156250,8.414062,8.164062,8.054688,7.921875,7.714844,7.628906,7.480469
48	1	323	0.206972	323,1154,438,304,320,11,609,569	20.890625,17.875000,17.546875,16.781250,16.781250,16.765625,16.750000,16.000000
48	2	42323	7.223205	7801,6798,198,11867,8397,7937,6898,3757	8.273438,7.640625,7.515625,7.421875,7.355469,7.339844,7.222656,7.156250
48	3	15035	3.626880	25164,362,198,15035,271,3757,1581,51532	10.546875,9.132812,8.992188,8.632812,8.156250,8.117188,7.929688,7.832031
48	4	18337	0.015797	18337,23300,5482,1716,15422,392,674,5481	18.140625,12.671875,12.320312,11.703125,10.843750,10.320312,10.218750,10.203125
48	5	659	0.858589	659,304,16448,624,1154,323,2587,438	22.468750,21.453125,21.281250,19.718750,19.609375,19.578125,19.546875,19.515625
48	6	1260	3.306063	284,576,1096,758,1084,1260,4710,2014	20.078125,19.578125,19.015625,18.984375,18.734375,18.640625,18.640625,18.343750
48	7	572	2.865322	1030,58235,1083,572,702,1221,6342,2937	18.375000,17.765625,17.421875,16.796875,16.546875,16.359375,15.843750,15.375000
49	0	6311	3.778711	1083,304,264,279,1221,6311,9223,2937	14.320312,13.187500,13.007812,12.992188,12.570312,12.140625,11.921875,11.851562
49	1	304	0.958128	438,304,369,16263,1549,389,311,448	21.828125,21.593750,18.921875,18.718750,17.718750,17.562500,17.437500,17.312500
49	2	279	0.267967	279,264,330,419,2441,1378,576,220	18.250000,15.078125,14.578125,14.578125,14.476562,13.812500,13.781250,13.640625
49	3	220	2.797054	12425,2990,3476,4531,220,5883,2265,18096	12.984375,12.843750,12.671875,12.250000,11.953125,11.406250,10.953125,10.742188
49	4	17	0.287514	17,16,19,18,20,24,22,21	19.546875,18.140625,15.585938,15.039062,14.921875,14.593750,14.382812,14.195312
49	5	15	0.016623	15,271,303,198,576,24,18,16	24.328125,17.812500,17.625000,17.484375,17.015625,16.531250,16.312500,16.281250
49	6	15	0.305565	15,16,17,339,198,271,576,14	22.765625,21.546875,19.765625,16.203125,15.117188,15.054688,14.960938,14.718750
49	7	20	1.227425	20,21,22,19,23,24,18,17	21.093750,20.703125,20.421875,20.187500,20.046875,19.906250,18.375000,17.828125
50	0	33496	9.429520	4531,5883,18096,12425,9234,12,7855,14	13.507812,11.203125,11.007812,10.960938,10.867188,10.734375,10.359375,10.203125
50	1	53148	5.017962	5670,1486,2319,33085,198,1473,271,56005	16.875000,16.265625,13.875000,13.867188,13.367188,13.351562,13.179688,13.171875
50	2	315	0.621765	315,330,576,198,364,323,671,369	16.265625,14.976562,13.570312,12.218750,12.210938,12.015625,11.773438,11.570312
50	3	279	1.949686	330,279,576,366,364,69245,198,41382	12.867188,12.515625,11.585938,11.039062,10.273438,10.117188,9.984375,9.898438
50	4	25179	8.780135	1486,17795,11088,4531,36676,6430,11514,41382	9.546875,9.296875,9.226562,9.218750,7.921875,7.824219,7.792969,7.734375
50	5	92301	7.257404	198,271,1163,444,36412,730,425,323	9.656250,9.601562,8.937500,8.890625,8.835938,8.781250,8.710938,8.609375
50	6	1486	4.357086	11514,2311,594,4531,3364,364,2805,1486	16.218750,14.640625,13.187500,13.171875,13.039062,12.960938,12.890625,12.578125
50	7	43562	11.119122	330,576,364,11,1154,366,198,362	15.750000,13.625000,12.960938,12.546875,12.343750,11.414062,11.187500,10.976562
51	0	49840	8.721488	304,323,2587,29643,1154,11,659,198	13.640625,12.664062,12.265625,12.117188,11.960938,11.671875,11.437500,11.265625
51	1	1154	2.714565	2587,323,659,1154,304,11,6762,320	15.976562,15.765625,14.976562,14.804688,14.398438,13.750000,13.570312,13.367188
51	2	892	1.954401	323,892,448,304,16380,15540,16263,714	17.359375,17.359375,17.015625,16.562500,16.265625,15.968750,15.820312,15.773438
51	3	572	0.487873	572,58235,566,8930,10660,84070,10613,3867	20.265625,18.265625,17.656250,17.203125,16.984375,16.484375,16.406250,16.203125
51	4	10660	0.490316	10660,15540,50057,5326,8947,1156,1083,264	18.609375,16.015625,15.843750,15.210938,15.109375,14.687500,14.570312,14.351562
51	5	518	1.855743	304,518,389,291,448,553,220,576	21.562500,20.093750,18.078125,17.375000,17.234375,17.015625,16.765625,16.593750
51	6	279	0.120770	279,576,7148,30681,794,52935,198,2176	17.937500,13.906250,13.656250,12.367188,12.054688,11.906250,11.898438,11.671875
51	7	45406	11.664554	16194,15953,5055,7148,1674,7054,479,10621	11.882812,11.054688,10.867188,10.625000,10.375000,10.296875,10.187500,9.875000
52	0	26221	1.543050	26221,304,1174,323,17322,12388,22780,33496	12.507812,11.421875,10.640625,10.359375,9.968750,9.859375,9.757812,9.750000
52	1	304	0.754364	304,659,1154,323,2587,16448,624,13	20.453125,19.328125,18.421875,18.406250,18.265625,18.000000,17.015625,16.531250
52	2	70998	7.016195	7148,279,220,35837,19361,198,425,43939	16.515625,13.867188,13.796875,13.343750,13.234375,12.796875,12.750000,12.492188
52	3	323	2.407791	659,1154,16448,323,624,13,2587,11	19.390625,18.515625,18.421875,18.281250,18.093750,17.875000,17.703125,17.578125
52	4	279	1.906002	279,572,518,70998,566,304,2937,7148	14.460938,13.898438,13.773438,13.468750,13.367188,13.210938,13.062500,12.484375
52	5	11012	9.235197	16194,7054,5055,7148,23641,220,43939,70998	10.648438,9.812500,9.500000,9.320312,9.070312,9.054688,9.039062,8.796875
52	6	1268	2.827881	258,89,1268,304,594,2210,1409,78	8.804688,8.593750,8.273438,8.179688,8.117188,8.039062,7.730469,7.656250
52	7	38420	2.034064	26221,38420,609,323,910,30262,13282,19295	12.257812,12.007812,10.851562,10.812500,10.539062,10.421875,10.117188,9.929688
53	0	16937	0.232609	16937,26221,4678,8633,8261,14028,47303,10420	17.109375,15.054688,12.773438,12.648438,12.156250,12.132812,11.609375,11.390625
53	1	304	0.355219	304,26221,624,659,1154,7148,33496,11	19.890625,17.640625,16.359375,16.093750,16.046875,16.031250,16.031250,15.773438
53	2	7148	0.126682	7148,279,19361,198,24688,35837,43939,220	18.328125,13.992188,13.976562,13.531250,13.421875,12.898438,12.671875,12.570312
53	3	659	0.851320	659,16448,2587,1154,323,624,13,15576	22.468750,21.531250,20.437500,20.421875,20.000000,20.000000,19.656250,19.546875
53	4	1260	2.910234	284,576,1260,4710,758,1084,1096,2014	20.890625,20.343750,19.765625,19.593750,19.562500,19.437500,19.171875,19.140625
53	5	572	1.732300	58235,572,1030,1083,702,6342,1221,9723	18.062500,17.734375,17.578125,16.687500,16.171875,15.929688,15.679688,15.109375
53	6	15540	6.663134	6311,1083,304,1221,264,279,2937,2661	16.468750,15.484375,13.140625,13.109375,12.976562,12.875000,12.015625,11.953125
53	7	553	0.161491	553,304,323,311,438,369,198,518	21.859375,18.796875,18.625000,17.375000,17.062500,16.859375,16.406250,16.375000
54	0	3757	3.851824	8397,7801,279,7937,3757,11867,11044,6798	9.476562,9.007812,8.914062,8.867188,8.750000,8.515625,8.507812,8.492188
54	1	67473	9.021302	479,198,1967,4483,472,12066,425,1644	9.039062,8.382812,8.375000,8.328125,8.320312,8.187500,8.039062,7.929688
54	2	323	0.761950	323,659,2587,304,624,13,16448,1154	20.875000,19.343750,19.078125,18.718750,18.328125,18.031250,17.968750,17.937500
54	3	58235	2.883979	58235,8947,15540,1062,566,572,279,3757	9.468750,9.320312,9.210938,8.984375,8.960938,8.593750,8.578125,8.523438
54	4	16263	0.255379	16263,304,448,3156,438,8397,1549,14002	19.609375,17.640625,15.976562,15.421875,15.406250,14.375000,14.359375,14.289062
54	5	7355	5.944404	19571,8397,198,7801,23654,12089,279,11867	9.023438,8.453125,7.441406,7.371094,7.296875,7.277344,7.273438,7.031250
54	6	1232	3.180887	24019,1232,5468,356,198,11261,17035,271	8.312500,7.957031,7.421875,7.402344,7.386719,7.300781,7.101562,7.093750
54	7	812	0.616480	812,1442,2377,41927,410,1608,5853,37100	13.367188,12.523438,11.015625,10.390625,10.281250,9.195312,8.929688,8.906250
55	0	672	0.005957	672,2863,471,363,517,11855,42110,365	21.859375,15.648438,15.203125,14.710938,13.117188,13.046875,12.984375,12.617188
55	1	1154	2.567123	323,1154,11,659,304,16448,2587,624	21.453125,19.500000,19.250000,19.140625,18.656250,18.343750,18.093750,17.921875
55	2	49975	9.203951	8397,7801,8364,7937,323,3757,7355,6798	9.156250,8.062500,7.753906,7.742188,7.574219,7.226562,7.187500,7.109375
55	3	1863	7.620049	198,271,9338,13612,4483,323,425,20042	9.039062,7.851562,6.964844,6.937500,6.824219,6.792969,6.742188,6.667969
55	4	12707	6.437076	8199,402,301,3065,1118,21188,404,276	7.929688,7.375000,6.855469,6.855469,6.777344,6.425781,6.378906,6.250000
55	5	1154	2.061632	323,1154,11,198,2587,425,271,609	18.687500,17.093750,16.296875,14.609375,14.210938,14.203125,14.117188,14.062500
55	6	13928	6.143346	323,8397,7801,7937,3757,6798,609,437	11.656250,9.921875,8.562500,8.562500,8.320312,8.117188,8.070312,7.910156
55	7	17734	8.649383	29327,350,198,472,37370,479,1417,425	8.726562,8.523438,8.406250,8.304688,8.179688,7.644531,7.523438,7.472656
56	0	1154	2.536003	323,263,1154,11,271,2587,659,198	13.375000,12.171875,11.890625,11.781250,10.507812,10.234375,10.210938,10.117188
56	1	55130	8.594877	323,8397,13928,7801,7937,3757,6798,13374	10.804688,9.382812,8.726562,8.679688,8.257812,7.992188,7.902344,7.621094
56	2	23905	9.241241	7401,472,198,4483,794,393,386,468	8.062500,7.433594,7.312500,7.171875,7.042969,6.886719,6.683594,6.339844
56	3	416	1.470838	777,416,388,261,2718,1174,74,2892	12.531250,12.390625,11.843750,11.492188,10.523438,10.281250,10.242188,9.585938
56	4	1154	1.932270	323,1154,8397,11,271,2587,198,34532	18.828125,17.437500,15.171875,15.109375,14.859375,14.835938,14.734375,14.648438
56	5	59310	7.111932	323,8397,7801,7937,13928,6798,15037,8515	10.492188,8.953125,8.593750,8.007812,7.851562,7.816406,7.617188,7.605469
56	6	80664	10.923899	198,33031,25164,425,472,431,271,350	8.335938,7.949219,7.718750,7.539062,7.320312,7.312500,7.078125,6.730469
56	7	323	0.573435	323,1154,2587,198,271,11,659,425	18.390625,17.421875,15.031250,14.687500,14.390625,14.296875,14.132812,14.109375
57	0	67034	8.298162	3800,7801,8397,7937,198,6798,15037,11867	8.140625,7.906250,7.558594,7.277344,7.078125,7.046875,6.929688,6.898438
57	1	10926	7.506230	198,6569,4312,422,271,350,506,28206	6.980469,6.742188,6.707031,6.703125,6.664062,6.503906,6.367188,6.324219
57	2	659	1.618347	659,16448,624,13,382,2587,261,304	16.515625,16.187500,16.078125,15.593750,15.148438,14.875000,14.671875,14.265625
57	3	715	5.008055	284,576,1084,1096,1260,4710,758,2014	19.937500,19.656250,18.515625,18.421875,18.250000,18.187500,18.125000,18.125000
57	4	758	7.576420	785,34532,284,28,1986,621,3851,32	20.703125,20.656250,19.703125,19.218750,18.406250,18.296875,18.250000,18.015625
57	5	220	0.311333	220,279,5256,1973,5813,419,806,2441	21.937500,19.828125,18.609375,17.828125,17.531250,17.484375,17.125000,17.078125
57	6	17	0.011599	17,16,15,576,200,758,220,1369	23.625000,18.953125,14.984375,14.929688,14.296875,14.257812,14.054688,13.960938
57	7	15	6.134434	16905,4531,5696,6931,6032,47245,37323,3355	18.312500,17.578125,17.531250,17.093750,16.968750,16.531250,16.156250,15.398438
58	0	15	0.091232	15,16,17,271,198,576,18,4146	24.453125,21.984375,19.734375,15.507812,15.210938,14.789062,14.351562,13.953125
58	1	21	0.883661	21,22,23,20,24,19,18,17	22.296875,21.593750,21.015625,20.937500,20.625000,20.281250,18.531250,18.484375
58	2	1154	2.940830	566,425,11,1154,279,8397,12,323	18.812500,18.656250,17.062500,16.781250,16.187500,14.914062,14.687500,14.562500
58	3	425	0.475302	425,566,8397,279,1283,979,304,330	18.703125,17.625000,16.062500,15.257812,14.296875,14.031250,13.445312,13.328125
58	4	10965	0.000216	10965,30158,616,2950,1624,25112,5482,3026	23.281250,13.750000,12.562500,12.429688,12.242188,10.835938,10.585938,10.492188
58	5	465	0.010693	465,665,696,54604,1982,2338,777,5045	26.921875,22.171875,19.906250,18.625000,18.031250,17.421875,17.343750,16.968750
58	6	58235	3.014147	572,26120,58235,1030,15540,9723,6342,10859	17.984375,17.390625,16.437500,16.171875,15.953125,15.914062,15.898438,15.828125
58	7	16263	2.461748	304,438,16263,448,1549,389,14002,569	21.453125,20.218750,19.390625,17.031250,16.750000,16.656250,15.875000,15.656250
59	0	1232	8.915114	7355,569,7801,304,21315,49975,13928,6798	8.843750,7.996094,7.476562,7.101562,6.746094,6.742188,6.714844,6.707031
59	1	812	0.009136	812,3187,38376,380,20527,2811,64823,76100	17.484375,11.164062,10.968750,10.179688,9.734375,9.585938,9.000000,8.992188
59	2	672	0.021130	672,309,198,363,271,323,277,1360	20.437500,14.101562,13.781250,13.734375,13.609375,13.234375,13.164062,13.023438
59	3	304	1.039188	323,304,1154,438,1549,369,389,2587	22.484375,22.187500,21.031250,19.046875,18.453125,17.765625,17.625000,17.093750
59	4	279	0.181143	279,330,264,2441,576,1378,2176,458	17.000000,13.835938,13.460938,12.476562,12.218750,12.171875,11.390625,11.218750
59	5	1486	3.480930	4531,12425,220,1486,5883,5670,18096,36676	12.867188,12.210938,11.054688,10.585938,10.507812,10.414062,9.960938,9.648438
59	6	93736	11.025473	330,576,364,43562,569,366,758,671	14.906250,12.710938,11.679688,11.078125,10.335938,10.273438,10.085938,10.007812
59	7	5326	9.899300	1154,2587,304,659,315,323,320,553	18.562500,17.687500,17.546875,17.468750,17.234375,17.078125,15.500000,15.164062
60	0	553	0.144077	553,369,304,518,323,389,569,198	24.625000,21.468750,21.375000,21.140625,19.906250,19.484375,18.890625,18.281250
60	1	4389	5.441205	21315,7801,6798,3757,23269,7937,8397,12375	10.515625,9.406250,9.125000,9.101562,8.859375,8.703125,8.578125,8.476562
60	2	45107	8.463120	198,26099,13612,425,479,350,11753,431	8.179688,7.777344,7.187500,7.167969,6.929688,6.867188,6.855469,6.847656
60	3	27507	0.140045	27507,12429,10812,72,20508,13,271,11	14.789062,10.914062,10.234375,9.828125,9.726562,9.671875,9.640625,9.437500
60	4	659	1.066784	659,2587,1154,323,304,518,16448,369	23.734375,23.078125,23.015625,22.796875,21.890625,21.265625,20.796875,19.718750
60	5	1260	1.552414	1260,1096,576,758,1084,8397,284,425	19.359375,18.921875,18.906250,18.593750,17.484375,17.375000,17.265625,17.203125
60	6	9723	5.321453	572,58235,1030,1083,26120,1221,15540,6342	19.093750,17.484375,16.906250,16.656250,16.390625,15.945312,15.632812,15.601562
60	7	389	3.384783	304,438,389,1549,518,448,569,1083	21.250000,19.953125,18.296875,17.656250,17.234375,17.062500,17.000000,15.960938
61	0	264	4.099560	279,569,5883,12425,6430,576,4171,264	17.312500,14.242188,14.226562,14.156250,13.929688,13.867188,13.718750,13.710938
61	1	220	4.584582	8640,12425,2805,4531,5883,1372,569,9234	13.523438,11.820312,11.515625,10.804688,10.664062,10.484375,10.164062,9.953125
61	2	17	0.302208	17,16,18,19,24,20,21,22	19.921875,18.234375,16.406250,16.015625,15.437500,15.406250,15.398438,15.117188
61	3	15	0.029139	15,576,19,18,24,303,16,23	23.812500,17.812500,17.125000,16.875000,16.859375,16.843750,16.703125,16.640625
61	4	15	0.239044	15,16,17,339,14,569,576,12	22.390625,20.968750,17.593750,15.562500,15.210938,15.164062,15.031250,14.906250
61	5	21	1.762951	22,23,21,24,20,19,17,18	21.687500,20.687500,20.625000,20.140625,18.156250,17.421875,17.281250,17.203125
61	6	9234	1.315949	9234,12425,4531,5883,18096,24954,13688,8887	13.617188,12.570312,12.562500,11.765625,11.578125,10.859375,10.703125,10.406250
61	7	315	0.018860	315,304,576,671,320,389,569,198	23.593750,17.921875,16.843750,16.703125,16.593750,16.390625,16.234375,16.156250
62	0	279	0.327546	279,576,330,18635,18096,5883,93355,13434	15.343750,11.617188,11.562500,11.187500,10.593750,10.429688,10.320312,10.140625
62	1	12425	0.543777	12425,5883,18096,7855,4531,26785,80366,5411	13.828125,11.609375,11.609375,11.054688,10.656250,9.687500,9.531250,9.500000
62	2	4013	0.357363	4013,1473,19584,18136,2025,6146,32878,576	18.750000,17.140625,15.320312,15.226562,14.531250,14.500000,14.023438,13.851562
62	3	1154	5.903103	576,330,18635,6326,20207,364,1096,393	11.898438,11.539062,10.406250,10.117188,10.085938,9.835938,9.781250,9.523438
62	4	53843	9.985806	330,576,279,323,1096,714,364,758	12.125000,11.968750,10.429688,10.312500,10.117188,10.109375,10.054688,10.046875
62	5	1154	1.213537	1154,659,2587,323,304,16448,438,320	17.765625,17.343750,16.812500,16.781250,16.078125,14.929688,14.820312,14.750000
62	6	8110	5.971697	323,304,892,438,15540,448,1380,39400	18.734375,18.625000,17.578125,17.515625,17.375000,17.062500,17.046875,16.781250
62	7	553	0.107906	553,304,705,279,15148,264,19620,2937	23.281250,19.859375,18.484375,18.312500,17.937500,17.703125,17.671875,17.609375
63	0	264	0.821075	264,2441,279,39400,8640,458,806,25377	17.484375,15.976562,15.929688,15.835938,15.296875,14.898438,14.625000,14.515625
63	1	3476	2.911880	8640,39400,3476,58235,220,6774,569,4623	16.671875,15.390625,14.187500,13.070312,12.796875,11.804688,11.523438,11.382812
63	2	304	0.236069	304,438,389,5619,369,448,569,315	22.671875,21.093750,18.687500,17.109375,17.046875,16.625000,16.218750,16.203125
63	3	279	0.242805	279,330,264,576,220,2441,43562,364	17.375000,13.968750,13.679688,13.500000,12.812500,12.648438,12.210938,11.750000
63	4	220	1.494779	220,12425,4531,1486,9234,5883,2805,18096	13.351562,13.242188,12.546875,12.093750,11.671875,11.070312,10.554688,10.515625
63	5	17	0.044127	17,16,19,18,20,24,22,21	20.812500,17.343750,14.632812,13.945312,13.726562,13.453125,13.414062,13.101562
63	6	15	0.009514	15,24,16,18,303,23,20,22	21.765625,15.546875,14.851562,14.250000,13.804688,13.632812,13.585938,13.343750
63	7	15	0.078756	15,16,17,271,576,198,339,14	23.203125,20.640625,16.640625,14.601562,14.546875,14.539062,14.289062,13.601562
64	0	22	0.558531	22,21,23,24,20,19,17,18	21.265625,20.093750,19.921875,19.187500,17.500000,16.234375,15.750000,15.546875
64	1	33496	4.403253	4531,1486,12425,9234,5670,5883,33496,12	14.156250,13.710938,13.687500,13.414062,13.062500,12.218750,11.382812,11.257812
64	2	5670	0.307432	5670,1486,53148,576,5068,2390,2497,1473	18.671875,16.843750,15.468750,14.078125,13.804688,13.593750,13.406250,13.289062
64	3	315	0.305481	315,330,576,43562,1154,11,364,304	17.687500,14.804688,14.703125,13.937500,13.742188,13.328125,12.593750,12.539062
64	4	2585	7.203549	279,576,330,41382,43562,362,69245,364	13.664062,11.906250,11.539062,9.546875,9.546875,9.437500,8.968750,8.890625
64	5	311	0.727365	311,2014,279,75,8999,3155,2718,358	12.679688,11.359375,10.070312,9.992188,9.375000,9.367188,9.210938,8.984375
64	6	70627	11.767345	2823,387,7405,2126,10255,26835,26125,3155	12.460938,12.156250,11.835938,11.757812,11.640625,11.421875,11.109375,10.656250
64	7	15540	12.478775	4615,264,34172,279,304,4325,323,2587	15.875000,15.703125,15.320312,15.007812,14.078125,12.945312,12.710938,12.632812
65	0	553	0.045532	553,323,304,518,3216,271,715,4710	22.015625,17.265625,16.890625,16.078125,15.867188,15.750000,15.328125,15.156250
65	1	27878	8.066012	3757,7937,6798,11044,11867,7801,25282,18528	10.523438,8.992188,8.968750,8.703125,8.632812,8.554688,8.398438,8.343750
65	2	645	1.604364	645,72,19310,88,6535,7888,8503,12710	9.531250,8.210938,8.156250,7.675781,7.621094,7.316406,7.085938,6.914062
65	3	431	2.238507	431,425,479,3217,5724,6250,472,393	8.625000,7.453125,7.300781,6.851562,6.792969,6.531250,6.417969,6.332031
65	4	84434	0.290162	84434,3262,8346,13,6207,3923,941,8229	13.554688,10.210938,9.914062,9.781250,9.648438,9.257812,9.234375,9.054688
65	5	659	0.816116	659,323,2587,304,13,1154,16448,271	20.750000,19.687500,18.859375,18.703125,18.593750,18.359375,18.078125,17.187500
65	6	2585	6.970448	758,1260,576,425,8397,4710,5301,715	19.328125,19.281250,18.125000,17.921875,17.765625,17.656250,17.406250,17.375000
65	7	311	0.535793	311,1657,1521,653,1558,1293,646,2014	19.890625,18.453125,16.859375,16.671875,16.562500,16.296875,16.187500,15.953125
66	0	70627	0.156189	70627,356,45975,40000,12886,198,271,69719	17.296875,13.484375,13.093750,12.976562,12.632812,12.476562,11.968750,11.726562
66	1	572	0.382601	572,58235,15540,320,374,1154,9759,84070	21.453125,19.343750,17.781250,17.640625,17.625000,16.875000,16.500000,16.500000
66	2	10660	0.717117	10660,15540,5326,264,279,50057,8947,41408	18.484375,17.500000,15.914062,15.726562,15.281250,15.171875,15.109375,15.085938
66	3	518	0.737537	518,304,389,553,448,2337,369,220	21.796875,21.578125,18.781250,18.390625,17.703125,17.265625,17.093750,17.000000
66	4	14079	11.977421	279,576,70998,7148,2176,794,198,5257	17.468750,12.937500,12.476562,12.031250,11.789062,11.445312,11.164062,11.140625
66	5	26221	0.573114	26221,88,33496,576,17322,198,1532,323	13.132812,11.062500,10.242188,9.390625,9.289062,9.109375,8.921875,8.898438
66	6	304	0.295727	304,323,1154,11,659,7148,13,2587	21.187500,19.328125,17.875000,17.296875,17.078125,17.078125,16.093750,15.929688
66	7	279	3.904552	7148,279,220,198,715,425,576,758	18.421875,14.656250,14.265625,13.101562,12.750000,12.640625,12.609375,12.390625
67	0	7148	1.640622	7148,4312,6326,4311,220,1852,6424,3639	13.539062,12.750000,12.007812,11.562500,11.468750,11.398438,11.351562,11.304688
67	1	84203	1.495365	84203,323,659,65741,304,13,198,758	14.828125,13.898438,13.304688,13.273438,13.195312,12.906250,12.578125,12.382812
67	2	315	0.111128	315,4940,198,576,323,271,758,304	19.453125,15.343750,14.328125,14.109375,14.000000,13.718750,13.656250,13.625000
67	3	472	2.307549	82468,472,34982,4882,34248,85838,715,31302	13.921875,12.718750,12.671875,12.484375,12.039062,11.789062,11.320312,10.960938
67	4	42057	0.740793	3249,42057,1624,5131,529,10114,2998,1112	15.687500,15.656250,12.117188,10.203125,9.875000,9.281250,9.179688,8.984375
67	5	43674	0.023260	43674,5604,198,271,32680,383,13,323	17.937500,11.937500,11.070312,10.609375,10.367188,10.187500,10.132812,10.117188
67	6	323	0.598871	323,609,304,659,1154,13,11,16448	19.453125,18.984375,16.093750,15.929688,15.554688,14.781250,14.546875,14.195312
67	7	47450	0.474263	47450,95733,279,4312,58546,659,518,434	13.062500,10.437500,9.578125,9.515625,9.148438,9.054688,9.007812,8.953125
68	0	5604	0.469823	5604,13,198,220,271,62340,267,2660	12.867188,9.570312,9.515625,9.281250,9.046875,8.554688,8.359375,8.226562
68	1	659	1.360830	659,323,304,1154,16448,13,2587,11	20.921875,20.796875,20.109375,19.937500,19.296875,19.078125,19.078125,18.500000
68	2	425	2.761906	758,8397,576,1260,425,1084,1096,2014	18.171875,18.000000,17.906250,17.718750,17.546875,17.343750,17.328125,16.437500
68	3	10965	0.001007	10965,198,1624,271,2950,616,581,5482	21.203125,11.968750,11.945312,11.718750,11.664062,11.031250,10.742188,10.500000
68	4	465	0.017282	465,665,696,1982,54604,198,271,9338	23.078125,18.203125,17.078125,16.296875,16.062500,15.343750,15.265625,14.648438
68	5	58235	2.201273	572,58235,9723,26120,1083,594,1221,1030	19.062500,17.984375,17.562500,17.296875,17.031250,16.921875,16.687500,16.343750
68	6	304	1.395731	16263,304,438,1549,448,3156,14002,7484	20.312500,19.562500,18.875000,17.265625,16.796875,15.617188,15.265625,14.609375
68	7	1378	5.205305	279,220,264,330,576,2441,419,2176	19.703125,16.296875,16.265625,16.171875,16.109375,15.679688,15.351562,15.226562
69	0	12351	4.290989	17770,12425,12783,315,4623,11088,220,803	16.640625,14.531250,14.273438,14.257812,14.171875,14.125000,14.078125,13.984375
69	1	304	0.377861	304,11,1154,5880,448,25,2337,2587	20.968750,18.171875,17.687500,17.437500,17.296875,17.046875,16.984375,16.984375
69	2	220	0.184801	220,279,419,429,198,715,271,806	22.453125,20.296875,17.531250,17.046875,16.859375,16.578125,16.171875,16.140625
69	3	17	0.003721	17,16,30743,576,220,15,284,758	24.000000,18.046875,14.703125,14.468750,13.875000,13.789062,13.429688,13.156250
69	4	15	0.006462	15,17,271,24,16,198,576,102436	25.500000,19.406250,18.281250,17.968750,17.453125,17.343750,16.765625,16.593750
69	5	15	0.046234	15,16,17,198,271,576,220,715	23.578125,20.390625,17.984375,15.710938,15.320312,14.773438,13.539062,13.414062
69	6	23	0.796976	23,22,24,21,19,20,17,18	22.015625,21.640625,20.750000,20.078125,18.531250,18.500000,17.609375,17.421875
69	7	1154	1.288330	1154,2587,659,25,323,549,11,481	21.671875,21.156250,20.468750,20.406250,20.281250,20.046875,19.843750,19.640625
70	0	6059	10.289462	279,330,304,576,2176,1156,566,448	13.757812,13.539062,12.500000,12.054688,12.023438,11.945312,11.898438,11.578125
70	1	4145	2.194442	323,315,4145,8960,304,56191,220,1678	14.421875,13.859375,13.664062,13.320312,12.609375,12.492188,12.460938,12.093750
70	2	4892	9.594124	323,1154,304,320,448,2587,15540,287	18.062500,15.750000,15.640625,15.257812,13.898438,13.757812,13.406250,13.343750
70	3	30204	0.420262	30204,652,1902,68,198,220,7132,323	14.437500,13.031250,12.218750,11.390625,9.632812,9.359375,9.328125,8.695312
70	4	553	5.459969	323,15540,320,304,1154,448,5326,39400	22.828125,21.531250,19.937500,19.125000,18.968750,18.765625,18.281250,18.265625
70	5	56237	6.589765	7937,6798,7801,279,3757,8397,11867,23269	8.859375,8.710938,8.437500,8.054688,8.031250,7.992188,7.976562,7.925781
70	6	12095	11.101511	6798,7937,323,7801,11867,3757,8397,6898	8.984375,8.562500,8.359375,8.140625,8.031250,7.917969,7.710938,7.578125
70	7	1967	2.693262	1967,198,472,16439,28768,12066,271,479	7.199219,7.121094,6.617188,6.523438,6.347656,6.105469,5.777344,5.308594
71	0	544	6.958849	51,34902,1037,4570,37,1323,434,198	7.546875,7.234375,7.054688,6.613281,6.457031,6.332031,6.300781,6.257812
71	1	72	2.729490	3341,62944,88,2780,72,27665,482,41860	14.109375,12.539062,12.296875,12.257812,12.218750,11.812500,10.695312,10.570312
71	2	1154	2.610090	323,3452,1154,304,659,11,2587,16448	16.812500,15.539062,14.906250,14.320312,13.843750,13.507812,13.070312,12.656250
71	3	323	0.563936	323,15540,304,892,8110,39400,264,448	20.046875,18.406250,17.953125,17.437500,17.187500,16.906250,16.203125,16.187500
71	4	4320	6.697636	279,576,330,264,304,566,362,2441	11.820312,11.414062,10.398438,9.789062,9.578125,9.101562,8.976562,8.968750
71	5	792	3.055191	944,1405,792,3406,364,17744,269,28504	11.609375,9.484375,9.039062,8.718750,7.660156,7.636719,7.148438,7.046875
71	6	53175	6.907597	18211,304,594,1154,6686,730,10720,364	13.617188,12.046875,11.328125,11.070312,11.054688,10.804688,10.617188,10.554688
71	7	15540	1.425341	553,15540,261,1154,320,448,304,287	20.468750,19.718750,17.312500,17.234375,17.171875,17.125000,16.953125,16.640625
72	0	553	0.116650	553,291,323,304,569,198,3216,15540	21.687500,19.234375,17.171875,14.921875,14.882812,14.781250,14.710938,14.617188
72	1	11959	8.570894	7801,7937,6798,3757,11867,23269,6898,9354	7.878906,7.878906,7.851562,7.414062,7.398438,7.312500,7.292969,7.273438
72	2	398	1.233227	398,6743,2577,402,273,1704,9924,329	10.679688,10.351562,10.250000,9.078125,8.406250,7.531250,7.507812,6.878906
72	3	88353	12.726382	6050,13612,386,17035,38660,29953,28206,43510	9.054688,9.007812,8.992188,8.921875,8.812500,8.750000,8.742188,8.656250
72	4	659	0.438013	659,16448,2587,323,1154,13,304,6762	20.937500,18.781250,18.578125,18.484375,17.875000,17.609375,17.203125,16.656250
72	5	758	1.509832	1260,758,425,576,5301,6059,715,11733	18.796875,18.734375,18.031250,17.578125,16.953125,16.781250,16.750000,16.687500
72	6	3217	4.983866	220,279,5256,5813,3217,6058,198,6652	21.640625,19.406250,18.093750,17.125000,16.906250,16.828125,16.765625,16.703125
72	7	220	0.070473	220,315,1154,323,11,279,198,425	21.625000,18.312500,16.218750,15.992188,15.929688,15.601562,15.593750,15.218750
73	0	17	0.005674	17,16,220,569,576,284,30743,425	23.375000,16.625000,15.257812,14.968750,14.851562,14.695312,14.359375,14.234375
73	1	15	0.003695	15,16,24,18,151643,198,78,220	22.984375,15.921875,15.625000,14.476562,14.250000,13.796875,13.648438,13.609375
73	2	15	0.184368	15,16,17,198,271,9338,715,576	23.515625,21.890625,18.000000,15.726562,14.445312,13.960938,13.171875,12.968750
73	3	23	1.252342	24,23,22,21,19,20,18,17	23.140625,22.265625,19.218750,18.531250,17.343750,17.328125,16.312500,16.015625
73	4	1154	1.620358	566,425,1154,279,11,264,807,198	19.109375,18.468750,18.296875,16.500000,15.710938,14.484375,14.085938,14.054688
73	5	425	0.545116	425,566,279,8397,1283,264,304,1340	18.093750,17.593750,14.328125,12.640625,12.585938,12.554688,12.375000,12.148438
73	6	10965	0.000574	10965,30158,616,2950,1624,198,271,5482	22.390625,12.773438,12.632812,12.492188,12.414062,12.109375,11.554688,11.234375
73	7	465	0.017162	465,665,696,54604,1982,198,9338,777	25.953125,21.421875,20.031250,18.843750,18.046875,17.687500,17.437500,17.156250
74	0	1865	4.861952	572,58235,26120,9723,323,15540,3949,2765	17.875000,17.828125,17.281250,17.250000,15.898438,15.718750,15.468750,15.210938
74	1	264	1.053274	264,806,279,458,2441,569,1378,198	17.812500,17.312500,16.640625,15.929688,15.390625,14.289062,14.148438,13.828125
74	2	8640	0.207979	8640,94056,2805,9814,825,3281,12425,569	15.351562,12.515625,10.820312,10.664062,10.109375,10.109375,9.976562,9.929688
74	3	11094	0.478916	11094,3476,569,6774,26255,39400,5068,5477	18.000000,16.343750,15.804688,14.656250,14.023438,13.578125,13.367188,13.070312
74	4	389	1.153728	304,389,438,518,448,369,569,16263	21.953125,21.437500,20.234375,18.578125,18.015625,17.546875,17.265625,16.812500
74	5	264	4.051645	279,576,264,18635,5883,18096,2441,328	15.656250,11.968750,11.859375,10.914062,10.757812,10.695312,10.570312,10.062500
74	6	1378	5.295181	9234,220,18096,12425,4531,5883,3281,24954	11.820312,11.812500,11.046875,10.500000,9.453125,9.453125,9.078125,9.054688
74	7	569	5.490002	21231,28037,9234,12,6460,29509,949,11228	18.906250,18.343750,17.687500,17.640625,17.359375,16.812500,16.734375,16.109375
75	0	12	0.099379	12,569,481,271,198,220,715,6913	22.218750,18.359375,18.312500,16.625000,16.468750,15.843750,15.820312,15.750000
75	1	31	0.046192	31,569,19191,2,38662,39291,40160,12326	23.921875,20.406250,18.156250,16.734375,16.546875,16.109375,15.882812,15.617188
75	2	949	0.628868	949,6460,1160,9234,5496,2003,305,9383	18.000000,16.953125,15.460938,15.296875,14.406250,14.273438,14.125000,14.023438
75	3	9234	1.016682	9234,569,12425,5883,4013,6146,18096,19584	17.015625,15.640625,15.390625,14.703125,14.687500,14.507812,14.476562,14.367188
75	4	15580	10.355587	315,304,389,569,320,9234,576,198	22.890625,17.562500,17.406250,16.796875,16.734375,16.671875,16.109375,15.835938
75	5	315	0.495249	315,304,389,9234,569,369,448,438	19.781250,18.406250,18.187500,16.015625,15.062500,15.039062,14.875000,14.750000
75	6	279	0.308254	279,18635,576,264,330,60626,6326,220	15.070312,12.398438,11.375000,10.390625,10.242188,10.093750,9.812500,9.796875
75	7	12425	0.555945	12425,7855,18096,5883,5411,26785,220,4531	13.914062,11.398438,11.179688,11.046875,10.789062,10.523438,10.140625,10.023438
76	0	4013	0.241198	4013,1473,19584,6146,18136,2025,32878,80366	18.937500,16.421875,15.640625,15.320312,14.500000,14.125000,14.093750,13.781250
76	1	467	7.168756	1154,18635,576,11,6326,47083,330,220	11.476562,11.453125,11.273438,10.343750,10.117188,9.921875,9.210938,9.171875
76	2	1765	4.883663	2963,18504,3444,1020,1886,2050,940,198	9.117188,7.914062,7.894531,7.820312,7.484375,7.152344,7.101562,6.835938
76	3	279	0.632607	279,9414,576,3138,15021,29092,198,4710	14.125000,12.500000,11.500000,11.250000,10.601562,10.171875,9.867188,9.828125
76	4	15021	0.393210	15021,39201,34507,16145,35745,33182,434,32305	12.757812,10.539062,9.203125,8.710938,8.578125,8.515625,8.421875,8.078125
76	5	1154	1.404377	659,1154,2587,304,16448,323,389,448	21.937500,21.656250,20.562500,20.343750,20.171875,19.390625,19.281250,19.046875
76	6	8110	3.672850	304,892,1380,323,15540,5619,448,566	17.953125,17.921875,16.968750,16.875000,16.593750,16.500000,16.375000,16.359375
76	7	553	0.033667	553,304,293,279,569,715,198,15148	25.218750,20.093750,18.921875,18.843750,18.796875,18.750000,18.656250,18.515625
77	0	458	3.925865	264,2441,8640,39400,279,458,806,26255	19.093750,16.750000,16.500000,16.015625,15.976562,15.539062,14.921875,14.890625
77	1	11094	0.582934	11094,9234,569,304,8640,220,15580,5107	15.367188,13.703125,13.304688,11.226562,11.187500,11.156250,11.015625,10.984375
77	2	389	1.323597	304,389,438,518,569,448,553,16263	23.703125,22.812500,21.203125,19.500000,18.281250,17.812500,17.375000,17.328125
77	3	279	0.567787	279,264,2441,458,1378,18635,576,220	16.234375,14.789062,13.742188,12.734375,12.734375,12.687500,12.617188,11.960938
77	4	12425	2.509099	220,12425,1852,1378,9234,2086,4531,1590	14.296875,12.664062,11.992188,11.921875,11.625000,11.468750,11.296875,10.976562
77	5	4013	0.408167	4013,1473,9234,19584,18136,4531,569,198	18.796875,16.515625,16.296875,15.007812,14.609375,14.421875,14.320312,14.273438
77	6	28778	8.903803	1154,576,18635,11,220,20207,6326,315	11.742188,11.078125,10.250000,10.000000,9.078125,9.046875,8.976562,8.914062
77	7	85393	1.197721	2249,85393,533,344,18233,2221,9924,198	13.835938,13.515625,13.125000,10.632812,9.882812,9.742188,9.320312,9.281250
78	0	304	0.775555	304,659,1154,16448,323,320,389,220	20.515625,19.578125,18.640625,17.984375,17.718750,17.562500,17.203125,17.078125
78	1	6702	3.533638	220,279,6652,6156,5534,6058,6122,5768	20.312500,18.796875,18.671875,18.640625,18.421875,18.421875,18.250000,18.218750
78	2	220	0.185175	220,315,659,323,1154,16448,429,569	23.218750,20.125000,19.859375,19.578125,18.765625,18.500000,18.250000,18.187500
78	3	17	0.002073	17,16,569,15,220,576,323,30743	25.140625,17.671875,16.921875,16.265625,15.914062,15.015625,14.671875,14.632812
78	4	15	0.000387	15,198,271,4710,220,24,715,576	27.812500,18.250000,18.125000,17.031250,16.781250,16.625000,16.281250,16.062500
78	5	15	0.039211	15,16,17,198,271,569,220,9338	24.234375,20.968750,16.500000,16.062500,15.234375,14.796875,14.054688,14.046875
78	6	23	0.147306	23,24,22,21,17,15,18,20	23.781250,21.781250,19.453125,17.796875,17.000000,16.687500,16.593750,16.593750
78	7	659	0.450844	659,16448,1154,323,13,2587,624,6762	24.796875,23.093750,22.515625,22.406250,21.546875,21.250000,20.812500,20.546875
79	0	1260	1.673510	758,1260,715,425,4710,576,5301,1096	19.921875,19.718750,18.843750,18.750000,18.578125,18.437500,17.843750,17.296875
79	1	1030	3.319700	58235,572,9723,1030,1865,1083,6774,702	18.968750,18.296875,17.234375,16.515625,16.125000,15.890625,15.296875,15.218750
79	2	264	0.311388	264,8640,2441,458,1378,902,58235,806	21.640625,19.328125,19.171875,17.812500,17.500000,17.250000,17.187500,16.734375
79	3	45250	5.243454	8640,3476,39400,2990,12613,6388,58235,45250	16.171875,14.773438,14.250000,12.382812,11.773438,11.710938,11.632812,11.429688
79	4	3476	0.172567	3476,8640,569,715,323,304,198,3668	17.890625,14.351562,14.132812,13.398438,13.390625,13.085938,12.859375,12.500000
79	5	304	0.083693	304,389,438,369,504,448,16263,320	24.171875,20.765625,20.453125,18.453125,18.000000,17.578125,17.531250,17.515625
79	6	5779	10.546494	279,220,264,1378,576,2176,4710,458	17.390625,13.742188,13.710938,13.304688,12.445312,12.140625,12.054688,11.867188
79	7	17770	0.271223	17770,15584,569,23921,315,9234,12351,1635	18.312500,15.859375,14.710938,14.414062,14.304688,13.804688,13.468750,13.429688
