# model	models/mlx/Qwen2.5-7B-Instruct-4bit
# corpus	tests/fixtures/wikitext2_excerpt.txt	tokens	299190
# chunks	2	chunk_tokens	256	topk	8	prefill	0
# columns	chunk	pos	target	nll	top_ids	top_logits
# start_token	0
# contiguous	false
0	0	42105	13.974169	220,16,17,15,18,20,19,481	12.054688,11.976562,10.953125,10.632812,10.218750,10.070312,9.710938,9.335938
0	1	275	2.510074	579,275,2977,81080,285,292,27391,2404	13.273438,12.851562,12.828125,12.789062,12.367188,12.140625,11.921875,11.710938
0	2	427	0.402033	427,2032,6178,1073,17966,765,644,327	17.312500,15.476562,14.539062,13.554688,13.171875,13.132812,13.125000,13.023438
0	3	12	6.852074	311,369,284,32117,323,19482,21102,6729	14.093750,12.718750,12.492188,12.445312,12.343750,12.312500,12.078125,11.960938
0	4	17	0.186529	17,6570,10609,18,8963,2323,5835,16583	17.578125,13.765625,13.460938,12.664062,12.562500,12.015625,11.929688,11.898438
0	5	3393	6.754154	311,15,10337,25,29228,284,3561,198	12.789062,12.695312,12.046875,11.789062,11.765625,11.687500,11.593750,11.515625
0	6	75734	3.888901	2573,39183,2885,284,17378,46024,29228,20977	14.453125,14.382812,14.273438,14.109375,13.703125,13.492188,13.210938,13.054688
0	7	79483	5.011448	284,4035,320,369,621,2049,79483,29228	16.562500,12.656250,12.429688,12.296875,12.195312,11.929688,11.773438,11.632812
0	8	3608	7.417089	785,1986,418,54,2,15505,12,91	14.976562,14.546875,13.601562,13.296875,11.718750,11.539062,11.335938,11.328125
0	9	257	12.806303	25,2038,510,1447,315,198,5548,369	13.398438,10.898438,10.343750,10.164062,10.062500,9.648438,9.460938,9.304688
0	10	549	0.755013	549,760,284,3703,1758,481,1669,11434	13.445312,12.453125,12.445312,10.367188,9.765625,9.664062,9.468750,9.398438
0	11	3703	1.015998	3703,508,366,4318,1758,1565,220,576	12.812500,11.734375,11.421875,11.250000,10.773438,10.554688,10.531250,10.171875
0	12	1110	0.000038	1110,322,25,23817,14375,60896,81776,486	24.640625,12.328125,12.234375,12.109375,11.914062,11.593750,11.171875,11.062500
0	13	71	4.578190	5204,2136,16172,4837,1041,2143,82,55386	18.328125,17.625000,16.187500,15.835938,15.789062,15.601562,15.195312,14.976562
0	14	35268	0.001287	35268,17,4730,349,4832,365,2596,1690	22.703125,14.460938,13.390625,13.015625,12.796875,12.492188,12.476562,12.179688
0	15	1564	0.000778	1564,29088,18596,3579,7605,16281,27091,30985	30.437500,22.890625,21.640625,20.484375,20.140625,18.437500,18.078125,17.734375
0	16	6830	0.022865	6830,11021,905,514,40383,4245,5279,93996	21.968750,17.562500,16.203125,15.609375,15.460938,14.640625,13.601562,13.601562
0	17	3446	0.004568	3446,14953,11356,14,81337,5523,2687,2899	24.265625,17.484375,17.015625,16.500000,16.390625,15.335938,15.296875,15.296875
0	18	76649	0.001196	76649,8369,267,3092,4917,4212,11793,76	26.234375,19.406250,15.695312,15.101562,14.992188,14.828125,14.781250,13.859375
0	19	11374	12.531010	6324,25502,14,22175,11356,2899,10776,39510	24.015625,20.234375,18.359375,18.281250,15.679688,15.515625,15.078125,14.804688
0	20	3831	3.066797	18380,784,3831,12,3466,318,336,652	13.468750,13.320312,12.609375,12.265625,12.062500,12.023438,11.953125,11.476562
0	21	8833	0.003420	8833,18573,1103,80205,80049,5344,398,24246	22.515625,16.312500,13.992188,13.679688,12.945312,12.765625,12.664062,12.656250
0	22	6324	0.003048	6324,2899,10776,25502,22175,24558,33894,14	23.093750,15.953125,15.820312,14.750000,14.460938,14.093750,13.984375,13.578125
0	23	60403	0.017191	60403,14939,1579,31580,2501,275,83,12201	22.515625,17.625000,17.437500,15.398438,15.296875,15.132812,14.765625,13.296875
0	24	427	0.000002	427,38649,5722,1303,327,562,2252,6756	31.000000,16.437500,15.789062,15.171875,14.906250,14.703125,14.093750,14.046875
0	25	198	9.531830	12,17,198,271,313,6913,75909,62	24.484375,16.640625,14.953125,14.703125,12.781250,12.632812,12.257812,12.046875
0	26	70584	7.520149	9827,5009,13806,929,11377,1695,5637,33363	16.078125,15.718750,15.148438,14.421875,14.125000,13.968750,13.820312,13.734375
0	27	257	0.098953	257,315,1141,25,1483,8478,262,549	11.929688,8.468750,7.871094,7.007812,6.734375,6.640625,6.210938,6.042969
0	28	549	0.002876	549,6260,14512,320,30372,2587,220,4102	27.296875,21.218750,19.687500,16.359375,15.945312,15.468750,15.257812,15.226562
0	29	289	1.185054	289,220,5426,1273,29228,3393,10519,28609	14.265625,13.695312,13.195312,12.773438,12.265625,12.210938,12.148438,11.765625
0	30	60403	0.000250	60403,17,14628,2501,30156,26528,104211,23974	23.687500,13.750000,13.437500,12.906250,12.664062,12.515625,11.906250,11.625000
0	31	427	0.000006	427,477,327,1303,2252,439,5131,38649	29.359375,15.898438,15.539062,15.390625,14.718750,14.125000,14.039062,13.828125
0	32	12	0.047115	12,17,198,62,16,271,10188,25	23.687500,20.609375,16.484375,16.421875,15.164062,14.531250,14.000000,13.593750
0	33	17	0.000143	17,16,18,1041,19,15,20,891	28.750000,19.828125,16.078125,15.140625,14.945312,14.890625,13.531250,13.523438
0	34	12	2.259445	198,271,12,1406,320,715,8273,348	18.140625,16.453125,16.250000,14.437500,14.375000,14.171875,13.335938,12.914062
0	35	1041	0.000664	1041,59590,34022,17,16067,7112,71223,20772	23.140625,13.570312,13.468750,13.140625,13.031250,12.890625,12.523438,12.187500
0	36	8273	1.078810	198,8273,16839,271,25502,12,1406,10188	16.640625,16.625000,15.085938,14.960938,14.773438,14.460938,13.390625,12.804688
0	37	16	0.000645	16,17,18,15,19,75,20,90818	26.843750,19.312500,17.218750,16.125000,14.851562,13.484375,13.312500,13.109375
0	38	198	0.245790	198,271,320,13,715,1406,25,11	16.765625,14.632812,13.226562,12.976562,12.843750,12.250000,12.023438,11.976562
0	39	20193	2.425915	5637,9827,13806,20193,1695,5009,6262,929	16.250000,16.015625,15.960938,15.937500,15.132812,15.132812,14.992188,14.726562
0	40	414	0.044928	414,1141,829,3990,3988,320,25,943	16.109375,11.757812,10.656250,10.453125,10.218750,9.875000,9.710938,9.546875
0	41	549	0.000710	549,6260,14512,5426,30372,320,20955,26125	29.750000,22.187500,20.906250,18.828125,17.500000,17.437500,16.828125,16.671875
0	42	1273	0.913980	5426,1273,10519,3393,220,26125,2509,364	19.843750,19.656250,17.796875,16.343750,15.507812,15.390625,14.648438,14.328125
0	43	320	4.796434	198,271,1406,320,715,11,4710,220	21.187500,20.046875,17.250000,16.703125,15.781250,15.359375,14.179688,14.000000
0	44	19	2.092609	17,16,19,20,18,23,21,24	15.453125,14.921875,14.750000,14.484375,13.820312,13.367188,13.164062,12.882812
0	45	18	2.212416	15,16,18,17,11,20,13,24	20.234375,20.156250,19.546875,19.437500,19.296875,19.156250,18.750000,18.515625
0	46	20	2.498558	16,18,15,11,20,23,24,21	23.203125,22.843750,22.328125,22.046875,22.046875,21.921875,21.718750,21.156250
0	47	23	2.322206	16,18,15,23,24,20,11,22	21.531250,21.531250,20.953125,20.796875,20.562500,20.421875,20.187500,19.796875
0	48	6978	7.279976	16,18,15,23,24,20,10295,21	21.109375,20.765625,20.375000,20.062500,19.968750,19.703125,19.296875,19.265625
0	49	340	1.023643	11,340,692,8,26,323,608,304	25.406250,25.218750,24.328125,22.156250,21.437500,21.015625,20.468750,20.375000
0	50	9827	2.186918	9827,13806,5009,1695,13965,21336,6262,1043	16.031250,15.406250,15.242188,15.164062,15.125000,14.554688,14.500000,14.460938
0	51	262	0.004171	262,25,257,256,320,220,1141,549	19.640625,13.046875,12.031250,11.531250,11.406250,11.382812,11.171875,11.117188
0	52	549	0.001032	549,6260,14512,30372,320,2587,53546,3504	28.484375,21.140625,20.531250,17.062500,16.546875,15.625000,15.531250,14.843750
0	53	13534	2.131325	24263,8914,13534,3703,58318,73406,1758,12527	15.812500,15.218750,14.585938,13.500000,12.562500,12.531250,12.320312,12.054688
0	54	7710	0.229084	7710,7671,15,12,58318,14319,553,220	22.359375,20.828125,18.562500,17.812500,16.125000,15.960938,15.406250,15.273438
0	55	92214	1.620413	12,220,92214,20059,16589,198,9949,271	22.765625,22.281250,21.890625,19.625000,17.875000,17.609375,17.531250,17.421875
0	56	220	0.004887	220,320,271,198,12,11,553,715	29.734375,23.078125,22.796875,22.531250,21.703125,21.515625,20.953125,20.687500
0	57	18	1.589931	19,18,17,16,220,15,21,20	32.625000,31.265625,26.375000,24.921875,22.843750,22.218750,19.828125,19.562500
0	58	13	0.000071	13,271,198,382,320,11,624,15	29.125000,18.828125,17.843750,16.593750,16.343750,16.281250,16.187500,15.992188
0	59	15	0.000010	15,220,20,16,715,4710,18,320	31.031250,17.828125,17.781250,17.437500,17.281250,16.468750,16.078125,16.078125
0	60	320	3.091068	198,271,608,320,1230,11,760,1406	18.937500,18.406250,17.171875,16.609375,16.250000,15.531250,15.367188,15.304688
0	61	2428	0.929232	2428,1254,4060,266,62946,3706,19665,1806	16.437500,15.335938,15.015625,14.585938,14.312500,13.609375,13.523438,13.156250
0	62	1110	0.000050	1110,25,14375,322,60896,486,198,5548	23.812500,12.554688,12.312500,11.218750,10.640625,10.515625,10.445312,9.859375
0	63	85231	0.010580	85231,71,5204,27052,2136,2154,48437,29707	23.375000,17.515625,17.375000,17.078125,15.945312,15.890625,15.445312,15.250000
0	64	2659	0.000101	2659,13,61501,1775,41361,734,18798,99877	25.296875,15.015625,14.726562,12.890625,12.812500,12.648438,12.460938,12.132812
0	65	6971	0.000042	6971,6580,14,43986,53560,340,692,22041	28.703125,16.906250,16.718750,16.625000,16.296875,16.234375,15.750000,15.593750
0	66	67733	0.005060	67733,14,53560,5894,50807,340,7710,322	26.281250,20.578125,18.343750,17.968750,17.609375,17.593750,17.125000,17.062500
0	67	1331	0.005001	1331,14,92214,12,66443,5894,16589,2687	30.546875,25.234375,20.312500,19.515625,19.093750,18.687500,18.640625,17.781250
0	68	64	0.000074	64,1478,29709,5703,2305,3441,300,88	26.234375,15.664062,15.562500,13.281250,13.117188,12.750000,12.617188,12.507812
0	69	14	0.000158	14,53560,47036,50807,5894,340,692,8680	28.250000,18.406250,18.156250,17.828125,16.890625,16.359375,15.734375,15.617188
0	70	18	0.000294	18,19,17,692,16,3623,220,15	33.343750,25.000000,23.234375,21.671875,20.734375,19.406250,18.718750,18.625000
0	71	13	0.000013	13,14,624,198,53560,18831,382,340	31.687500,20.218750,16.859375,16.656250,16.359375,16.187500,16.015625,15.906250
0	72	15	0.000011	15,16,220,17,18,20,151643,24	28.203125,16.500000,14.648438,13.585938,13.289062,12.585938,12.250000,11.968750
0	73	53560	1.022772	14,53560,50807,47036,692,340,22549,3623	21.000000,20.515625,17.406250,17.234375,17.046875,16.968750,14.953125,13.843750
0	74	19665	6.912008	13806,1695,5009,1043,13965,11377,2833,6262	15.437500,15.187500,14.804688,14.093750,14.046875,13.968750,13.906250,13.773438
0	75	1488	0.122068	1488,4831,2774,1070,257,3977,332,2095	17.781250,15.031250,14.601562,12.664062,12.445312,12.031250,11.625000,11.195312
0	76	25	0.037325	25,549,510,1447,12,220,262,256	19.250000,15.445312,14.390625,13.210938,12.468750,11.789062,11.085938,10.804688
0	77	26587	4.016331	576,330,1096,42105,2955,366,3496,3703	14.312500,13.843750,13.687500,12.609375,12.578125,12.531250,12.320312,12.289062
0	78	20343	0.459909	20343,320,11,374,198,9709,271,25	17.343750,15.671875,15.468750,14.101562,13.906250,13.710938,13.601562,13.406250
0	79	11	1.721209	13,11,320,271,624,198,382,25	25.015625,23.546875,20.750000,20.437500,19.875000,19.796875,19.734375,19.453125
0	80	80935	12.602381	220,26587,330,13534,42105,10103,16000,89840	16.578125,16.234375,15.781250,14.820312,14.632812,14.218750,13.718750,13.539062
0	81	15235	1.723703	11,8319,15235,271,320,198,13,905	16.562500,16.328125,16.328125,15.601562,15.593750,15.546875,14.742188,13.703125
0	82	8319	1.064381	11607,8319,11,3412,271,320,13,10072	19.359375,19.046875,16.968750,16.609375,16.562500,16.062500,15.703125,15.304688
0	83	198	1.604095	271,11,198,320,13,624,382,1406	19.656250,19.531250,19.359375,18.640625,18.281250,17.625000,17.156250,16.890625
0	84	1797	7.019226	5009,13806,1695,1043,11377,6262,25449,21667	15.164062,14.335938,14.140625,14.101562,14.039062,14.007812,13.804688,13.468750
0	85	320	1.778865	330,320,3703,366,1096,576,508,3496	13.859375,13.710938,13.250000,12.898438,12.648438,12.468750,11.562500,11.429688
0	86	50	8.380905	2428,17,1254,4060,9830,33363,785,54	17.062500,14.875000,14.375000,13.421875,13.367188,12.765625,12.742188,12.312500
0	87	13	2.404093	13,53392,2183,73837,1772,40774,79498,21780	12.882812,12.648438,12.265625,12.234375,11.843750,11.710938,11.695312,11.335938
0	88	8755	5.717098	431,21304,730,4818,8408,386,1527,20605	14.093750,13.343750,12.828125,12.546875,12.390625,12.375000,12.000000,11.953125
0	89	487	0.130531	487,291,74,385,37081,60931,29785,866	18.015625,14.335938,14.039062,13.210938,13.210938,12.460938,12.242188,12.226562
0	90	11	0.037741	11,1842,323,609,8,13,701,692	27.843750,24.375000,22.359375,21.453125,19.718750,19.593750,19.250000,18.890625
0	91	451	0.383726	451,356,362,468,386,328,422,431	17.921875,16.312500,15.414062,15.125000,14.523438,13.968750,13.593750,13.203125
0	92	13	0.003588	13,25944,12612,12715,3503,3839,8505,28561	21.906250,14.820312,13.218750,12.890625,12.835938,12.828125,12.773438,12.703125
0	93	49256	10.527390	1599,25695,1260,56414,77476,55644,730,82977	14.656250,12.703125,12.562500,12.343750,12.125000,12.093750,11.984375,11.101562
0	94	812	3.240644	78328,1466,276,812,22051,2143,7755,43857	16.468750,15.765625,14.593750,13.960938,13.125000,13.054688,12.359375,12.281250
0	95	82977	6.205498	11,33588,82977,609,431,4598,323,73774	20.265625,14.445312,14.078125,13.632812,13.406250,13.148438,13.000000,12.671875
0	96	28134	0.004576	28134,86,30905,5276,7989,35179,2780,426	22.203125,16.343750,14.789062,12.062500,12.007812,11.914062,11.882812,11.820312
0	97	11	0.011002	11,323,609,701,340,692,8,1842	26.312500,21.187500,20.859375,17.265625,17.140625,17.015625,16.953125,16.875000
0	98	431	0.150902	431,467,323,11867,1207,609,57806,1599	17.515625,13.937500,13.929688,13.375000,13.304688,12.492188,12.359375,12.328125
0	99	13	0.053169	13,2050,38376,25339,12715,971,10606,35834	19.937500,15.492188,14.570312,14.218750,14.187500,14.125000,13.843750,13.734375
0	100	2055	4.707634	43509,3138,11565,1599,40140,43532,362,36020	13.375000,12.773438,12.585938,11.750000,11.601562,11.492188,11.375000,11.328125
0	101	9034	0.699247	9034,26161,9917,71,78,4079,383,13601	17.546875,16.687500,15.851562,15.171875,15.015625,14.335938,13.554688,13.281250
0	102	1959	11.915285	692,11,340,701,8,568,13,4292	25.093750,24.640625,24.406250,24.046875,23.578125,22.578125,22.281250,21.890625
0	103	330	3.145315	3703,220,80935,19288,60477,330,198,5264	13.921875,13.812500,13.140625,12.929688,12.890625,12.687500,12.179688,12.023438
0	104	9084	0.164692	9084,30404,21635,2082,16044,12686,32,18727	18.937500,15.585938,14.875000,14.476562,14.406250,14.195312,13.835938,13.835938
0	105	56793	7.161070	38710,8141,10911,12,14155,56732,28358,56793	21.015625,17.000000,16.609375,16.125000,15.984375,14.515625,14.164062,13.906250
0	106	386	1.464096	26874,386,11434,198,43904,50472,38710,59725	16.750000,16.281250,15.945312,14.632812,14.039062,13.968750,13.929688,13.273438
0	107	12735	0.190744	12735,867,11852,198,5609,4644,14242,6408	17.968750,15.968750,13.804688,13.343750,13.015625,12.109375,12.023438,11.851562
0	108	26874	0.118210	26874,315,8668,198,715,4903,4119,369	20.890625,17.625000,17.343750,17.000000,16.343750,16.328125,15.843750,15.609375
0	109	497	1.240528	497,1,5130,369,1138,1335,698,3975	15.203125,14.968750,14.625000,13.882812,13.562500,13.148438,13.054688,12.281250
0	110	220	1.227928	220,16902,796,358,3703,19288,4182,451	17.250000,16.546875,16.140625,16.000000,15.710938,15.562500,15.554688,15.367188
0	111	17	0.024755	17,16,220,358,3703,18,19288,4182	25.125000,19.953125,19.515625,18.859375,18.859375,18.640625,18.562500,18.500000
0	112	15	0.000549	15,18,16,20,23,19,21,17	24.921875,16.093750,15.593750,14.867188,14.859375,14.789062,14.734375,14.578125
0	113	16	0.000473	16,17,198,58,13,12,75,18	27.171875,19.500000,13.554688,13.140625,13.000000,12.164062,12.031250,11.804688
0	114	21	6.032610	22,23,24,21,20,19,198,87	25.437500,23.890625,20.921875,19.609375,15.867188,13.195312,12.968750,12.914062
0	115	340	1.380762	692,340,11,8,198,3593,3623,4292	14.406250,13.734375,12.109375,11.406250,11.210938,11.171875,11.062500,10.968750
0	116	1797	1.787704	1797,5009,1043,3144,1060,8856,1695,3939	15.812500,15.242188,14.296875,13.687500,13.593750,13.593750,13.453125,13.445312
0	117	39183	7.225759	320,3703,330,3496,508,323,366,576	15.375000,13.445312,11.210938,11.109375,11.093750,10.789062,10.671875,10.554688
0	118	3701	8.626314	3465,323,25,3118,374,16099,1483,5610	13.195312,12.882812,12.843750,12.585938,12.523438,12.414062,12.320312,12.226562
0	119	25	0.240400	25,320,518,369,389,553,2500,549	22.062500,19.625000,19.156250,18.250000,17.828125,17.640625,17.625000,17.203125
0	120	3703	0.073488	3703,508,1758,220,366,320,305,330	16.312500,12.484375,12.015625,11.460938,11.390625,11.101562,10.117188,10.015625
0	121	1110	0.000011	1110,25,14375,322,60896,486,198,14111	26.875000,14.031250,13.859375,12.960938,12.765625,12.539062,11.968750,11.968750
0	122	71	0.043894	71,5204,2136,44754,4951,21378,82,888	21.640625,17.843750,17.000000,15.789062,15.593750,14.765625,14.523438,14.445312
0	123	35268	0.000113	35268,768,2596,2941,13299,50003,14061,1404	27.156250,17.421875,17.125000,12.929688,12.632812,11.914062,11.875000,11.601562
0	124	1564	0.000040	1564,7605,3579,29088,46031,30985,16281,18596	27.812500,16.250000,15.921875,15.867188,15.734375,14.734375,14.500000,14.328125
0	125	6830	0.000139	6830,11021,22471,22057,905,19494,40383,21523	26.765625,16.906250,16.078125,15.164062,14.656250,14.625000,14.250000,13.781250
0	126	3446	0.002716	3446,11374,26734,14953,14,25967,2687,81325	26.125000,19.718750,18.359375,17.625000,16.953125,16.625000,16.187500,15.179688
0	127	76649	0.000132	76649,8369,267,4917,82,3092,19346,4212	27.656250,18.390625,16.609375,15.492188,15.054688,14.375000,14.367188,13.984375
0	128	11374	0.029331	11374,6324,22175,25502,3446,2687,14,7530	22.156250,18.265625,16.812500,15.375000,15.203125,15.062500,14.625000,13.703125
0	129	3831	0.000023	3831,2964,2705,15829,37,682,7268,80935	26.328125,12.750000,12.671875,12.578125,12.539062,12.476562,12.304688,12.179688
0	130	8833	0.000570	8833,18573,16316,1324,80205,1958,824,24246	26.968750,18.843750,18.281250,16.796875,16.765625,15.265625,15.062500,13.742188
0	131	6324	0.000172	6324,25502,22175,14,52882,24558,63417,16190	27.578125,18.046875,17.875000,15.859375,15.000000,14.710938,14.562500,14.414062
0	132	60403	0.000065	60403,1579,18677,14628,14939,275,83,31580	28.765625,18.937500,16.375000,15.859375,15.312500,14.453125,13.968750,13.710938
0	133	427	0.000004	427,1303,439,5722,37220,1318,14949,6756	28.578125,14.625000,14.601562,14.390625,13.710938,13.492188,13.390625,12.898438
0	134	271	0.738396	271,198,12,1406,2,715,17,4710	23.046875,22.359375,22.234375,20.546875,19.265625,18.312500,17.609375,17.468750
0	135	33236	12.400015	785,418,1986,5009,91,28,12,2979	15.117188,14.578125,14.531250,14.484375,14.101562,13.929688,13.359375,13.195312
0	136	414	1.896883	414,981,257,25,315,198,220,320	8.015625,7.332031,7.105469,7.031250,6.968750,6.777344,6.507812,5.832031
0	137	549	0.018480	549,6260,14512,320,760,3504,220,481	24.468750,19.906250,19.375000,17.046875,16.953125,15.648438,15.234375,14.515625
0	138	2480	4.398521	220,2240,5512,715,330,1273,508,5426	12.390625,10.835938,10.492188,10.242188,10.187500,10.132812,10.078125,10.007812
0	139	1273	5.508432	198,271,320,11,220,1406,608,1273	14.953125,13.523438,13.015625,12.312500,10.187500,10.171875,10.070312,9.882812
0	140	6718	2.051743	738,198,6718,320,271,11,10337,821	23.859375,22.703125,22.703125,22.515625,22.453125,20.812500,20.765625,20.578125
0	141	320	1.775894	271,198,320,11,1406,315,448,25	22.453125,21.968750,21.578125,20.578125,19.609375,18.562500,18.296875,18.109375
0	142	541	4.679394	19,2152,541,17,28996,16,4060,2258	17.812500,13.804688,13.257812,13.203125,12.453125,12.117188,12.078125,11.828125
0	143	220	0.659695	220,6978,821,10295,2500,9293,315,340	20.781250,20.125000,18.343750,17.656250,17.500000,16.875000,16.812500,16.640625
0	144	19	0.026356	19,16,18,20,23,17,24,21	29.562500,25.453125,24.234375,23.031250,22.890625,22.734375,22.156250,21.718750
0	145	18	0.029541	18,11,16,74,15,13,20,19	30.109375,26.515625,22.609375,22.234375,22.171875,21.828125,21.781250,21.531250
0	146	20	0.001707	20,23,16,21,18,24,19,15	31.640625,24.171875,23.375000,23.046875,23.031250,22.593750,22.531250,22.281250
0	147	23	0.002249	23,24,22,18,16,15,20,21	28.718750,21.750000,20.546875,20.437500,20.312500,19.781250,19.671875,19.640625
0	148	6978	0.157810	6978,10295,10469,13121,5128,1273,11211,22870	17.640625,14.882812,13.406250,13.312500,12.968750,12.937500,12.921875,12.515625
0	149	97534	10.346926	340,692,8,11,504,701,525,26	21.890625,21.468750,19.828125,19.703125,17.796875,17.765625,17.687500,17.437500
0	150	340	1.515074	340,1119,692,3786,438,311,11,8	25.187500,25.187500,24.640625,24.546875,24.281250,24.078125,23.859375,22.828125
0	151	38	7.371361	1178,5009,1797,29300,4061,1695,4703,13965	15.171875,14.843750,14.835938,14.617188,14.476562,14.468750,14.234375,14.132812
0	152	2828	3.155222	44433,581,1684,9379,9964,2828,57,89	15.664062,15.648438,14.875000,14.765625,14.570312,14.101562,13.468750,13.117188
0	153	12	0.487165	12,17,19,18115,9660,18,286,5456	16.843750,15.312500,14.882812,13.648438,13.585938,13.273438,12.804688,12.031250
0	154	17	0.215082	17,19,18,97857,16,3944,24,602	20.828125,18.828125,18.187500,16.828125,16.296875,14.265625,12.296875,11.914062
0	155	425	6.339165	414,18115,5456,9660,1379,257,8478,19924	15.140625,13.593750,13.226562,12.976562,12.273438,12.195312,12.140625,12.078125
0	156	1740	0.012270	1740,3126,375,1330,4872,2828,3399,9118	22.015625,16.250000,16.156250,15.640625,15.273438,15.218750,14.703125,13.992188
0	157	11211	4.790754	220,549,25,82,9660,58166,11211,45958	18.187500,17.593750,15.156250,14.789062,14.492188,14.078125,14.023438,13.750000
0	158	320	3.172171	25,549,320,262,220,256,257,1760	18.828125,16.953125,15.953125,14.859375,14.789062,14.656250,14.062500,14.007812
0	159	83	7.430502	19,20,16,17,23,18,1966,86847	16.234375,16.062500,15.914062,15.906250,15.570312,15.312500,14.437500,14.437500
0	160	1579	1.561623	20,1579,1122,80,17,48883,2850,28	15.765625,15.328125,14.890625,14.257812,13.937500,12.992188,12.929688,12.703125
0	161	5839	0.017698	5839,3950,45958,85593,30566,27414,29594,6458	20.625000,14.984375,14.921875,14.710938,14.015625,13.984375,13.460938,13.289062
0	162	1648	0.704262	1648,8,982,7731,11,11170,220,594	13.976562,13.437500,11.796875,10.695312,10.429688,10.085938,9.671875,9.210938
0	163	220	0.056536	220,3703,508,715,3968,366,4318,1565	24.031250,19.562500,18.437500,18.281250,18.281250,17.906250,17.859375,17.093750
0	164	17	3.400429	16,18,23,17,19,22,24,20	30.734375,29.187500,27.750000,27.734375,27.328125,27.265625,27.250000,27.234375
0	165	23	2.660431	16,18,15,23,24,20,11,19	27.906250,27.562500,26.828125,26.406250,26.234375,26.187500,25.875000,25.640625
0	166	18	1.924252	16,18,11,15,23,20,24,22	28.250000,27.453125,27.437500,26.953125,26.640625,26.515625,26.500000,25.953125
0	167	17	4.042870	11,16,18,23,15,24,20,19	27.812500,27.546875,26.500000,26.250000,26.000000,25.984375,25.812500,25.640625
0	168	23	2.051126	16,23,18,24,22,19,15,20	26.359375,25.468750,25.453125,25.062500,24.875000,24.796875,24.765625,24.703125
0	169	22	2.556833	16,23,18,22,24,19,20,15	24.671875,23.906250,23.812500,23.406250,23.359375,23.109375,23.109375,23.031250
0	170	198	2.108303	271,16,198,18,23,24,22,320	23.328125,23.187500,22.937500,22.531250,22.437500,22.078125,22.031250,21.890625
0	171	1655	10.339697	38,26292,1178,61437,22811,20015,53,33	16.171875,14.062500,13.953125,13.820312,13.796875,13.718750,13.640625,13.421875
0	172	393	9.524971	1517,2780,983,2576,279,3245,2144,264	16.796875,12.984375,12.351562,12.187500,12.179688,12.039062,11.937500,11.710938
0	173	2916	3.141349	457,72299,18112,19931,2916,86033,28,344	13.929688,13.054688,12.937500,12.648438,12.515625,12.109375,11.992188,11.914062
0	174	70508	14.254610	257,25,31,320,28,11,262,315	12.296875,11.953125,9.570312,9.367188,9.304688,9.140625,9.000000,8.968750
0	175	15536	4.043949	4098,50,25,28,20494,15536,320,11	14.875000,13.656250,13.648438,12.882812,11.929688,11.617188,11.554688,11.257812
0	176	28	0.609653	28,25,320,315,284,11,220,11211	17.375000,16.546875,15.562500,14.851562,13.492188,13.390625,13.062500,12.781250
0	177	19	4.115561	16,20,17,18,19,21,23,22	29.078125,27.187500,27.125000,26.187500,25.312500,25.218750,24.859375,23.890625
0	178	15	0.232038	15,18,23,25,11,24,16,20	17.812500,15.093750,14.414062,14.359375,14.289062,14.031250,13.851562,13.726562
0	179	24	0.442305	24,15,25,11,11211,18,320,26757	18.953125,17.968750,16.453125,15.453125,15.445312,14.007812,13.914062,12.968750
0	180	21	0.033810	21,20,15,23,22,17,16,25	26.531250,21.796875,21.328125,21.312500,21.046875,20.406250,20.125000,19.937500
0	181	419	7.520550	25,11,11211,320,549,510,323,3950	18.390625,17.250000,16.453125,15.578125,14.257812,14.031250,13.218750,13.093750
0	182	35408	1.946186	374,35408,6696,3059,686,15983,33210,3643	18.875000,18.328125,18.171875,18.078125,16.859375,16.718750,16.687500,16.671875
0	183	220	0.461304	220,25,264,3968,17267,458,320,13187	23.515625,22.250000,20.718750,20.546875,19.750000,19.500000,19.359375,19.218750
0	184	21	2.620577	22,21,16,17,18,20,23,19	27.734375,25.328125,25.203125,23.796875,23.656250,23.046875,22.796875,22.671875
0	185	24	0.928354	23,24,22,16,21,18,20,15	21.578125,21.296875,19.531250,16.359375,16.234375,16.203125,15.914062,15.781250
0	186	2477	8.474749	26757,44792,13,11211,34254,22870,425,40467	15.664062,15.195312,14.750000,14.609375,13.531250,12.968750,12.851562,12.617188
0	187	28252	1.291496	39433,28252,12,3194,2268,42549,60341,10188	18.656250,18.562500,17.812500,16.859375,16.656250,16.578125,16.203125,16.015625
0	188	90619	0.017097	90619,75,15958,3629,89722,2852,654,14216	24.515625,20.265625,18.578125,14.976562,14.828125,13.906250,13.390625,13.359375
0	189	26757	0.256521	26757,23700,34254,11211,44792,13420,11030,2266	17.656250,13.921875,13.656250,13.648438,13.484375,13.398438,13.062500,13.046875
0	190	345	6.546213	271,198,315,320,624,382,11,13	21.140625,20.671875,20.562500,20.500000,20.390625,20.218750,19.875000,19.281250
0	191	19411	12.944344	9547,4197,8206,1655,437,6254,269,220	15.804688,15.359375,14.734375,14.445312,14.109375,13.625000,13.570312,13.539062
0	192	2845	0.055868	2845,480,11307,287,398,370,65,2897	20.625000,17.625000,14.632812,14.515625,13.718750,12.468750,11.921875,11.460938
0	193	47905	4.495728	2878,26345,2686,1212,3685,18202,9155,6438	16.609375,15.750000,15.500000,15.281250,14.726562,14.312500,14.234375,13.718750
0	194	279	0.162498	279,1039,8028,479,220,1932,393,1308	15.500000,11.968750,11.750000,11.070312,10.984375,10.804688,10.773438,10.671875
0	195	220	2.026814	220,8028,7192,1932,2169,1372,11879,479	12.187500,12.179688,12.039062,11.640625,11.382812,11.085938,11.046875,10.367188
0	196	17	2.887783	16,18,21,20,19,17,23,22	27.203125,26.750000,26.625000,26.359375,25.921875,25.453125,23.437500,22.156250
0	197	15	0.361998	15,20,23,18,16,19,17,24	15.687500,14.304688,12.468750,11.875000,11.773438,11.679688,11.210938,11.023438
0	198	11582	1.889152	11582,15,26757,11879,12,4,8028,19	12.507812,12.468750,12.437500,12.242188,11.070312,10.968750,10.796875,10.453125
0	199	3122	0.106518	3122,15296,573,79929,2873,399,74,359	19.203125,16.953125,12.281250,12.148438,11.609375,11.562500,11.367188,11.195312
0	200	16287	3.441713	8028,3930,2169,12171,7192,16287,1932,17018	13.148438,12.335938,11.226562,11.101562,10.875000,10.796875,10.773438,10.429688
0	201	315	3.100672	382,369,624,13,271,315,320,198	23.484375,22.953125,22.953125,22.734375,21.640625,21.609375,20.703125,20.640625
0	202	279	0.255837	279,479,1039,264,220,393,1565,330	15.445312,11.554688,11.382812,11.257812,11.203125,11.156250,11.039062,10.992188
0	203	425	5.167088	1273,3383,330,393,28431,5567,479,9934	13.812500,13.117188,12.906250,12.867188,12.718750,12.710938,12.687500,12.539062
0	204	18	6.991873	3399,2992,1740,1593,2828,3126,7123,9949	15.546875,14.195312,14.007812,12.960938,12.085938,11.843750,11.742188,11.718750
0	205	4271	8.338997	28431,1273,5567,10337,9342,25869,1614,12	14.539062,13.460938,13.218750,13.164062,13.046875,12.867188,12.718750,12.703125
0	206	18126	10.699821	18266,28431,1273,16460,41204,25869,6629,15449	15.632812,15.476562,15.078125,14.406250,14.156250,13.820312,13.617188,13.476562
0	207	382	0.917366	382,624,13,271,198,4192,320,1406	22.687500,22.187500,21.718750,21.281250,20.531250,19.156250,18.968750,18.937500
0	208	1986	3.234379	418,785,33236,1986,28,91,2979,2	14.375000,14.093750,13.734375,13.453125,13.343750,12.726562,12.726562,12.640625
0	209	1034	4.304843	10337,15983,1273,374,42094,821,1467,1034	12.796875,12.351562,12.007812,11.695312,11.562500,11.250000,10.515625,10.031250
0	210	374	1.353449	5610,374,572,646,702,1265,320,1231	16.437500,16.171875,15.164062,14.726562,14.359375,13.312500,13.093750,12.945312
0	211	1483	3.257784	264,949,279,7907,10602,1483,304,3897	14.570312,14.125000,14.117188,13.882812,13.750000,13.523438,13.234375,13.226562
0	212	438	1.972246	311,553,438,369,304,1172,448,518	26.406250,25.953125,25.281250,24.625000,24.250000,22.296875,21.828125,21.406250
0	213	264	1.900982	279,264,1946,1273,458,949,4862,330	14.718750,13.734375,13.648438,12.851562,12.835938,12.656250,11.414062,11.148438
0	214	12507	9.915459	1273,5785,330,46842,4271,25869,28431,425	14.765625,13.062500,12.070312,11.804688,11.703125,11.562500,11.375000,11.304688
0	215	369	0.871761	369,304,553,311,315,323,11,1273	16.140625,15.843750,14.953125,14.242188,13.523438,11.937500,11.843750,11.390625
0	216	279	0.609673	279,7497,425,1565,4982,7032,1045,5257	13.921875,12.515625,11.367188,10.742188,10.617188,10.007812,9.976562,9.859375
0	217	47175	13.037516	425,1565,2701,330,479,4271,4318,7032	12.484375,11.828125,11.054688,10.570312,10.273438,9.843750,9.781250,9.734375
0	218	44220	7.301767	33,38,10994,54,1178,7671,37,47522	14.562500,13.968750,13.382812,12.343750,12.320312,11.445312,11.351562,11.351562
0	219	84648	13.349157	28431,425,1273,372,21312,16460,62019,2390	11.734375,10.789062,10.632812,10.375000,9.867188,9.859375,9.718750,9.664062
0	220	6500	3.747271	12,25111,4938,10272,1379,6093,6500,1695	14.007812,13.984375,13.929688,13.843750,13.679688,13.351562,13.304688,13.273438
0	221	73152	10.654825	1273,28431,4271,7032,425,4982,62019,1379	14.750000,14.492188,14.187500,13.906250,13.234375,12.796875,12.625000,12.539062
0	222	487	0.001238	487,1361,275,3147,1927,12303,198,367	21.828125,14.726562,11.984375,11.835938,11.601562,11.195312,11.078125,10.484375
0	223	18126	6.535580	1273,28431,9342,7032,198,21204,62019,16460	15.226562,14.375000,13.757812,13.679688,13.437500,12.914062,12.796875,12.484375
0	224	198	4.080368	624,13,382,11,345,304,1273,198	20.250000,19.812500,19.609375,18.406250,17.953125,17.718750,17.656250,17.265625
0	225	8623	4.452845	258,437,1958,81877,266,983,7,263	14.710938,13.960938,13.867188,13.085938,12.945312,12.851562,12.617188,12.500000
0	226	82	3.237975	291,287,82,1142,30539,4322,620,14	12.851562,12.539062,10.742188,10.195312,10.132812,9.859375,9.523438,9.179688
0	227	5523	3.797449	429,14,279,3425,304,4322,425,5523	12.851562,12.687500,12.507812,12.031250,11.484375,11.453125,11.210938,11.109375
0	228	324	2.244001	9048,1579,65,324,80,21584,3805,20	15.226562,14.804688,14.796875,14.625000,14.593750,13.710938,13.609375,13.296875
0	229	749	0.000935	749,6331,32993,126394,69466,26512,2011,5970	27.093750,19.953125,17.062500,16.000000,15.929688,15.843750,15.273438,14.960938
0	230	97066	11.144966	30448,80,53346,12,14,15445,44220,3470	18.734375,14.351562,14.054688,13.070312,12.828125,12.421875,12.281250,12.093750
0	231	2204	9.149405	11529,62094,620,880,8976,1889,7197,4452	16.640625,14.343750,13.328125,13.226562,13.062500,12.703125,12.679688,12.617188
0	232	17	0.065153	17,19642,10473,20,1409,638,436,25596	18.156250,14.281250,13.976562,12.226562,12.140625,11.937500,11.695312,11.265625
0	233	68	0.000433	68,288,7197,2204,4452,11006,295,2127	21.765625,13.109375,11.718750,11.492188,10.679688,10.507812,10.296875,10.250000
0	234	25638	6.436659	7197,4452,32509,1670,2395,12697,620,1889	15.015625,14.773438,14.343750,13.085938,12.000000,11.937500,11.890625,11.867188
0	235	4292	2.422811	3593,568,8,4292,692,11,701,323	12.015625,11.257812,11.132812,10.804688,10.585938,10.429688,10.039062,9.625000
0	236	8610	7.869095	785,2132,1986,715,15505,1249,9112,12	13.289062,12.953125,12.500000,11.593750,11.585938,11.171875,11.132812,11.000000
0	237	31805	9.515713	4344,8837,28782,2647,2297,501,1273,17030	15.140625,14.226562,13.875000,12.976562,12.796875,12.789062,12.531250,12.437500
0	238	990	2.698900	975,315,990,3542,5711,1034,476,821	13.843750,13.796875,12.921875,12.914062,12.648438,12.554688,12.156250,12.093750
0	239	1969	2.400215	315,374,1265,1969,320,11,476,5048	15.625000,14.734375,14.585938,14.257812,14.078125,13.773438,13.703125,12.406250
0	240	14060	3.737543	2924,387,38296,7035,1083,5785,6668,24645	19.093750,18.453125,17.734375,17.234375,17.140625,17.031250,16.859375,16.828125
0	241	419	1.050339	279,419,62024,1493,678,264,6920,476	20.609375,20.218750,17.765625,17.406250,16.875000,16.640625,16.531250,16.062500
0	242	13534	9.917177	62024,6920,4247,5723,5293,23173,1034,4453	17.968750,17.218750,16.953125,16.718750,16.296875,14.445312,14.375000,14.109375
0	243	7710	0.849457	7710,7671,5723,62024,15,12,18,14319	18.343750,17.953125,17.062500,16.656250,15.812500,14.773438,14.531250,14.390625
0	244	92214	0.026443	92214,12,5723,220,6222,16589,62024,29973	21.843750,17.656250,16.359375,15.765625,15.648438,15.281250,14.578125,12.570312
0	245	220	0.143667	220,5723,62024,12,29973,18,27406,6920	27.875000,25.593750,23.875000,23.312500,22.328125,21.921875,21.812500,21.656250
0	246	18	0.000772	18,17,16,19,15,220,21,5723	30.140625,22.203125,21.984375,20.921875,18.203125,17.859375,17.250000,17.250000
0	247	13	0.000015	13,5723,1467,624,382,15,323,1273	25.937500,14.398438,12.234375,12.039062,11.617188,11.398438,10.882812,10.710938
0	248	15	0.000006	15,220,16,58318,18,715,1876,323	31.437500,18.312500,17.703125,16.578125,16.140625,15.875000,15.531250,15.226562
0	249	62024	2.144585	5723,62024,29973,323,27406,320,1876,58318	19.640625,17.687500,15.445312,14.851562,14.554688,14.484375,14.226562,13.945312
0	250	382	1.758022	13,382,624,323,11,5293,4192,345	22.062500,20.859375,20.468750,19.234375,19.031250,18.078125,17.687500,17.609375
0	251	284	10.975708	418,785,73594,2,1986,28,2979,13874	14.421875,13.843750,13.617188,13.289062,13.289062,13.117188,12.562500,12.476562
0	252	8397	14.015224	24567,13383,1876,3393,12096,19143,6119,2887	15.062500,14.781250,13.906250,13.539062,13.359375,13.156250,13.117188,13.109375
0	253	425	5.709584	64,594,32,619,28670,355,54651,9082	13.617188,11.195312,10.453125,10.210938,9.781250,9.570312,9.398438,9.382812
0	254	10965	9.583873	13,34372,344,2819,1933,865,544,5054	14.601562,12.218750,12.109375,11.734375,11.601562,11.335938,11.187500,11.031250
0	255	465	5.196327	777,4003,963,273,465,466,1389,1664	18.937500,18.296875,15.007812,14.757812,14.210938,14.007812,12.851562,12.562500
1	0	284	5.410025	884,78,370,198,75,1151,12649,461	12.039062,11.140625,10.500000,10.039062,10.007812,10.000000,9.984375,9.453125
1	1	715	10.589293	220,526,1946,2224,330,607,364,320	9.820312,9.609375,9.015625,8.523438,8.500000,7.609375,7.468750,7.359375
1	2	8397	13.464463	515,7129,286,262,220,13874,9640,14687	11.664062,11.226562,11.171875,11.000000,10.953125,10.515625,10.085938,9.992188
1	3	425	5.301292	25,64,41220,11,198,356,468,323	11.546875,11.531250,11.460938,10.140625,9.914062,9.632812,9.570312,9.437500
1	4	10965	10.659211	13,669,1933,4753,10862,398,624,4402	15.328125,11.000000,10.843750,10.773438,10.765625,10.687500,10.437500,10.343750
1	5	465	0.872748	465,777,4003,567,2782,963,273,1389	14.929688,13.968750,13.921875,12.570312,12.156250,12.140625,12.078125,11.929688
1	6	374	2.576040	320,198,11,374,715,572,271,4609	9.562500,9.039062,8.867188,8.195312,7.589844,7.328125,6.785156,6.382812
1	7	458	1.422529	264,458,279,825,3881,5023,1850,3238	12.578125,11.664062,10.140625,8.445312,7.890625,7.601562,7.582031,7.464844
1	8	6364	2.004442	6364,3693,10049,12089,3150,13369,10321,9489	16.000000,15.976562,15.382812,15.023438,14.914062,14.843750,14.804688,14.562500
1	9	4531	2.220507	12089,4531,39450,12425,22825,3150,38744,42968	15.687500,15.523438,14.554688,14.250000,14.109375,14.000000,13.875000,13.726562
1	10	1154	9.791792	323,7538,11,6440,16851,42968,12089,39450	19.578125,18.906250,18.765625,17.984375,16.640625,15.929688,15.367188,14.820312
1	11	12425	0.242455	12425,5883,2766,33496,6430,4627,8887,26705	18.468750,16.296875,15.453125,15.203125,14.507812,13.679688,13.281250,12.906250
1	12	323	0.071608	323,1154,7538,16851,12089,220,609,4171	28.703125,25.843750,23.343750,23.000000,22.828125,22.625000,21.718750,21.218750
1	13	33496	0.783676	33496,6430,8887,7743,26705,2766,8353,65233	18.687500,18.171875,17.406250,16.890625,16.328125,14.304688,13.640625,12.820312
1	14	12089	1.626852	7538,12089,14692,17716,16851,39450,3668,738	18.265625,17.359375,17.015625,16.125000,15.960938,14.289062,13.773438,13.765625
1	15	659	1.733898	659,323,16448,1154,879,9223,13,504	23.703125,23.484375,23.312500,23.171875,23.078125,22.843750,22.406250,22.156250
1	16	1260	0.623377	1260,425,5301,8397,758,37816,4710,220	13.210938,11.804688,11.132812,10.726562,10.656250,10.453125,9.523438,9.460938
1	17	1030	4.904121	702,374,572,6342,9723,1156,6009,16176	23.078125,22.937500,22.890625,21.437500,20.859375,20.343750,20.218750,20.203125
1	18	264	0.736078	264,806,12783,458,279,9723,27190,1012	18.687500,17.109375,16.875000,15.960938,15.921875,15.828125,15.304688,15.257812
1	19	8640	5.618135	1293,2613,3476,949,45250,3598,5792,6388	17.203125,16.562500,16.109375,15.718750,15.656250,15.210938,15.210938,15.023438
1	20	569	15.690107	3476,7702,11094,39400,6502,481,12425,60708	19.437500,16.578125,16.546875,16.296875,15.328125,14.945312,14.710938,14.000000
1	21	12	5.095010	5778,3476,9,22209,9030,19880,12425,10182	14.828125,13.906250,12.882812,12.203125,12.156250,11.460938,11.421875,10.789062
1	22	31	3.776003	29248,3487,478,26985,31,48593,30063,11288	19.343750,18.062500,17.421875,16.343750,16.015625,14.546875,14.203125,13.953125
1	23	39400	0.109148	39400,6774,58235,3476,7702,36774,357,12783	22.156250,19.515625,18.593750,17.468750,15.375000,15.101562,14.601562,14.179688
1	24	3476	0.009224	3476,12783,323,2484,6502,304,11094,476	25.234375,20.078125,18.578125,17.859375,17.625000,17.453125,16.656250,15.679688
1	25	389	1.281292	304,389,438,315,369,320,518,5619	28.421875,27.843750,27.609375,22.796875,22.234375,22.156250,22.031250,21.625000
1	26	279	0.231153	279,9902,330,6326,576,47083,51383,264	18.421875,15.515625,14.960938,14.960938,14.640625,13.468750,13.382812,13.132812
1	27	12425	1.664663	12425,3693,7855,2274,1293,18096,26785,5883	15.765625,15.406250,14.960938,14.914062,14.835938,14.804688,14.406250,14.281250
1	28	4013	0.468094	4013,1473,19584,18136,26785,9778,4933,22358	18.640625,17.765625,15.750000,14.796875,14.632812,14.554688,14.328125,13.898438
1	29	576	2.816031	9902,330,576,1565,6326,18635,51383,3355	16.343750,15.921875,14.421875,12.843750,12.804688,12.726562,12.671875,12.656250
1	30	8596	0.202520	8596,20445,38474,1532,6164,64482,328,7996	17.109375,13.304688,12.031250,11.945312,11.804688,11.625000,11.578125,11.570312
1	31	304	1.425966	323,304,504,438,1154,659,1948,320	23.062500,22.984375,22.406250,21.968750,21.468750,21.250000,21.218750,21.140625
1	32	220	0.042944	220,279,892,264,6058,6652,3217,5470	28.500000,24.703125,24.156250,22.203125,21.843750,21.171875,20.812500,20.781250
1	33	17	0.725447	16,17,220,18,19,24,323,279	29.531250,29.468750,22.546875,20.093750,18.796875,17.843750,17.687500,17.468750
1	34	15	0.000013	15,16,24,17,19,23,18,21	28.796875,16.484375,15.601562,15.429688,14.828125,14.671875,14.648438,14.414062
1	35	15	0.451506	15,16,17,18,24,339,220,20	25.281250,24.718750,18.234375,12.593750,11.859375,11.671875,11.609375,11.578125
1	36	15	2.429495	16,18,20,15,24,21,19,22	27.625000,27.484375,27.000000,26.796875,26.781250,26.656250,26.640625,26.515625
1	37	659	1.727915	323,659,13,1154,438,11,16448,2587	24.500000,23.406250,22.828125,22.734375,21.093750,20.718750,20.671875,20.562500
1	38	1096	6.298020	1260,425,758,8397,5301,576,4710,31399	14.125000,12.710938,12.507812,11.976562,11.679688,10.335938,9.617188,9.492188
1	39	572	0.942183	572,3476,6069,374,1473,8110,4013,949	15.781250,14.960938,14.554688,14.250000,13.101562,13.039062,12.890625,12.257812
1	40	8110	0.848427	8110,806,279,264,825,304,425,537	21.968750,21.609375,20.281250,19.656250,19.546875,18.937500,18.812500,17.921875
1	41	553	0.020117	553,304,448,705,264,19620,2937,389	31.328125,26.453125,26.078125,25.671875,24.421875,24.031250,23.390625,23.156250
1	42	264	0.468283	264,806,279,12783,2441,458,3807,8640	22.562500,20.750000,19.875000,19.781250,19.140625,19.000000,18.859375,18.703125
1	43	39400	2.278065	8640,3476,39400,2613,5792,1372,45250,825	17.468750,16.781250,16.562500,16.468750,15.835938,15.671875,15.492188,15.039062
1	44	3476	0.003256	3476,6502,323,949,304,12783,2484,608	23.750000,16.937500,16.234375,15.851562,15.257812,15.179688,14.976562,14.500000
1	45	304	0.373301	304,389,438,369,518,315,323,14002	26.625000,25.453125,24.468750,21.421875,21.421875,20.984375,20.406250,20.046875
1	46	279	0.073725	279,264,458,220,576,1378,18096,9902	14.710938,11.171875,9.484375,9.429688,9.312500,8.781250,8.500000,8.257812
1	47	1486	5.407536	220,12425,4531,18096,26785,5883,4013,2805	16.140625,15.437500,14.679688,13.593750,13.570312,12.679688,12.578125,12.570312
1	48	6252	10.014172	9902,576,330,362,51383,3355,364,6210	16.031250,14.453125,14.437500,13.062500,12.210938,11.976562,11.960938,11.898438
1	49	2382	9.302933	64641,66244,288,3988,5512,24035,4019,347	13.851562,13.476562,13.351562,12.468750,12.156250,12.140625,11.953125,11.851562
1	50	5326	6.858443	304,518,1154,553,15605,389,892,323	13.531250,13.156250,12.718750,11.960938,11.648438,11.148438,11.140625,11.007812
1	51	553	0.025761	553,323,304,369,609,569,3216,220	27.062500,23.359375,19.375000,18.859375,17.984375,17.968750,17.671875,17.203125
1	52	21315	3.658604	25282,3757,8397,6798,27118,7937,19870,7801	15.250000,14.953125,14.265625,14.257812,14.132812,14.085938,13.945312,13.929688
1	53	75923	1.028683	75923,7143,23366,451,79227,1163,8108,39103	15.312500,14.476562,14.257812,13.460938,13.179688,12.046875,11.953125,11.812500
1	54	1154	2.711260	323,518,304,659,1154,892,369,16448	24.390625,24.187500,23.234375,23.234375,22.812500,22.718750,21.625000,21.562500
1	55	892	0.584417	892,1156,323,304,15540,10660,518,8947	20.812500,18.828125,18.718750,18.578125,18.328125,18.093750,17.875000,17.843750
1	56	572	1.913980	8930,572,90613,84070,10613,1030,6342,566	18.187500,17.687500,17.406250,17.375000,17.312500,17.031250,17.031250,16.421875
1	57	10660	1.429352	8947,10660,1156,50057,264,15540,6839,12899	19.015625,18.843750,17.968750,17.828125,17.125000,17.109375,16.921875,16.625000
1	58	304	2.099499	518,304,553,389,504,369,6814,1948	28.578125,26.640625,24.500000,22.703125,22.468750,22.078125,21.828125,21.765625
1	59	220	0.508310	220,279,7148,2176,264,52935,3807,1532	19.062500,18.000000,17.453125,14.632812,14.546875,14.351562,14.265625,13.679688
1	60	17	0.002880	17,16,18,15,19,220,20,24	25.218750,19.312500,15.007812,14.335938,13.882812,13.781250,13.765625,13.468750
1	61	15	0.000004	15,16,17,24,19,21,18,20	28.718750,15.148438,14.085938,14.085938,13.710938,13.570312,13.429688,13.367188
1	62	15	0.036375	15,16,17,481,569,18,220,1177	26.625000,23.328125,15.421875,15.101562,13.906250,13.242188,12.921875,12.859375
1	63	16	0.376398	16,18,17,19,20,15,21,22	29.484375,27.609375,27.578125,26.359375,26.156250,25.968750,25.421875,25.015625
1	64	518	0.231134	518,659,323,304,16448,13,6762,553	27.078125,25.046875,24.046875,23.218750,23.109375,22.515625,22.140625,21.515625
1	65	279	0.074667	279,576,7148,26221,28414,41382,2055,52935	19.390625,15.882812,14.968750,13.296875,13.281250,13.179688,13.148438,12.921875
1	66	16194	1.670530	16194,28414,5055,14079,13263,4320,26221,5649	14.929688,14.093750,13.914062,13.851562,13.453125,13.421875,13.351562,13.320312
1	67	7154	0.124037	7154,5055,18705,5473,41382,15815,17798,26221	19.453125,17.250000,14.929688,13.585938,12.656250,12.351562,12.054688,12.015625
1	68	26221	0.015751	26221,33496,18563,304,37471,1154,323,659	20.390625,15.687500,14.890625,12.890625,12.531250,12.281250,12.078125,11.859375
1	69	659	1.850302	304,659,1154,323,16448,6762,3138,320	17.515625,15.945312,14.289062,13.656250,13.351562,12.679688,12.289062,11.437500
1	70	1260	1.532555	758,1260,425,8397,576,16246,5301,1084	12.085938,12.039062,11.851562,11.156250,11.085938,10.101562,10.007812,9.210938
1	71	1030	2.815887	702,1083,572,1221,1030,58235,6342,9723	21.234375,20.859375,19.890625,19.859375,19.687500,19.609375,19.359375,19.125000
1	72	264	0.443161	264,2441,279,4623,12783,458,1083,806	23.546875,21.609375,20.546875,20.546875,20.437500,20.390625,20.078125,20.015625
1	73	8640	1.527060	8640,2613,3476,12613,39400,949,45250,6388	16.453125,16.203125,15.851562,15.570312,15.343750,15.210938,14.773438,14.578125
1	74	3476	1.278803	569,3476,11094,39400,6774,481,25377,60708	18.406250,17.906250,17.140625,16.843750,14.492188,14.140625,13.898438,12.945312
1	75	304	1.157780	389,304,438,5619,369,518,315,1549	28.140625,27.421875,24.968750,22.828125,22.078125,21.984375,21.968750,21.812500
1	76	279	0.197365	279,264,220,6326,458,576,4013,2441	18.062500,14.507812,14.492188,14.148438,14.015625,13.789062,12.867188,12.742188
1	77	12425	0.954411	12425,220,18096,26785,5883,4013,7855,3693	16.171875,15.453125,14.570312,13.828125,13.796875,13.765625,13.601562,13.515625
1	78	4013	0.116497	4013,1473,19584,4531,18136,26785,9778,6146	18.406250,15.492188,14.867188,13.500000,13.203125,12.718750,12.632812,12.585938
1	79	20207	9.360630	48822,6326,15696,576,53843,17965,1532,9902	14.273438,13.671875,13.617188,13.507812,12.820312,12.710938,12.546875,12.343750
1	80	3757	0.002272	3757,13079,52140,4149,36765,18939,111028,99713	20.625000,13.851562,11.515625,10.414062,10.304688,9.664062,9.632812,9.601562
1	81	1581	0.008600	1581,409,619,42881,1912,3385,10621,23736	19.937500,13.671875,12.617188,12.539062,12.132812,11.953125,11.789062,10.843750
1	82	291	0.138756	291,6767,2054,68,585,36,10068,4671	18.468750,16.234375,12.851562,12.523438,12.500000,12.007812,11.929688,11.867188
1	83	304	0.287998	304,323,1154,320,389,438,220,659	23.968750,21.671875,20.687500,20.359375,20.265625,20.203125,20.093750,19.859375
1	84	220	0.024580	220,279,892,6058,5470,3217,7400,6652	29.906250,25.656250,24.171875,23.296875,22.437500,22.390625,22.390625,22.281250
1	85	17	0.001366	17,16,220,15,323,18,659,1154	25.046875,18.328125,15.890625,13.367188,13.046875,12.601562,11.703125,11.593750
1	86	15	0.000004	15,16,24,21,23,18,17,22	29.640625,16.359375,15.773438,14.843750,14.500000,14.414062,14.320312,14.289062
1	87	15	0.010403	15,16,17,220,18,20,24,19	26.937500,22.375000,15.601562,13.890625,13.210938,12.531250,12.515625,12.343750
1	88	17	1.183640	17,16,18,19,20,21,22,15	23.406250,23.218750,22.984375,22.250000,21.984375,21.093750,20.312500,20.281250
1	89	659	1.070480	323,659,1154,16448,6762,13,518,2587	24.953125,24.906250,23.484375,23.187500,22.921875,22.375000,21.796875,21.125000
1	90	758	0.995136	758,1260,425,8397,5301,576,4710,5542	15.484375,15.000000,14.476562,14.367188,12.906250,12.015625,11.812500,11.679688
1	91	220	0.057800	220,279,5256,264,1948,429,5534,6058	28.359375,25.109375,23.281250,21.593750,21.593750,21.390625,21.359375,21.203125
1	92	17	0.004898	17,16,220,279,15,576,18,315	25.109375,19.750000,16.140625,13.000000,12.664062,12.390625,12.257812,11.625000
1	93	15	0.000002	15,16,17,24,220,569,18,20	29.843750,16.437500,14.812500,14.312500,14.054688,13.570312,13.476562,13.132812
1	94	15	0.122269	15,16,17,18,220,20,24,19	26.562500,24.515625,19.546875,14.640625,13.953125,12.914062,12.828125,12.742188
1	95	19	1.771032	18,19,20,17,21,22,23,24	26.078125,25.000000,24.640625,24.000000,23.703125,23.203125,23.046875,23.000000
1	96	425	2.813416	566,1154,425,323,8397,481,1177,311	27.390625,25.625000,24.906250,24.875000,23.500000,22.531250,22.093750,21.328125
1	97	10965	0.000072	10965,616,2950,581,3431,2676,965,1202	24.328125,13.367188,12.140625,12.070312,11.789062,11.710938,11.148438,11.062500
1	98	465	0.000170	465,777,696,5045,665,50037,54604,4991	26.531250,16.187500,16.125000,16.093750,16.062500,15.187500,14.234375,13.992188
1	99	26120	6.558008	1030,6342,58235,9723,572,1865,2765,5927	18.937500,18.531250,18.250000,18.015625,17.562500,16.109375,16.109375,16.031250
1	100	264	0.941727	279,264,806,458,825,2441,304,1378	28.937500,28.640625,26.921875,24.640625,23.968750,23.156250,22.156250,21.906250
1	101	3476	1.555845	39400,3476,5792,949,3598,2613,6388,2990	18.078125,17.906250,17.453125,17.375000,16.578125,16.109375,15.882812,15.710938
1	102	438	0.970900	304,438,389,315,5619,518,14002,369	24.656250,24.328125,22.640625,20.359375,20.109375,19.765625,19.171875,18.765625
1	103	330	6.212021	264,279,16536,2926,55279,458,3757,7607	14.429688,14.398438,13.242188,13.187500,13.039062,12.906250,12.835938,12.460938
1	104	28417	7.576283	4392,3757,576,9857,7607,55279,8364,4389	12.140625,12.085938,12.062500,11.875000,11.867188,11.664062,11.632812,11.601562
1	105	330	0.764534	330,356,17426,431,38174,386,425,9082	15.992188,12.375000,11.851562,11.718750,11.562500,11.554688,11.546875,11.398438
1	106	304	0.047092	304,389,1154,264,279,14002,369,320	22.031250,18.078125,17.156250,16.718750,16.562500,16.015625,15.406250,15.218750
1	107	279	0.111309	279,264,458,6326,576,47083,18096,330	18.046875,14.546875,13.500000,13.375000,13.250000,12.484375,12.171875,12.101562
1	108	9234	7.169655	12425,18096,4531,26785,1293,13434,5411,4013	15.531250,14.640625,14.570312,14.390625,13.921875,13.656250,13.507812,13.164062
1	109	330	0.538256	330,9902,315,19867,24849,220,3355,576	10.851562,10.054688,8.820312,6.984375,6.859375,6.621094,6.003906,5.898438
1	110	70066	9.666780	576,362,350,20070,5379,431,220,10074	15.734375,14.328125,12.617188,12.515625,12.484375,12.460938,12.453125,12.218750
1	111	364	1.136005	364,35968,330,23985,609,1591,323,3355	13.968750,13.562500,13.164062,12.835938,11.281250,10.929688,10.695312,10.671875
1	112	82	0.061298	82,369,274,304,323,1154,328,330	16.031250,11.289062,11.234375,11.210938,11.000000,10.578125,10.031250,10.000000
1	113	15106	3.399805	330,6059,15106,6841,36240,54348,23985,15021	15.296875,13.820312,13.382812,13.257812,13.078125,13.062500,12.835938,12.523438
1	114	330	0.007538	330,220,320,549,3355,1154,937,3670	19.312500,12.867188,12.515625,11.945312,11.789062,11.492188,11.429688,11.070312
1	115	315	0.348585	315,389,304,369,504,1154,320,892	26.812500,25.281250,24.593750,23.093750,22.843750,21.953125,21.921875,21.906250
1	116	279	0.081961	279,6326,576,264,330,20322,15696,48822	18.484375,14.546875,13.843750,12.500000,12.335938,12.132812,12.085938,11.976562
1	117	12425	0.721361	12425,18096,1293,5411,7855,3693,4013,26785	17.140625,15.296875,15.179688,15.015625,14.789062,14.445312,14.242188,14.195312
1	118	4013	0.109190	4013,1473,19584,18136,26785,9778,13420,1308	18.609375,15.867188,14.875000,13.054688,12.992188,12.734375,12.437500,12.406250
1	119	576	2.465944	576,48822,17965,15696,4553,6326,11054,53843	13.992188,13.921875,13.773438,13.750000,13.476562,13.460938,12.648438,12.648438
1	120	5724	11.747660	8596,9494,20445,39224,28643,6686,4031,5887	19.171875,13.468750,13.421875,13.210938,13.015625,12.742188,12.289062,11.781250
1	121	37625	6.570536	477,9536,8187,1154,114559,12990,5004,24446	16.796875,13.398438,12.375000,11.179688,11.164062,11.070312,11.031250,10.929688
1	122	2587	4.129648	659,1154,6762,16448,892,323,2587,389	21.171875,19.875000,19.875000,19.328125,18.890625,18.625000,17.843750,17.828125
1	123	566	2.104958	419,279,566,432,304,806,264,323	13.492188,13.328125,12.851562,12.718750,12.453125,12.046875,11.859375,11.359375
1	124	58235	5.105740	572,6342,30636,1083,3937,1030,2765,1035	17.984375,17.734375,17.531250,17.437500,17.203125,17.015625,17.000000,16.734375
1	125	16263	3.576239	304,438,14002,1549,16263,389,369,448	27.218750,25.843750,25.453125,24.406250,24.109375,22.875000,22.765625,22.718750
1	126	19571	3.994038	18095,7801,6798,18477,806,6898,4389,279	13.812500,13.609375,13.453125,13.250000,13.039062,13.023438,12.984375,12.976562
1	127	4389	3.968077	18095,6798,1741,3757,17083,6898,18477,23644	14.484375,14.476562,14.070312,14.007812,13.882812,13.757812,13.640625,13.585938
1	128	26099	4.388241	34522,2691,13612,794,467,4483,46709,422	14.335938,14.015625,13.007812,12.726562,12.718750,12.117188,11.984375,11.976562
1	129	323	0.087635	323,1154,320,438,609,304,879,220	27.156250,24.515625,22.843750,20.796875,20.781250,20.640625,19.203125,18.890625
1	130	42323	6.564501	7801,6898,18477,6798,3757,43592,16364,23644	14.507812,14.320312,14.281250,14.070312,14.000000,13.906250,13.851562,13.742188
1	131	15035	0.395212	15035,2926,434,431,25164,40458,11565,444	16.031250,13.882812,13.804688,13.304688,12.835938,11.312500,11.164062,11.148438
1	132	18337	0.009066	18337,51706,27015,617,2855,85704,309,493	20.156250,13.468750,13.148438,12.320312,12.289062,12.125000,11.937500,11.710938
1	133	659	0.540569	659,304,6762,16448,323,1154,879,438	26.234375,24.906250,24.500000,23.875000,23.203125,23.031250,22.093750,22.031250
1	134	1260	2.400034	758,8397,425,1260,576,5301,4710,1096	13.992188,13.093750,12.742188,12.460938,11.820312,10.609375,10.484375,10.164062
1	135	572	3.091980	1083,1030,702,6342,58235,9723,1221,572	20.515625,20.390625,19.859375,19.359375,19.250000,19.140625,19.093750,18.921875
1	136	6311	2.045359	264,304,6311,1083,279,9223,37948,3884	15.351562,15.195312,14.945312,14.890625,14.171875,14.140625,13.664062,13.367188
1	137	304	0.604769	304,438,311,369,16263,553,1549,389	27.125000,26.671875,24.671875,23.718750,22.765625,22.609375,22.531250,22.171875
1	138	279	0.305193	279,264,220,2441,458,806,1378,576	14.851562,13.265625,12.132812,10.859375,10.671875,9.882812,9.750000,9.164062
1	139	220	1.352900	3476,220,12425,2990,4531,39400,18096,949	15.304688,15.265625,14.492188,14.015625,13.679688,12.671875,12.593750,12.406250
1	140	17	0.022627	17,16,18,19,21,20,22,24	29.984375,25.953125,23.343750,22.812500,22.750000,22.328125,22.312500,22.234375
1	141	15	0.000471	15,303,16,18,19,20,23,21	27.890625,18.593750,18.468750,18.281250,17.734375,17.625000,17.187500,17.156250
1	142	15	0.142952	15,16,339,17,481,9383,20,23498	27.187500,25.312500,18.453125,18.000000,16.625000,14.445312,14.398438,14.085938
1	143	20	0.696285	20,21,19,22,23,24,18,16	27.125000,26.125000,25.562500,25.437500,24.984375,24.625000,23.453125,22.328125
1	144	33496	7.931974	12425,4531,18096,4013,1486,5670,10074,1865	15.789062,15.718750,13.937500,13.210938,12.476562,12.375000,12.335938,12.320312
1	145	53148	5.547123	5670,1486,33085,6573,53148,1473,56005,2319	19.265625,18.375000,15.718750,15.179688,14.109375,13.867188,12.773438,12.664062
1	146	315	0.243256	315,576,330,9902,1154,518,362,304	14.289062,11.148438,10.867188,10.796875,9.640625,9.617188,9.171875,9.054688
1	147	279	2.083323	576,279,330,362,9902,6798,11867,13017	16.062500,15.570312,15.046875,14.281250,13.687500,13.085938,12.968750,12.867188
1	148	25179	11.100379	1486,11088,17795,4531,6430,22358,16194,18095	15.390625,13.695312,12.570312,11.593750,11.484375,10.851562,10.742188,10.382812
1	149	92301	0.971671	92301,31828,19870,425,25867,6210,2876,34862	14.453125,13.109375,12.710938,12.359375,11.851562,11.773438,11.656250,11.367188
1	150	1486	0.241697	1486,11088,364,481,33085,5326,84775,323	18.156250,15.656250,15.523438,14.773438,14.312500,14.304688,12.726562,12.710938
1	151	43562	5.562184	576,330,1154,8697,425,48976,3017,19867	14.406250,14.054688,12.117188,12.101562,12.007812,12.000000,11.671875,11.328125
1	152	49840	2.190608	49840,1154,304,5540,549,48887,11158,75515	12.179688,11.984375,11.500000,11.046875,10.632812,10.617188,10.609375,10.203125
1	153	1154	1.981100	549,1154,323,25,659,2587,304,518	15.664062,14.367188,14.007812,13.820312,12.835938,12.789062,12.554688,12.140625
1	154	892	1.861256	323,892,304,438,15540,5619,518,10660	16.328125,15.585938,14.609375,14.335938,14.289062,14.179688,14.148438,13.898438
1	155	572	0.590504	572,8930,90613,6342,1083,566,58235,1030	17.796875,15.812500,15.203125,15.101562,15.031250,15.023438,15.015625,14.843750
1	156	10660	0.763966	10660,15540,8947,5326,50057,1083,3118,29364	18.562500,17.750000,16.921875,15.976562,15.828125,15.312500,15.210938,15.210938
1	157	518	0.061756	518,304,553,438,2176,389,369,504	27.984375,24.734375,23.656250,22.015625,21.281250,21.031250,20.953125,20.921875
1	158	279	0.075842	279,576,2055,7148,26221,2176,41382,6210	19.375000,15.726562,14.789062,14.492188,13.523438,13.445312,13.117188,12.968750
1	159	45406	9.460493	16194,14079,96590,28414,2055,26221,350,1674	16.031250,14.500000,14.078125,14.039062,13.984375,13.937500,13.921875,13.695312
1	160	26221	0.124855	26221,37471,304,1154,33496,323,12388,17520	17.328125,13.445312,13.242188,13.140625,13.054688,12.710938,12.687500,11.890625
1	161	304	0.476989	304,659,1154,323,2587,6762,504,3080	14.617188,12.945312,12.718750,12.609375,10.562500,10.437500,10.085938,10.039062
1	162	70998	5.507818	7148,220,60025,57386,51529,43939,66559,57419	17.218750,15.187500,15.085938,15.070312,15.031250,14.757812,14.632812,14.539062
1	163	323	0.894129	323,659,1154,2587,304,6762,504,3080	22.328125,21.671875,21.187500,20.609375,19.750000,19.406250,19.218750,18.843750
1	164	279	0.797715	279,518,304,576,1221,2937,1083,1549	14.062500,13.054688,12.726562,12.179688,11.945312,10.804688,10.257812,9.554688
1	165	11012	7.344746	16194,26221,350,29243,19689,1532,15953,14079	14.992188,13.625000,13.421875,13.101562,13.078125,13.039062,12.835938,12.812500
1	166	1268	0.007704	1268,364,1409,258,315,594,304,20014	19.937500,13.492188,12.773438,12.539062,12.484375,12.070312,11.437500,11.250000
1	167	38420	0.036711	38420,26221,17931,16194,43751,19295,50847,92964	18.453125,14.648438,12.421875,12.164062,11.710938,11.007812,10.640625,10.507812
1	168	16937	0.023331	16937,8633,104285,8261,4678,12625,2011,24269	21.281250,16.796875,15.750000,14.703125,14.406250,14.265625,14.000000,13.992188
1	169	304	0.035181	304,659,26221,33496,389,518,1154,6762	26.265625,21.312500,21.171875,21.062500,20.656250,20.531250,20.171875,19.515625
1	170	7148	0.015408	7148,279,220,2055,26518,88717,4312,264	23.015625,18.375000,17.140625,16.156250,15.281250,14.234375,14.171875,14.046875
1	171	659	0.498838	659,6762,16448,2587,1154,304,13,271	21.187500,19.578125,19.234375,19.125000,18.265625,17.421875,17.093750,17.093750
1	172	1260	2.271127	758,8397,425,1260,576,5301,4710,7281	13.148438,12.343750,11.726562,11.703125,10.523438,9.781250,9.406250,9.242188
1	173	572	2.610819	1030,58235,1083,6342,572,702,9723,1221	19.203125,18.671875,18.640625,18.312500,18.109375,17.937500,17.937500,17.578125
1	174	15540	8.367058	6311,264,1083,304,279,1221,949,2937	15.914062,15.390625,15.226562,15.132812,14.164062,13.734375,13.453125,13.250000
1	175	553	0.042240	553,304,1549,323,389,311,518,369	28.453125,24.562500,23.656250,22.562500,22.296875,22.218750,22.109375,21.828125
1	176	3757	3.933161	8397,11867,279,21315,27118,7801,11268,11044	13.789062,13.648438,13.585938,13.226562,13.218750,13.015625,13.000000,12.953125
1	177	67473	2.488593	67473,12710,21304,4483,69217,26741,30064,32391	12.820312,12.226562,12.171875,12.093750,11.867188,11.312500,11.273438,11.085938
1	178	323	1.170336	323,659,304,1154,879,518,6762,2587	24.250000,23.890625,23.421875,23.359375,22.750000,22.031250,21.484375,21.453125
1	179	58235	1.986740	58235,6439,10660,279,1083,572,1030,6094	14.046875,13.648438,13.203125,13.156250,13.031250,12.718750,12.695312,12.617188
1	180	16263	0.497755	16263,14002,448,304,438,1549,3156,2348	18.421875,16.984375,16.796875,16.234375,14.820312,14.390625,13.984375,13.398438
1	181	7355	6.549282	19571,3757,4389,7801,279,11867,43592,6798	15.273438,13.914062,13.882812,13.375000,12.906250,12.890625,12.750000,12.695312
1	182	1232	1.268116	35203,1232,38174,22900,26649,37647,45111,30347	15.859375,15.609375,14.109375,13.109375,12.968750,12.945312,12.796875,12.703125
1	183	812	0.004927	812,1203,410,309,277,285,41927,16444	21.406250,14.757812,14.703125,14.093750,12.484375,12.257812,11.867188,11.820312
1	184	672	0.007103	672,8635,14419,19501,14077,577,84177,1530	20.562500,15.218750,12.562500,11.937500,11.804688,11.265625,11.101562,10.960938
1	185	1154	2.290539	323,659,1154,304,6762,2587,438,320	26.296875,25.234375,24.546875,23.375000,23.218750,22.578125,22.031250,22.015625
1	186	49975	6.669374	879,323,6798,7801,7487,3757,11867,4389	14.132812,13.335938,13.187500,12.984375,12.726562,12.703125,12.539062,12.367188
1	187	1863	6.386470	98974,20060,4312,356,431,51782,44866,36414	15.132812,13.359375,11.687500,11.382812,11.375000,11.085938,10.945312,10.898438
1	188	12707	0.323736	12707,321,3923,13572,5131,291,33235,276	16.937500,14.210938,13.703125,12.773438,12.359375,12.164062,12.148438,12.117188
1	189	1154	0.681520	1154,323,320,304,609,685,9082,481	14.898438,14.859375,8.117188,7.976562,7.925781,7.671875,7.406250,7.367188
1	190	13928	7.397587	323,7801,6798,3757,11867,4389,11044,13615	17.156250,13.750000,13.593750,13.335938,13.265625,13.187500,12.914062,12.906250
1	191	17734	7.500763	64477,472,386,45196,24061,350,467,90019	13.687500,13.023438,12.875000,12.460938,12.250000,12.039062,11.867188,11.781250
1	192	1154	0.914946	323,1154,263,11183,812,481,609,659	16.312500,16.015625,13.578125,12.343750,11.101562,10.445312,10.109375,10.039062
1	193	55130	9.104622	323,7801,6798,11867,3757,4389,13615,11044	17.218750,13.984375,13.781250,13.367188,13.312500,13.281250,13.046875,13.031250
1	194	23905	3.940897	40948,328,11054,472,32391,20060,910,7401	12.859375,12.515625,12.171875,12.000000,11.820312,11.812500,11.773438,11.429688
1	195	416	0.091244	416,930,74,5428,265,6053,261,595	18.687500,15.281250,14.460938,14.093750,14.046875,13.203125,13.101562,12.500000
1	196	1154	1.618261	323,1154,659,320,609,2587,6762,304	23.171875,21.781250,16.593750,16.265625,16.203125,15.648438,14.789062,14.781250
1	197	59310	6.414900	323,7801,6798,11867,3757,4389,13615,11044	17.046875,14.054688,13.742188,13.351562,13.304688,13.203125,13.085938,13.015625
1	198	80664	4.529333	25164,431,7622,1260,4483,26640,23133,1232	14.210938,13.687500,13.351562,12.554688,12.531250,12.351562,12.171875,11.921875
1	199	323	0.607932	323,1154,481,659,2587,320,609,304	13.382812,13.156250,9.109375,7.406250,7.238281,7.011719,6.515625,6.503906
1	200	67034	5.649239	7801,6798,3757,11867,4389,13615,11044,3800	13.570312,13.164062,12.984375,12.914062,12.804688,12.718750,12.671875,12.593750
1	201	10926	12.281220	4312,350,84190,547,98739,52936,14532,38286	14.429688,13.812500,12.359375,12.304688,11.734375,11.640625,11.617188,11.468750
1	202	659	0.922621	659,309,6762,54404,300,13,16448,438	16.640625,15.476562,15.062500,14.710938,14.320312,14.109375,14.046875,13.921875
1	203	715	6.109602	758,8397,425,1260,576,4710,5301,7281	13.156250,12.726562,11.968750,11.781250,11.093750,10.070312,9.984375,9.078125
1	204	758	12.538786	5097,3838,5404,16141,3379,2610,12472,1519	17.031250,16.781250,16.031250,16.031250,16.015625,15.546875,14.632812,14.476562
1	205	220	0.063108	220,1128,279,4124,3309,5470,892,5534	20.890625,16.984375,16.515625,16.187500,15.804688,14.703125,14.429688,14.367188
1	206	17	0.002121	17,16,220,18,279,19,1635,1124	22.593750,15.867188,14.703125,13.593750,12.992188,12.078125,12.062500,11.890625
1	207	15	0.000031	15,16,17,18,24,19,20,13	29.296875,18.750000,15.382812,14.968750,14.640625,14.460938,14.132812,13.945312
1	208	15	0.127499	15,16,17,18,220,21,20,481	29.078125,27.078125,21.687500,16.953125,16.234375,16.171875,16.031250,15.742188
1	209	21	0.650549	21,22,20,23,24,18,19,16	26.671875,25.750000,25.093750,24.750000,24.156250,22.875000,22.703125,22.671875
1	210	1154	2.560143	425,566,8397,1154,323,279,481,11	23.875000,23.328125,22.328125,22.062500,21.421875,19.187500,18.843750,18.703125
1	211	425	0.555122	425,8397,566,279,806,304,264,1283	17.046875,16.046875,15.875000,12.804688,12.289062,11.875000,11.804688,10.992188
1	212	10965	0.000050	10965,616,8479,3431,965,581,2676,2898	25.609375,14.773438,13.132812,12.796875,12.359375,12.054688,11.960938,11.804688
1	213	465	0.000088	465,696,665,1982,5045,54604,49335,777	26.640625,16.500000,15.335938,14.687500,14.601562,14.601562,13.804688,13.710938
1	214	58235	1.323637	58235,572,1030,6342,9723,26120,3867,5927	19.265625,18.796875,18.593750,18.265625,18.109375,17.000000,16.828125,16.562500
1	215	16263	3.168055	304,438,16263,14002,448,518,389,323	28.500000,26.765625,25.593750,24.562500,24.203125,24.078125,23.937500,22.328125
1	216	1232	10.687054	19571,4389,3757,7801,6798,18477,279,11867	14.117188,14.070312,13.570312,13.398438,13.273438,13.164062,13.093750,13.062500
1	217	812	0.001173	812,3187,285,13090,380,34940,76100,1038	24.421875,17.109375,16.031250,14.890625,13.414062,13.187500,13.187500,13.179688
1	218	672	0.000174	672,8635,300,14077,9991,13757,6379,84177	26.484375,17.453125,15.593750,15.304688,14.617188,14.164062,13.843750,12.531250
1	219	304	0.807039	304,323,1549,1154,3055,320,438,518	28.546875,28.140625,27.593750,26.250000,25.343750,24.062500,23.984375,23.921875
1	220	279	0.262455	279,264,2441,458,576,43562,1378,806	17.015625,15.328125,13.015625,12.609375,12.382812,11.882812,11.601562,11.507812
1	221	1486	1.718449	12425,1486,4531,6430,18096,5670,33496,220	15.125000,15.085938,14.281250,14.210938,13.742188,13.656250,13.421875,13.093750
1	222	93736	10.731237	576,330,362,9902,43562,21043,5235,48976	15.054688,14.289062,13.312500,13.171875,12.414062,11.554688,11.476562,11.390625
1	223	5326	2.883020	518,1154,553,5326,549,2587,892,3228	14.984375,14.359375,13.367188,13.117188,13.023438,12.937500,12.492188,12.023438
1	224	553	0.009686	553,323,569,1549,518,369,304,3216	26.203125,21.484375,17.437500,17.375000,17.062500,16.875000,16.468750,16.218750
1	225	4389	3.817724	21315,7801,6798,11867,12846,3757,18095,4389	14.867188,14.570312,14.414062,14.109375,13.914062,13.734375,13.578125,13.539062
1	226	45107	0.232595	45107,1967,794,72113,506,37937,472,13658	16.031250,12.820312,12.296875,12.031250,11.906250,11.156250,11.078125,10.656250
1	227	27507	0.008057	27507,42241,541,27351,613,1154,19603,81693	20.375000,14.945312,12.945312,11.851562,11.664062,11.601562,11.570312,11.523438
1	228	659	3.833969	518,323,1154,892,2587,659,369,15540	29.312500,28.218750,26.828125,26.359375,26.078125,25.921875,23.546875,23.140625
1	229	1260	2.250255	576,1096,758,1260,1084,425,2379,11733	14.796875,13.921875,13.867188,13.562500,13.250000,13.218750,11.320312,11.281250
1	230	9723	3.556156	58235,1083,572,6342,1030,1221,10660,9723	19.734375,19.218750,19.203125,18.781250,18.500000,18.453125,17.671875,17.562500
1	231	389	3.209654	304,438,518,389,16263,1549,448,14002	28.296875,26.578125,26.515625,25.500000,24.984375,24.359375,24.078125,23.328125
1	232	264	4.132643	279,6430,12425,4171,264,18096,1378,576	17.250000,15.992188,14.812500,14.585938,13.578125,13.085938,12.468750,12.453125
1	233	220	2.128633	1372,220,12425,8640,2086,2613,1990,8045	15.093750,13.703125,12.382812,12.265625,12.179688,11.960938,11.710938,11.585938
1	234	17	0.069675	17,16,18,21,19,24,20,22	28.093750,24.984375,23.953125,22.546875,22.234375,21.656250,21.250000,20.937500
1	235	15	0.000992	15,18,16,20,19,17,24,21	24.593750,16.093750,15.468750,15.312500,15.289062,15.187500,14.820312,14.757812
1	236	15	0.049524	15,16,9383,481,23498,339,1308,17	21.531250,18.531250,13.171875,12.914062,12.554688,12.109375,11.789062,10.820312
1	237	21	1.068676	22,21,23,24,20,18,16,19	25.656250,25.312500,24.203125,23.312500,21.406250,19.906250,19.765625,19.687500
1	238	9234	0.737751	9234,12425,5670,18096,6430,7855,10074,14633	15.671875,14.656250,13.765625,13.609375,12.468750,11.945312,11.796875,11.656250
1	239	315	0.008589	315,330,304,320,438,1154,19867,24849	23.906250,18.140625,17.156250,16.453125,16.140625,16.031250,16.031250,15.914062
1	240	279	0.180719	279,576,6326,48822,18096,18635,264,13434	18.390625,15.296875,13.617188,13.523438,13.476562,13.242188,13.023438,12.703125
1	241	12425	0.239273	12425,18096,26785,7855,3693,13434,1293,4013	17.281250,14.218750,14.062500,13.406250,12.664062,12.609375,12.523438,12.507812
1	242	4013	0.127718	4013,1473,18136,19584,26785,9778,24954,2025	17.937500,15.265625,13.804688,13.804688,12.976562,12.695312,12.640625,11.742188
1	243	1154	6.612852	576,48822,15696,53843,6326,17965,3089,4553	15.289062,14.781250,14.195312,13.500000,13.375000,13.273438,13.203125,13.132812
1	244	53843	3.781361	576,48822,15696,53843,3089,330,6326,18635	14.796875,13.195312,13.187500,12.812500,12.804688,12.742188,12.523438,12.382812
1	245	1154	1.281494	1154,659,323,304,2587,438,320,518	16.625000,16.062500,15.609375,15.429688,15.335938,15.171875,14.937500,14.859375
1	246	8110	6.794893	438,5619,323,304,892,1380,16263,15540	20.906250,19.937500,19.625000,19.500000,18.640625,18.375000,18.078125,17.531250
1	247	553	0.025156	553,304,19620,264,2937,5135,705,448	29.843750,25.671875,23.937500,23.109375,23.015625,23.000000,22.562500,22.343750
1	248	264	0.430096	264,279,458,2441,806,8640,1378,26255	18.796875,16.906250,16.703125,16.296875,15.671875,14.796875,14.578125,14.554688
1	249	3476	2.505615	220,8640,3476,39400,2613,825,949,2086	22.531250,21.484375,20.562500,19.734375,19.156250,18.312500,18.125000,17.656250
1	250	304	0.342159	304,438,389,518,315,369,5619,16263	27.328125,26.000000,25.062500,22.750000,21.968750,21.625000,21.609375,21.546875
1	251	279	0.163835	279,220,264,2441,458,576,362,18096	13.390625,10.593750,10.406250,9.179688,9.023438,8.531250,6.480469,6.449219
1	252	220	0.226837	220,12425,1486,4531,18096,6430,2086,2805	18.156250,16.093750,14.335938,14.078125,13.671875,13.132812,12.546875,12.304688
1	253	17	0.001467	17,16,18,19,24,21,220,15	28.781250,22.000000,19.312500,18.718750,18.625000,18.421875,18.421875,18.187500
1	254	15	0.000072	15,16,18,19,24,303,481,21	25.546875,14.921875,13.570312,13.359375,13.265625,13.171875,13.171875,13.007812
1	255	15	0.011251	15,16,339,17,481,22,220,21	27.437500,22.953125,15.468750,15.421875,14.843750,14.484375,14.187500,14.125000
