# model	models/mlx/gemma-3-4b-it-4bit
# corpus	tests/fixtures/wikitext2_excerpt.txt	tokens	292550
# chunks	40	chunk_tokens	8	topk	8	prefill	1536
# columns	chunk	pos	target	nll	top_ids	top_logits
# start_token	1536
# contiguous	false
0	0	611	0.037260	611,9106,496,506,4403,822,1938,11221	22.000000,17.250000,16.250000,16.125000,15.750000,15.062500,15.062500,14.875000
0	1	506	1.660259	506,496,1938,9106,784,1695,4403,11221	17.875000,17.625000,16.750000,16.750000,16.125000,16.125000,15.875000,15.875000
0	2	10805	4.758421	4338,4889,8330,1695,1938,10797,1447,5192	16.500000,16.375000,16.375000,16.250000,16.250000,16.250000,15.875000,15.437500
0	3	531	0.140343	531,783,532,600,573,623,611,1031	21.125000,18.375000,16.625000,16.625000,16.500000,16.500000,15.812500,15.750000
0	4	1975	6.327858	776,1879,5518,974,1441,817,577,6081	18.000000,17.125000,16.625000,16.500000,16.250000,15.875000,15.437500,15.437500
0	5	993	2.417076	822,872,528,993,580,684,625,2148	21.000000,19.625000,19.375000,19.250000,18.750000,17.750000,17.250000,16.625000
0	6	532	0.157913	532,783,607,528,1031,3182,618,623	20.625000,17.125000,17.000000,16.625000,16.500000,16.000000,15.687500,15.562500
0	7	1385	1.395611	1385,1879,40890,1134,5518,711,776,2910	18.000000,18.000000,17.250000,16.250000,16.125000,16.000000,15.750000,15.750000
1	0	1133	0.289114	1133,618,506,41687,13181,24746,45736,79500	20.750000,18.250000,17.625000,17.625000,16.875000,16.500000,16.500000,16.500000
1	1	611	0.036028	611,496,614,5026,625,886,19866,2613	22.125000,18.250000,16.500000,16.500000,16.250000,14.875000,14.562500,14.437500
1	2	1281	0.834539	1281,756,236789,735,3050,659,236858,2473	19.875000,19.625000,18.125000,17.125000,17.125000,16.875000,16.125000,15.875000
1	3	1144	0.032515	1144,7121,2613,783,4326,496,1217,625	22.750000,18.250000,17.000000,16.875000,16.750000,16.625000,16.000000,15.937500
1	4	611	0.107676	611,756,236789,563,236858,531,2141,822	22.375000,19.250000,19.250000,17.625000,17.375000,16.375000,16.125000,15.125000
1	5	756	0.375212	756,236789,659,236858,2141,14679,964,3490	21.500000,20.375000,18.875000,18.125000,17.375000,15.187500,15.062500,13.875000
1	6	500	0.005072	500,544,560,236750,659,503,236744,236753	23.625000,18.250000,15.625000,13.000000,12.812500,12.000000,11.812500,11.250000
1	7	3490	0.017776	3490,6931,6420,580,1003,872,776,1771	21.750000,17.250000,14.875000,14.750000,14.625000,14.187500,13.875000,13.750000
2	0	783	0.130547	783,623,1031,91578,236761,3729,532,16150	21.375000,18.375000,18.000000,17.375000,16.000000,15.812500,15.625000,15.437500
2	1	623	0.023104	623,13085,999,1030,236743,669,1293,564	22.500000,18.000000,17.375000,16.125000,15.125000,14.500000,14.500000,14.437500
2	2	151936	1.644348	236743,151936,799,1293,4923,669,783,107	18.125000,17.250000,16.875000,16.875000,14.562500,14.250000,14.062500,13.250000
2	3	589	-0.000000	589,654,1826,595,233019,78004,51896,3430	44.000000,27.875000,27.250000,25.500000,25.375000,24.875000,24.750000,24.000000
2	4	63844	0.191603	63844,9177,6657,691,815,992,1053,7245	21.250000,18.125000,18.000000,17.375000,17.000000,17.000000,16.500000,16.500000
2	5	528	0.010170	528,618,607,1570,16195,580,532,992	23.250000,18.500000,15.500000,14.812500,14.625000,14.312500,13.812500,13.000000
2	6	506	0.014618	506,496,1156,236743,669,11847,623,24006	21.000000,15.500000,15.000000,14.437500,14.000000,13.750000,13.187500,13.062500
2	7	236743	0.012403	236743,4103,6387,11847,7222,3853,4926,60788	22.625000,18.125000,13.750000,13.687500,13.625000,13.437500,13.312500,13.000000
3	0	236778	0.000011	236778,236770,236800,236825,236771,236812,236810,236819	35.500000,24.250000,19.250000,18.125000,17.750000,17.500000,17.250000,17.125000
3	1	236771	-0.000000	236771,236770,236743,241415,236819,236800,236810,236825	40.750000,19.750000,19.250000,18.750000,18.000000,17.750000,16.875000,16.875000
3	2	236770	0.000088	236770,236771,236778,236743,6243,6027,5365,870	29.625000,20.250000,16.375000,13.000000,12.250000,11.625000,10.937500,10.875000
3	3	236770	0.001379	236770,236778,236800,236771,236812,236825,236810,236832	27.250000,20.250000,18.500000,18.250000,17.625000,17.250000,17.125000,16.500000
3	4	4103	0.000551	4103,6387,4926,7222,17069,11847,6829,18155	25.375000,16.250000,15.500000,15.500000,15.250000,14.687500,14.562500,14.375000
3	5	24006	0.000854	24006,808,73071,50144,236764,1031,669,140092	25.125000,16.625000,16.500000,15.812500,14.937500,14.812500,14.750000,14.750000
3	6	140356	0.000011	140356,51281,108316,501,16055,5211,211527,168238	53.750000,42.250000,33.250000,32.250000,30.375000,30.125000,29.750000,29.500000
3	7	12078	0.051634	12078,783,1031,532,618,684,236761,236764	22.625000,18.875000,18.375000,16.750000,16.375000,16.250000,15.937500,15.687500
4	0	684	0.000034	684,3763,532,1392,783,236764,618,528	27.250000,15.562500,15.125000,14.687500,14.437500,13.562500,13.500000,13.375000
4	1	9079	0.000256	9079,123893,506,7001,1834,74432,226195,50429	25.500000,14.875000,14.562500,14.562500,14.500000,14.125000,13.812500,13.625000
4	2	1834	0.000019	1834,674,783,1392,3258,639,236761,532	32.000000,20.875000,17.750000,17.750000,17.125000,16.875000,16.000000,15.937500
4	3	59596	-0.000000	59596,830,9487,11274,158918,57692,111544,222962	50.000000,35.000000,33.000000,27.750000,26.750000,26.625000,26.375000,26.375000
4	4	783	0.047167	783,1031,532,2895,236761,618,528,236764	22.750000,19.375000,17.250000,17.250000,17.000000,15.562500,14.625000,14.187500
4	5	236743	0.482641	236743,1293,799,151936,107,4923,669,138	19.375000,18.000000,17.750000,16.625000,16.250000,14.625000,14.312500,14.062500
4	6	107	0.002031	107,108,109,110,236778,111,191,255968	27.625000,21.375000,17.500000,16.500000,15.937500,15.687500,15.687500,15.062500
4	7	578	0.641922	578,799,151936,1293,236743,669,138,4923	19.500000,19.125000,16.625000,16.500000,16.125000,14.750000,14.437500,14.125000
5	0	578	0.007544	578,1251,6977,4600,236743,138,44987,8006	22.875000,17.750000,14.687500,14.625000,13.937500,13.000000,12.875000,12.562500
5	1	17069	4.017982	578,34980,236743,21141,43469,17069,1251,25243	20.250000,19.000000,18.875000,17.500000,17.250000,16.875000,16.375000,16.375000
5	2	5167	0.009989	5167,532,578,981,6334,26657,833,44987	27.500000,22.000000,21.125000,20.375000,20.000000,19.875000,19.625000,19.250000
5	3	578	0.003935	578,618,568,236784,236787,236743,753,138	23.625000,17.125000,16.375000,16.250000,15.500000,14.187500,13.875000,13.812500
5	4	578	0.000219	578,1251,236743,4600,138,236784,6977,107	29.500000,20.500000,19.750000,18.750000,16.625000,16.625000,16.250000,16.000000
5	5	236743	0.006674	236743,107,108,578,138,568,139,236829	22.875000,17.625000,14.875000,14.875000,14.750000,13.187500,12.375000,11.750000
5	6	107	0.000561	107,108,191,109,195,110,234,209	36.750000,29.250000,24.125000,24.000000,22.375000,21.500000,21.125000,20.375000
5	7	578	7.565758	17069,236743,808,669,45824,5715,53050,5213	22.750000,20.125000,19.875000,18.000000,18.000000,17.625000,17.375000,17.000000
6	0	578	0.001688	578,1251,6977,17069,4600,110317,116331,57621	25.250000,18.000000,17.375000,16.125000,15.437500,14.875000,14.812500,14.750000
6	1	578	0.013689	578,6977,17069,1251,2119,96526,808,4600	24.125000,19.125000,17.625000,17.500000,16.375000,16.375000,16.250000,16.000000
6	2	17069	2.296942	236743,17069,37868,236778,32079,45824,43543,53050	26.375000,24.250000,23.125000,21.750000,21.125000,20.250000,20.125000,20.125000
6	3	578	0.005466	578,568,236743,236784,236787,138,1392,1890	25.750000,20.375000,17.625000,17.125000,15.937500,15.750000,15.187500,14.937500
6	4	578	0.000042	578,1251,568,236743,236784,138,6977,4600	29.125000,18.000000,17.750000,16.750000,16.500000,16.250000,15.375000,14.875000
6	5	578	0.000010	578,236743,1251,210037,236784,67081,138,41236	30.625000,17.875000,17.250000,16.875000,16.500000,16.375000,16.250000,15.875000
6	6	236743	0.002443	236743,107,138,139,568,108,808,141	22.625000,15.750000,15.187500,13.687500,13.000000,12.187500,12.125000,12.000000
6	7	107	0.000061	107,108,236778,255968,109,236770,192,193	30.875000,21.125000,16.875000,16.125000,15.875000,15.562500,14.687500,14.500000
7	0	578	9.313168	202225,236743,808,8799,4924,17310,17069,6156	20.500000,19.125000,18.000000,17.125000,16.000000,15.437500,15.312500,15.250000
7	1	578	0.007080	578,236743,1251,6977,202225,177317,753,808	21.625000,15.437500,14.875000,14.312500,13.187500,12.812500,12.625000,12.437500
7	2	578	0.033554	578,1251,6977,236743,808,753,139,1224	22.000000,17.000000,16.500000,16.375000,15.500000,15.375000,15.187500,15.125000
7	3	48173	15.507902	236743,202225,8799,236778,808,17310,226588,16431	19.875000,19.250000,15.750000,15.562500,14.812500,14.312500,13.812500,13.687500
7	4	578	0.013554	578,236784,568,236743,236787,12142,753,17069	21.125000,15.875000,14.437500,14.375000,13.812500,13.250000,13.187500,13.062500
7	5	578	0.000202	578,1251,236743,138,236784,6977,568,4600	25.125000,15.875000,14.437500,14.000000,13.812500,13.375000,12.687500,12.562500
7	6	578	0.000107	578,236743,41236,1251,138,236784,107,11191	25.000000,14.500000,14.250000,13.312500,12.625000,12.125000,12.062500,12.062500
7	7	236743	0.008560	236743,107,623,108,5240,138,17069,578	22.750000,17.000000,16.375000,15.250000,15.062500,14.937500,14.687500,14.250000
8	0	107	0.002340	107,108,234,191,197,213,109,212	30.000000,23.625000,21.500000,20.875000,20.375000,20.375000,19.500000,19.500000
8	1	578	1.370140	578,17069,236743,808,1293,151936,5240,799	18.125000,18.000000,17.250000,16.500000,16.500000,16.500000,16.000000,15.750000
8	2	578	0.009935	578,6977,1251,236743,17069,4600,808,107	20.375000,14.437500,14.312500,13.250000,12.062500,11.812500,11.375000,11.250000
8	3	578	0.010799	578,6977,17069,236743,1251,107,138,139	20.250000,13.750000,13.500000,13.000000,12.687500,12.437500,12.312500,12.125000
8	4	25239	0.759544	32079,25239,233809,40396,33032,236743,26470,103765	31.500000,31.375000,25.125000,24.875000,23.125000,22.625000,21.625000,21.625000
8	5	578	0.002491	578,568,236784,138,236786,236787,236743,965	22.750000,15.625000,15.562500,13.562500,13.125000,13.000000,12.937500,12.312500
8	6	578	0.000029	578,1251,236784,6977,138,4600,236743,41236	28.250000,16.875000,16.500000,15.187500,14.750000,14.500000,14.312500,13.937500
8	7	578	0.000097	578,41236,223987,236784,138,1251,236743,70815	27.250000,17.750000,14.562500,14.312500,14.125000,14.125000,14.000000,13.562500
9	0	236743	0.035246	236743,107,5240,108,578,623,2041,3679	25.250000,21.000000,20.625000,20.125000,18.875000,18.375000,17.875000,17.750000
9	1	107	0.027269	107,108,234,109,196,227,192,195	30.125000,26.500000,21.750000,21.375000,21.375000,20.500000,20.375000,20.375000
9	2	578	3.383524	236743,5240,12234,578,2041,1293,236775,6744	17.375000,16.875000,16.750000,15.562500,15.500000,15.437500,15.375000,15.312500
9	3	10336	18.707853	578,6977,1251,236743,108,107,138,41236	21.375000,14.812500,14.375000,12.687500,12.625000,12.375000,12.125000,12.125000
9	4	25133	11.222235	536,578,92301,13592,59751,551,623,236743	17.125000,15.625000,15.437500,15.312500,15.000000,14.562500,14.500000,14.187500
9	5	578	0.483736	578,568,691,236787,753,1017,236764,236743	17.875000,16.750000,14.812500,14.750000,14.375000,14.062500,14.000000,13.750000
9	6	236743	0.017712	236743,568,138,107,10336,753,870,236778	19.250000,13.312500,12.750000,11.937500,11.812500,11.687500,11.562500,11.312500
9	7	107	4.762642	236778,107,236770,108,255968,236810,236800,236828	22.500000,17.750000,16.750000,13.812500,13.312500,12.812500,12.750000,12.687500
10	0	10336	1.329052	10336,578,151936,1293,9877,669,799,236743	16.250000,16.000000,15.437500,14.812500,14.687500,14.375000,14.125000,14.062500
10	1	25133	0.006830	25133,53526,10090,10336,12402,568,236764,57581	25.875000,20.500000,19.500000,17.375000,16.375000,15.500000,14.937500,14.750000
10	2	568	0.093622	568,691,563,236764,1031,236789,108357,236858	18.875000,15.812500,14.625000,14.000000,13.625000,12.125000,12.062500,12.062500
10	3	57059	6.041334	43899,236755,8555,63190,48308,6672,236743,199837	24.500000,23.625000,23.375000,23.375000,22.625000,22.250000,21.875000,21.500000
10	4	1271	3.035431	1017,753,1732,100087,1271,236787,1031,236772	32.750000,31.125000,30.875000,30.875000,30.250000,29.875000,29.000000,28.875000
10	5	103556	2.347759	667,100087,103556,34900,60365,10995,152595,37961	36.750000,36.000000,35.000000,33.750000,33.250000,33.000000,33.000000,32.250000
10	6	1017	6.067387	17064,10995,12319,77482,18704,14132,236758,622	35.250000,34.750000,33.750000,33.750000,32.500000,32.000000,30.875000,30.625000
10	7	17206	7.675932	622,10336,236743,999,623,808,965,138	19.250000,18.250000,17.750000,16.875000,16.625000,16.625000,16.625000,16.000000
11	0	25133	0.006645	25133,10090,633,106671,50057,21243,57581,238288	34.250000,28.750000,27.375000,26.625000,26.500000,25.750000,24.750000,24.750000
11	1	2895	3.239523	1732,236768,2895,4141,1031,236793,236764,779	21.875000,18.875000,18.750000,17.375000,17.000000,16.500000,14.562500,14.062500
11	2	8555	0.609238	8555,88802,510,593,12139,114219,21568,43899	31.375000,30.625000,30.125000,28.500000,26.625000,25.500000,25.250000,25.250000
11	3	1017	0.005472	1017,236787,7579,81179,568,236743,5618,88802	24.125000,18.125000,17.500000,16.125000,15.500000,15.250000,14.687500,14.562500
11	4	236743	0.012520	236743,241030,870,138,2895,1031,808,19184	45.750000,41.250000,37.750000,37.500000,37.500000,37.250000,36.750000,36.000000
11	5	241030	-0.000000	241030,241556,240150,241028,19996,30507,467,241337	52.500000,38.750000,37.750000,37.250000,35.500000,35.250000,34.750000,34.500000
11	6	244048	-0.000000	244048,239857,238798,236743,244617,238477,237433,241049	53.000000,39.000000,34.500000,34.000000,31.625000,31.500000,31.375000,31.250000
11	7	2895	0.009527	2895,1031,870,1732,965,237996,622,236743	30.875000,25.250000,25.000000,24.250000,23.750000,22.625000,22.375000,22.000000
12	0	236743	5.341400	33625,8132,505,21568,6198,4472,95893,117508	41.000000,40.750000,39.000000,39.000000,38.750000,38.250000,37.750000,37.000000
12	1	236832	3.852505	236800,236770,236825,236812,236828,236832,236778,236810	47.750000,46.000000,45.750000,44.750000,44.250000,44.250000,41.750000,40.500000
12	2	236770	2.136078	236832,594,236770,5365,236786,7250,6027,5505	22.375000,21.500000,21.000000,20.125000,20.000000,19.500000,19.125000,19.000000
12	3	236778	0.000566	236778,236771,236770,236800,236828,236825,236819,236810	24.625000,16.375000,15.187500,14.750000,14.250000,14.000000,13.750000,13.625000
12	4	1271	0.037752	1271,236964,753,236772,236786,237028,7747,239541	23.625000,20.125000,17.875000,17.750000,16.125000,15.125000,14.875000,14.437500
12	5	236743	0.000984	236743,37125,236832,2360,505,5505,18096,8296	23.000000,14.500000,14.250000,13.750000,13.625000,13.562500,12.687500,12.250000
12	6	236832	0.000040	236832,236828,236770,236778,236819,236825,432,236800	28.250000,17.625000,15.687500,15.687500,15.687500,14.875000,14.250000,14.125000
12	7	236832	0.000019	236832,236825,236828,236770,236771,236800,236812,236819	29.125000,17.000000,17.000000,16.500000,15.375000,15.375000,15.000000,15.000000
13	0	236771	0.000008	236771,236770,236828,6198,236825,236832,236778,236806	32.250000,20.500000,17.000000,16.875000,16.125000,15.875000,15.750000,15.687500
13	1	1732	1.716923	236768,1732,779,7747,4141,2895,236786,20200	23.625000,22.125000,19.000000,17.750000,17.375000,17.250000,15.312500,14.937500
13	2	691	0.043716	691,1031,568,15141,870,9849,236743,138	22.625000,18.750000,18.375000,16.750000,15.687500,15.562500,15.500000,15.062500
13	3	496	0.222748	496,506,614,886,8132,8555,1031,236743	20.625000,18.375000,18.000000,17.750000,15.562500,13.437500,13.375000,13.375000
13	4	19942	5.250971	8555,3262,79473,27148,19942,3629,33461,9639	25.250000,22.875000,20.875000,20.375000,20.125000,19.250000,18.750000,18.250000
13	5	8555	0.020458	8555,27148,19224,532,48308,1031,51941,236764	27.625000,23.500000,21.250000,20.750000,19.250000,19.000000,19.000000,18.750000
13	6	27148	0.001934	27148,65966,26448,19224,11858,51941,102671,236772	33.000000,26.125000,24.875000,24.375000,24.000000,23.500000,23.250000,22.375000
13	7	529	0.013136	529,532,236764,1913,699,5769,236761,8132	22.625000,16.750000,16.375000,16.250000,16.125000,15.125000,14.750000,14.562500
14	0	506	0.002871	506,496,529,3649,1392,8761,11333,236743	21.000000,13.000000,11.687500,11.687500,11.562500,11.500000,11.500000,11.250000
14	1	30752	0.023083	30752,3649,211939,158640,119578,142711,87720,808	39.750000,35.500000,34.250000,33.250000,33.000000,32.250000,31.875000,31.750000
14	2	59207	0.225489	59207,75205,568,26448,6933,8555,870,45161	29.250000,27.875000,19.375000,17.750000,16.750000,16.750000,16.125000,15.937500
14	3	783	0.222281	783,568,236761,1031,532,6933,236764,2846	21.875000,19.500000,19.125000,18.875000,17.500000,17.000000,16.750000,16.375000
14	4	31651	7.956526	1293,236743,4923,10336,1773,138,107,669	19.875000,17.875000,17.375000,16.000000,15.062500,14.875000,14.812500,14.750000
14	5	607	0.003031	607,3227,236743,1392,515,506,4060,531	22.250000,15.500000,14.500000,14.437500,13.312500,12.875000,12.812500,12.562500
14	6	8484	0.002514	8484,75544,10336,21001,57323,506,15985,65966	42.750000,36.500000,34.250000,34.000000,34.000000,31.750000,31.625000,31.375000
14	7	68266	0.000004	68266,3594,202026,115919,8475,230867,8307,603	53.250000,39.500000,39.000000,37.750000,36.000000,35.750000,34.250000,33.250000
15	0	568	4.242290	532,1031,568,236764,833,783,624,237028	21.125000,20.250000,17.250000,14.937500,14.250000,12.625000,12.375000,12.312500
15	1	8484	0.043846	8484,75544,992,17623,3224,639,238859,23681	32.500000,29.250000,26.375000,26.000000,25.625000,25.375000,23.625000,23.500000
15	2	8307	0.030685	8307,13872,3594,18321,36750,558,10001,19653	53.750000,50.250000,46.750000,43.750000,41.000000,40.250000,39.500000,38.250000
15	3	1732	0.027901	1732,4141,1031,2895,236768,532,1271,965	22.875000,19.125000,17.000000,15.500000,14.687500,14.437500,14.375000,13.562500
15	4	1031	2.240707	532,1031,568,624,783,237028,528,529	22.125000,20.000000,15.250000,13.937500,13.625000,13.437500,13.125000,13.062500
15	5	668	0.660641	668,10336,17206,38831,21001,506,57323,72734	32.250000,32.000000,30.000000,28.500000,27.750000,26.625000,26.500000,26.375000
15	6	563	0.021082	563,756,236789,236858,2141,815,691,26867	21.125000,16.250000,15.187500,14.937500,14.750000,14.687500,13.500000,13.437500
15	7	11572	7.125956	4542,12865,18793,6816,886,3187,3571,506	22.375000,22.125000,21.625000,19.125000,19.000000,18.500000,17.625000,17.125000
16	0	2760	6.439560	18793,4542,22829,4970,25847,11081,4247,6950	21.250000,20.750000,20.000000,17.375000,17.375000,16.000000,15.937500,15.812500
16	1	506	1.547541	886,506,999,3571,496,623,5818,1031	20.125000,18.875000,16.000000,15.562500,15.187500,15.062500,14.312500,13.500000
16	2	11333	2.185743	999,11333,623,2141,1346,2789,90333,6353	25.500000,23.500000,22.125000,20.625000,20.250000,19.625000,19.250000,18.875000
16	3	529	3.112129	8555,3571,529,532,27148,15082,3785,54713	38.000000,35.250000,35.000000,31.875000,31.500000,30.125000,30.000000,28.375000
16	4	506	5.340500	8555,5818,784,506,15082,65966,4135,54713	36.250000,33.500000,32.500000,31.000000,29.875000,27.625000,26.125000,25.375000
16	5	8555	0.803368	8555,38923,999,13038,1551,30752,15082,92470	32.750000,32.500000,30.625000,30.250000,29.875000,29.500000,29.125000,29.125000
16	6	65966	0.000679	65966,15082,73887,78294,54713,2765,9760,10092	39.750000,31.875000,30.625000,30.250000,30.125000,28.750000,28.000000,27.500000
16	7	783	0.081194	783,1031,532,2895,3693,528,529,236761	21.250000,18.500000,16.375000,15.312500,14.812500,14.625000,14.375000,14.250000
17	0	4923	1.733135	236743,4923,1293,10336,669,799,138,870	18.875000,17.875000,17.750000,17.375000,15.125000,14.875000,14.375000,14.125000
17	1	11333	10.437065	35091,26448,981,4146,19418,10819,28834,236743	21.625000,21.000000,20.125000,19.125000,17.375000,17.000000,17.000000,17.000000
17	2	43661	10.105301	4146,981,5249,35091,24007,22888,27355,73887	22.250000,20.250000,19.375000,19.250000,18.875000,17.625000,17.250000,16.750000
17	3	691	0.187048	691,528,532,236764,1031,1053,531,573	19.750000,17.375000,16.125000,15.187500,15.000000,14.875000,14.687500,14.187500
17	4	531	0.023989	531,2752,2462,711,496,506,600,914	19.375000,13.437500,13.312500,13.187500,12.437500,12.437500,12.187500,12.125000
17	5	7298	0.425846	7298,3291,577,3892,735,4301,981,6350	19.500000,18.125000,17.625000,15.000000,14.750000,14.625000,14.562500,14.187500
17	6	914	1.426464	506,914,618,528,496,532,3251,607	22.750000,21.625000,18.000000,17.500000,16.625000,16.375000,16.250000,15.875000
17	7	2891	0.009731	2891,52902,39660,3251,1883,7097,38613,46505	28.750000,23.500000,22.250000,21.875000,21.625000,20.625000,20.500000,19.250000
18	0	618	3.365482	1031,532,783,236764,618,1343,684,2895	18.750000,17.750000,17.375000,16.875000,16.125000,15.562500,15.437500,15.125000
18	1	496	0.138906	496,614,506,668,1602,914,886,1392	19.375000,17.375000,13.187500,12.750000,12.000000,11.875000,11.625000,11.375000
18	2	6595	9.999525	3251,13933,19224,1237,1494,8202,154907,31451	25.250000,24.125000,24.125000,24.000000,23.375000,23.000000,22.875000,21.375000
18	3	8202	2.283134	5125,3251,8202,19224,25824,13933,1237,532	27.125000,26.375000,25.500000,24.625000,24.000000,23.875000,23.500000,23.375000
18	4	34936	0.007862	34936,5125,30373,205924,2509,179053,1292,146629	27.625000,22.375000,19.750000,19.750000,19.500000,19.250000,19.000000,18.875000
18	5	1031	0.508751	1031,783,236764,2895,532,840,1271,237028	19.375000,18.500000,16.750000,16.250000,15.937500,15.812500,14.750000,14.687500
18	6	840	0.052090	840,532,496,837,3635,3819,3685,668	20.750000,16.875000,15.750000,15.187500,15.125000,14.937500,14.812500,13.500000
18	7	668	0.081596	668,914,9785,672,2779,528,5205,691	20.500000,17.375000,15.187500,14.875000,14.625000,14.500000,14.437500,14.312500
19	0	12183	8.779428	691,7785,8428,1053,8390,2752,16695,26654	22.125000,19.625000,19.125000,17.625000,17.500000,17.375000,17.125000,17.125000
19	1	13327	3.377783	531,22541,13327,26654,496,52963,66865,13298	21.625000,19.375000,18.625000,18.500000,18.125000,18.000000,18.000000,17.750000
19	2	531	0.002623	531,528,783,1031,532,618,573,1547	22.125000,14.000000,13.937500,13.812500,13.437500,13.375000,13.125000,13.125000
19	3	1386	5.680672	6350,776,3011,7411,2874,13113,20159,29331	20.250000,19.500000,18.750000,18.750000,18.375000,18.375000,18.125000,18.125000
19	4	506	4.468571	496,625,914,506,1027,614,147600,5609	21.250000,17.125000,17.125000,16.875000,16.875000,16.750000,16.375000,15.562500
19	5	4127	2.947638	11398,4127,3463,1638,26487,3149,6334,7140	24.375000,21.625000,21.375000,20.375000,20.000000,19.750000,19.625000,19.625000
19	6	54472	12.984747	13792,5255,98819,6334,192595,19722,33306,28051	24.750000,20.750000,19.750000,19.000000,18.875000,18.750000,18.625000,18.375000
19	7	783	5.123219	531,573,607,528,783,532,2779,1031	21.625000,18.750000,17.875000,17.375000,16.625000,16.375000,16.375000,15.500000
20	0	4923	2.438854	1293,236743,4923,10336,1773,799,4210,1174	18.250000,17.750000,16.750000,16.750000,15.500000,15.375000,14.937500,14.875000
20	1	1972	2.515112	35091,26448,1972,981,4146,27355,3649,73887	18.250000,17.875000,16.625000,16.000000,14.687500,14.500000,14.312500,14.312500
20	2	1031	6.233446	691,532,815,563,1053,740,618,10714	19.875000,17.125000,15.687500,15.562500,15.062500,14.562500,14.312500,14.187500
20	3	1133	5.856457	532,914,618,3635,3685,837,528,6334	17.500000,16.625000,15.625000,15.437500,15.375000,15.312500,15.250000,15.125000
20	4	506	4.269619	600,914,506,1551,1623,1724,496,784	19.875000,19.000000,16.000000,15.437500,15.437500,14.187500,13.875000,13.812500
20	5	3697	7.279659	1972,35091,981,6176,26448,27355,4146,6334	16.500000,16.500000,15.687500,15.625000,15.437500,14.125000,14.062500,13.875000
20	6	2891	7.588202	529,1972,6334,3003,2846,27355,981,1902	18.375000,14.687500,14.000000,13.937500,13.187500,13.187500,13.062500,12.937500
20	7	1031	0.594587	1031,529,657,1913,668,528,756,236858	18.375000,16.875000,15.937500,15.875000,15.437500,15.312500,15.312500,15.187500
21	0	691	0.208826	691,16695,1053,9763,815,3939,6915,54051	18.875000,15.625000,15.062500,14.562500,14.500000,14.375000,14.250000,13.937500
21	1	78782	4.558235	11373,528,171151,9034,85739,67509,19297,27222	16.250000,15.125000,14.812500,14.750000,14.562500,14.437500,14.375000,14.375000
21	2	684	0.013668	684,532,1913,528,1392,1056,618,607	21.000000,15.187500,14.875000,14.437500,13.875000,13.687500,13.250000,13.187500
21	3	506	0.054192	506,496,3756,3653,93263,1455,28481,56062	19.375000,14.937500,14.062500,13.250000,13.250000,13.062500,12.562500,12.562500
21	4	1455	0.003983	1455,43666,236743,69166,730,17064,7286,78050	30.375000,24.125000,23.000000,22.625000,21.500000,21.250000,21.125000,20.875000
21	5	639	0.017906	639,40608,236964,51020,236772,197866,49511,537	35.500000,31.375000,27.750000,27.375000,27.250000,26.875000,26.750000,26.625000
21	6	117936	0.264351	117936,12570,14828,6723,41861,10932,7422,156684	42.750000,41.500000,38.000000,37.500000,36.000000,35.000000,34.250000,34.250000
21	7	121424	0.390144	121424,68730,83800,49475,7296,109658,1392,1276	30.125000,29.375000,23.875000,23.750000,21.750000,21.625000,21.125000,20.625000
22	0	529	4.326717	783,1031,528,568,529,2895,532,837	20.750000,19.375000,17.500000,16.875000,16.750000,16.625000,16.375000,15.875000
22	1	236743	0.007549	236743,506,5226,1392,837,3649,496,1031	22.000000,16.875000,13.562500,13.062500,12.750000,12.375000,12.125000,12.062500
22	2	236832	0.000011	236832,236828,236825,247848,236770,236819,236771,236778	35.000000,23.250000,22.125000,20.375000,20.250000,19.875000,18.375000,18.250000
22	3	236810	0.000755	236810,236812,236825,236800,236778,236832,236771,236770	27.250000,19.375000,18.500000,17.500000,17.250000,17.125000,16.625000,16.250000
22	4	236810	0.000053	236810,236812,236825,236771,236770,236819,236800,236778	27.625000,16.750000,16.625000,15.437500,15.375000,14.562500,14.375000,14.250000
22	5	1031	1.472994	783,1031,2895,1271,236964,7747,532,837	24.375000,23.250000,20.875000,20.500000,20.500000,19.125000,18.625000,18.375000
22	6	532	3.094826	837,496,532,528,1913,506,614,886	19.625000,17.000000,16.750000,15.875000,15.812500,15.375000,15.125000,14.250000
22	7	914	1.935841	668,914,506,672,625,10336,618,528	19.250000,17.625000,15.937500,15.437500,14.937500,14.625000,14.125000,14.000000
23	0	1774	6.171049	35091,26448,27355,981,2523,3209,73887,28834	18.875000,18.500000,15.875000,15.812500,15.750000,15.687500,15.500000,15.187500
23	1	236743	4.398575	35091,1518,12571,4146,5249,1806,3493,15588	20.250000,19.875000,18.500000,18.125000,18.125000,18.000000,17.625000,17.625000
23	2	236770	0.003899	236770,236828,236778,236800,236819,236810,236825,236832	41.000000,34.500000,34.250000,33.750000,32.750000,32.000000,31.625000,30.375000
23	3	236810	4.198853	236800,236812,236810,236771,236825,236832,236828,236778	34.000000,32.250000,30.000000,29.750000,29.000000,28.000000,27.750000,27.125000
23	4	1518	0.031834	1518,1392,653,531,35091,236772,1271,236771	21.125000,16.625000,15.500000,15.125000,15.000000,14.500000,14.125000,13.875000
23	5	964	0.060711	964,7785,529,11742,668,1031,528,659	20.250000,16.625000,15.875000,14.625000,14.375000,13.812500,13.625000,13.125000
23	6	496	8.757071	7785,13298,11742,6915,23011,10723,531,27874	22.625000,15.437500,15.312500,15.125000,15.000000,14.937500,14.687500,14.437500
23	7	990	1.115095	2846,990,1972,38997,3605,16438,4512,8906	19.500000,18.875000,15.125000,14.687500,14.625000,14.625000,14.125000,14.125000
24	0	529	0.004772	529,528,1056,1913,573,7785,600,531	20.875000,13.687500,13.562500,13.062500,12.687500,12.437500,12.000000,11.875000
24	1	4180	3.866453	1822,4512,36628,18487,74627,64644,3577,69114	17.625000,17.250000,16.750000,16.625000,16.500000,16.375000,16.125000,16.000000
24	2	4512	0.529564	4512,8906,74802,4133,2558,137268,73315,213121	21.250000,20.250000,18.875000,18.625000,18.125000,17.500000,16.875000,16.875000
24	3	69663	8.773865	22367,74627,64644,4301,7296,16064,161612,69114	21.875000,21.375000,20.750000,20.125000,19.375000,19.125000,19.125000,18.000000
24	4	783	2.865578	532,783,1031,528,2895,1913,618,1017	21.250000,18.500000,18.125000,15.125000,15.125000,14.812500,13.812500,13.687500
24	5	236743	0.362301	236743,1293,4923,10336,18565,799,669,107	18.750000,16.625000,15.875000,15.812500,15.750000,14.625000,14.437500,14.375000
24	6	107	0.010489	107,108,109,234,191,110,236770,111	25.125000,20.250000,17.875000,17.750000,17.625000,17.000000,15.937500,15.625000
24	7	8035	6.879864	10336,1293,4923,578,669,799,236743,18565	19.500000,17.750000,16.750000,16.125000,16.125000,16.000000,15.250000,15.062500
25	0	14877	6.798069	668,10336,914,506,496,711,993,1186	18.375000,17.375000,16.750000,15.062500,14.625000,14.500000,13.625000,13.625000
25	1	668	2.874084	496,18793,668,3224,43605,31007,4542,62876	16.000000,15.312500,14.750000,14.062500,14.000000,13.937500,13.875000,13.562500
25	2	691	1.044531	691,1053,7971,1602,15023,34554,4461,7779	17.250000,17.125000,14.937500,14.562500,13.750000,13.562500,13.500000,13.375000
25	3	2268	7.788044	496,711,614,3224,18793,4542,1388,43605	16.375000,14.750000,13.937500,13.937500,13.937500,13.687500,13.000000,13.000000
25	4	1392	6.150085	3224,236772,18793,14275,12659,22572,23101,32175	20.875000,17.875000,17.625000,16.625000,16.375000,16.250000,15.875000,15.250000
25	5	236772	0.011086	236772,753,236964,237028,1271,726,236743,240088	22.375000,17.750000,14.812500,13.312500,13.000000,12.437500,12.000000,11.875000
25	6	236940	0.000629	236940,10379,227760,18812,753,1392,62509,103234	25.875000,18.125000,16.625000,14.875000,14.625000,14.312500,13.687500,13.562500
25	7	3224	0.044741	3224,18793,14275,12659,22572,32175,8601,33461	23.125000,18.750000,18.625000,18.000000,17.625000,17.000000,16.875000,16.375000
26	0	531	4.815428	1031,618,528,532,1913,4782,1056,573	19.500000,18.375000,17.250000,17.125000,17.000000,15.875000,15.500000,15.250000
26	1	1032	6.951431	506,914,163515,496,116771,1027,28675,17865	19.750000,16.500000,15.625000,15.375000,15.125000,14.500000,14.500000,14.250000
26	2	20227	3.610441	65966,20227,31604,5496,8555,1331,118239,28885	20.625000,17.125000,16.875000,15.875000,15.500000,15.312500,15.250000,15.187500
26	3	1031	0.761841	1031,532,529,1913,528,657,618,1056	18.750000,18.000000,17.125000,17.000000,16.375000,15.875000,14.812500,14.812500
26	4	914	1.457008	668,10336,914,532,684,506,528,151936	17.750000,17.500000,17.375000,14.937500,14.937500,14.812500,14.500000,14.250000
26	5	4146	2.564196	981,35091,26448,4146,17659,3209,28834,3649	18.250000,18.125000,17.750000,16.875000,16.125000,15.562500,14.812500,14.750000
26	6	3588	4.170404	964,16531,5452,735,6074,18380,6077,4949	18.750000,18.375000,18.250000,17.250000,17.250000,17.125000,16.750000,16.625000
26	7	531	0.019930	531,1131,1208,15747,3209,18380,528,1063	22.875000,18.750000,15.375000,15.375000,14.687500,14.500000,14.375000,14.062500
27	0	577	0.366346	577,77071,506,25581,2214,5700,17865,5777	21.000000,19.625000,17.500000,17.500000,17.000000,16.750000,16.750000,16.375000
27	1	60680	5.107828	12659,6112,12865,18793,22572,23101,15747,26248	18.875000,18.125000,18.125000,17.875000,17.375000,16.750000,16.500000,16.000000
27	2	36503	1.249754	4913,36503,22572,2132,23101,6595,62876,57149	19.000000,18.875000,18.000000,17.875000,16.875000,16.500000,15.812500,15.500000
27	3	528	0.605434	528,1308,532,1913,531,618,684,1024	19.625000,18.375000,17.250000,17.000000,16.375000,16.375000,16.125000,16.000000
27	4	1800	8.002169	506,8555,5818,3209,236743,496,13323,914	21.000000,17.875000,17.500000,17.000000,16.250000,16.000000,15.625000,14.187500
27	5	8555	3.321918	5818,8555,506,6056,15082,7123,26448,236743	24.500000,21.250000,20.500000,19.000000,18.250000,17.875000,17.750000,17.625000
27	6	532	0.027929	532,833,11089,6540,26448,1031,4083,28885	20.000000,15.062500,14.812500,14.312500,14.312500,12.937500,12.687500,12.437500
27	7	12139	4.511082	10063,1902,5251,5422,7262,12139,16425,9203	22.250000,20.500000,18.375000,18.375000,18.375000,18.000000,17.750000,17.500000
28	0	28885	4.123085	11089,26448,6540,5496,20117,28885,11739,34795	21.750000,19.125000,19.000000,18.750000,18.000000,17.875000,17.000000,17.000000
28	1	6540	3.940079	28968,4083,14385,21189,6540,532,54949,20117	20.750000,20.125000,19.375000,18.500000,17.500000,16.625000,16.625000,16.125000
28	2	783	0.411413	783,1308,1031,528,1913,532,618,1024	19.625000,17.625000,17.250000,16.875000,16.375000,15.812500,15.687500,15.625000
28	3	5517	9.071672	4923,236743,1293,669,10336,799,4210,1773	18.125000,18.125000,18.000000,16.125000,16.000000,15.875000,14.812500,14.750000
28	4	914	0.411875	914,506,784,10336,2931,1239,236743,496	19.750000,18.625000,17.750000,15.437500,15.062500,14.375000,13.875000,13.500000
28	5	73887	8.475367	8296,7109,919,20129,236743,1024,2578,23494	20.375000,19.750000,18.625000,18.375000,18.125000,17.875000,17.750000,17.500000
28	6	5712	7.678947	4146,3938,981,3117,8881,162292,29685,22888	19.500000,19.000000,17.375000,17.000000,16.125000,15.750000,15.437500,15.125000
28	7	1031	0.285963	1031,3117,668,993,528,532,506,529	18.625000,15.687500,15.500000,15.500000,14.687500,14.375000,14.125000,13.937500
29	0	7109	6.605740	506,668,625,496,993,1186,236743,33392	17.000000,16.875000,16.500000,15.750000,15.687500,15.500000,15.437500,14.875000
29	1	31013	8.175894	784,236743,1418,886,3746,1156,496,1806	22.375000,22.000000,19.625000,18.875000,18.250000,17.750000,17.625000,17.375000
29	2	7549	0.083792	7549,13460,3591,24744,1392,13947,20278,529	22.500000,19.125000,18.750000,18.000000,16.750000,16.375000,16.250000,16.000000
29	3	35091	0.853918	35091,42609,51672,529,4463,4133,1392,3141	22.125000,21.500000,21.000000,20.125000,19.375000,19.125000,18.500000,18.250000
29	4	735	1.052509	735,532,4595,19635,964,1031,659,2849	20.000000,19.750000,18.750000,18.750000,18.375000,17.500000,17.375000,17.125000
29	5	1010	0.482466	1010,24096,2229,12800,3291,8452,1492,834	22.000000,21.500000,16.500000,15.625000,14.562500,14.500000,14.250000,14.125000
29	6	27750	0.608078	27750,10819,6469,28725,6915,26622,10683,21919	22.125000,21.750000,18.375000,18.375000,17.875000,17.875000,17.500000,17.500000
29	7	1024	7.679651	1031,783,528,2895,532,684,531,618	19.875000,19.750000,17.375000,17.000000,16.625000,16.500000,15.812500,15.687500
30	0	506	0.862034	990,506,496,1392,24744,236743,1551,3572	21.000000,20.750000,17.000000,15.937500,15.625000,15.625000,14.750000,14.562500
30	1	16606	6.282127	24744,3003,990,10336,2846,1518,3911,3068	25.125000,23.750000,22.500000,22.125000,21.875000,21.250000,20.875000,20.750000
30	2	783	0.360613	783,1031,2895,528,618,1271,532,1343	20.250000,19.125000,16.625000,15.875000,15.500000,15.375000,15.312500,15.125000
30	3	1293	2.412197	236743,1293,4923,3143,10336,669,799,1174	19.125000,17.125000,17.000000,16.125000,15.625000,15.500000,14.937500,14.437500
30	4	815	3.397707	563,691,815,7971,7474,11742,236858,5452	19.125000,16.000000,16.000000,15.687500,14.875000,14.437500,14.375000,13.875000
30	5	1010	0.328575	1010,496,992,3291,1053,614,21202,3187	19.250000,16.625000,16.250000,15.750000,15.437500,14.750000,14.687500,14.437500
30	6	2760	2.691017	4970,496,2760,12865,18793,43605,28700,123274	16.250000,16.125000,16.125000,16.125000,16.125000,15.750000,15.687500,15.000000
30	7	506	0.968374	506,999,623,496,684,886,614,2141	18.375000,18.000000,17.500000,17.000000,16.000000,15.312500,14.812500,14.437500
31	0	623	1.500296	999,623,2141,756,1346,36951,11333,13085	18.750000,17.625000,15.500000,14.312500,13.500000,13.437500,13.312500,13.250000
31	1	102671	1.017996	102671,27148,10541,36951,6353,8307,15778,2028	19.375000,18.875000,17.625000,17.125000,16.875000,16.750000,16.250000,15.937500
31	2	1392	8.860601	43599,529,141093,14148,66642,531,3571,236772	23.125000,22.125000,20.000000,18.750000,18.750000,18.500000,18.125000,18.000000
31	3	236772	0.005182	236772,753,236964,726,237028,8072,146227,10379	23.125000,17.500000,15.312500,14.312500,13.875000,13.500000,13.375000,13.312500
31	4	236940	0.001085	236940,10379,227760,236888,110689,753,102671,236880	24.125000,16.375000,15.750000,14.562500,14.125000,13.812500,13.812500,13.812500
31	5	18868	9.373276	43599,14148,66642,60303,141093,73906,53184,6065	24.500000,22.500000,22.375000,21.750000,21.000000,20.250000,20.000000,19.750000
31	6	1037	0.000233	1037,5990,10931,1099,236775,617,236772,130861	37.250000,28.875000,21.875000,21.500000,21.375000,19.875000,19.625000,19.500000
31	7	623	0.084015	623,999,13085,236775,1031,16150,7553,783	19.125000,14.812500,14.812500,14.687500,14.625000,14.187500,14.000000,13.437500
32	0	532	4.083260	1547,573,568,2779,1031,684,783,532	18.625000,18.250000,17.625000,16.875000,16.750000,16.375000,16.000000,15.562500
32	1	506	1.227310	506,623,999,815,914,563,496,668	18.375000,18.250000,17.500000,16.875000,16.875000,16.625000,15.500000,15.250000
32	2	623	0.115736	623,999,27148,756,1346,6353,102671,1171	20.000000,17.750000,13.312500,13.250000,12.750000,12.687500,12.437500,12.250000
32	3	102671	0.037867	102671,27148,8307,64988,10541,34353,9432,60893	21.250000,16.500000,15.375000,15.000000,14.187500,14.062500,14.000000,13.875000
32	4	1392	0.071283	1392,529,236940,226453,1271,607,236772,528	20.625000,17.875000,14.437500,13.250000,13.000000,12.875000,12.875000,12.562500
32	5	236772	0.003242	236772,753,236964,237028,726,240088,146227,26166	23.875000,18.000000,14.687500,13.812500,13.500000,13.500000,13.125000,12.687500
32	6	236940	0.000557	236940,10379,5336,227760,753,726,236888,255968	39.000000,31.500000,25.250000,25.250000,25.125000,24.875000,23.875000,23.750000
32	7	66642	3.070086	91301,2599,74690,14148,66642,4184,7079,29971	18.375000,17.375000,17.375000,17.250000,17.250000,17.125000,17.125000,17.125000
33	0	623	0.109316	623,16150,13085,1031,783,236775,999,7553	19.750000,16.125000,15.687500,15.562500,15.437500,15.062500,14.937500,14.625000
33	1	684	3.619823	573,1547,783,2779,1031,684,618,236743	18.625000,18.500000,18.125000,17.625000,17.250000,16.250000,15.500000,15.375000
33	2	8555	3.765629	914,1070,3209,31604,33392,1551,506,1724	17.000000,16.375000,16.250000,16.125000,15.562500,15.375000,15.062500,14.937500
33	3	33392	1.125954	31604,33392,28885,61806,118239,20227,15021,65966	19.500000,19.250000,17.500000,17.250000,16.625000,16.500000,16.250000,16.125000
33	4	1031	2.396881	783,1031,532,1547,573,1015,2779,618	19.375000,17.250000,16.625000,15.750000,15.687500,15.312500,14.937500,14.250000
33	5	1651	6.758858	1547,2779,532,31057,573,26242,528,32427	16.875000,16.625000,16.375000,16.125000,15.500000,15.437500,15.250000,15.187500
33	6	506	2.345329	528,914,10063,3496,506,1070,668,12139	16.375000,16.375000,16.375000,16.250000,16.125000,15.687500,15.437500,15.000000
33	7	2644	10.471413	12139,10063,5422,1941,4844,7222,27148,9115	18.000000,16.500000,15.500000,15.000000,14.937500,14.250000,14.250000,13.812500
34	0	529	0.057135	529,532,528,1031,563,699,833,7438	21.500000,18.500000,16.000000,14.062500,13.625000,13.375000,13.062500,13.062500
34	1	914	0.101379	914,22888,12560,506,14050,14062,3660,19979	19.750000,16.375000,15.875000,15.062500,15.062500,14.375000,13.937500,13.437500
34	2	981	1.452963	981,26448,35091,3660,22888,4146,5712,12560	17.625000,17.250000,16.875000,16.500000,16.500000,16.375000,16.000000,15.937500
34	3	815	1.357466	815,563,5132,13526,61467,6969,55462,22136	18.500000,18.375000,17.500000,17.250000,16.750000,16.125000,16.125000,15.687500
34	4	6208	6.497831	1010,5378,992,15575,5012,13696,28105,3187	18.875000,17.000000,15.812500,14.812500,14.500000,14.125000,13.812500,13.562500
34	5	1515	0.221148	1515,625,573,914,33392,506,531,31604	19.625000,17.000000,16.500000,15.625000,15.500000,15.375000,15.062500,14.875000
34	6	531	0.009943	531,496,506,618,914,532,992,1551	21.500000,15.000000,14.562500,14.250000,14.125000,13.937500,13.687500,13.312500
34	7	577	0.098225	577,3291,735,1975,7630,7298,2890,12056	19.625000,15.500000,14.000000,13.750000,13.750000,13.687500,13.375000,13.250000
35	0	8314	10.137356	4970,3472,18793,21296,4542,2760,19578,26777	16.250000,15.875000,15.812500,15.562500,15.437500,15.125000,15.000000,14.687500
35	1	531	0.731535	531,618,1131,528,532,607,1343,3418	20.375000,20.250000,17.875000,17.125000,16.125000,15.375000,15.312500,15.312500
35	2	10063	3.709862	496,506,28675,4532,15021,1551,1800,10063	18.375000,16.625000,16.625000,16.375000,16.375000,15.812500,15.562500,15.500000
35	3	15021	1.726160	28675,15021,31604,28885,33013,11089,6540,33392	18.875000,17.750000,16.875000,16.125000,15.687500,15.375000,14.875000,14.875000
35	4	618	0.225086	618,783,528,1343,532,684,607,1208	19.625000,16.625000,16.500000,16.125000,15.687500,15.687500,15.625000,15.312500
35	5	623	3.635239	496,506,614,623,999,1388,886,1800	19.250000,16.500000,15.937500,15.812500,15.750000,14.687500,14.562500,14.562500
35	6	506	0.193764	506,669,496,27148,1437,818,102671,886	18.000000,15.812500,14.187500,12.875000,12.812500,12.687500,12.125000,11.500000
35	7	8555	1.904318	1346,8555,11333,1171,5422,26123,877,6693	22.875000,21.625000,20.375000,20.250000,19.750000,19.750000,19.500000,19.500000
36	0	118854	3.703922	36951,76204,160500,118854,163428,9363,119868,5460	33.500000,32.250000,31.250000,30.250000,30.125000,29.750000,29.625000,29.500000
36	1	1031	4.526903	623,783,91578,16150,236775,1031,999,13085	20.000000,18.000000,17.375000,17.000000,15.812500,15.750000,14.750000,14.687500
36	2	117121	12.437332	623,13085,999,506,653,756,496,607	19.625000,15.937500,15.687500,14.375000,12.937500,12.875000,12.125000,11.812500
36	3	1031	0.239048	1031,532,653,236764,783,833,2895,753	18.250000,16.625000,15.312500,12.312500,12.187500,11.687500,11.375000,10.562500
36	4	708	8.640820	532,653,833,1031,55380,83246,708,36951	22.875000,22.125000,16.125000,15.687500,15.562500,14.812500,14.625000,13.812500
36	5	17614	0.000011	17614,3386,5847,1031,4176,236858,3203,9771	43.000000,31.500000,29.125000,28.875000,28.125000,27.750000,27.625000,26.750000
36	6	1031	0.451620	1031,532,653,783,623,2895,1271,236764	17.625000,16.875000,14.000000,13.312500,13.187500,11.937500,11.812500,11.812500
36	7	36951	6.366789	532,653,55380,76204,83246,139152,36951,154382	21.625000,19.250000,16.375000,16.000000,15.750000,15.500000,15.375000,14.312500
37	0	1031	0.366930	1031,532,623,783,653,2895,91578,236764	18.750000,17.125000,16.625000,16.125000,13.812500,13.562500,13.125000,12.937500
37	1	55380	5.456255	532,653,55380,139152,4044,36386,76204,506	21.500000,18.500000,16.125000,15.562500,15.437500,15.375000,15.187500,15.062500
37	2	1031	0.872038	1031,623,783,532,91578,16150,2895,999	19.250000,19.000000,18.000000,17.500000,16.000000,15.375000,15.312500,14.875000
37	3	53599	8.913754	532,653,139152,4044,623,506,83246,195585	22.500000,20.000000,18.750000,18.125000,17.750000,17.125000,17.000000,16.750000
37	4	1031	0.587042	1031,532,623,783,2895,91578,833,653	19.500000,18.875000,17.500000,16.875000,14.937500,14.375000,14.187500,13.937500
37	5	160500	7.170679	532,653,76204,4044,195585,139152,506,117299	22.125000,18.750000,17.625000,17.125000,17.125000,17.000000,16.625000,16.375000
37	6	1031	0.378485	1031,532,623,783,833,236764,2895,91578	18.875000,17.875000,15.687500,15.000000,13.187500,13.125000,12.812500,12.500000
37	7	603	12.029776	532,81834,653,195585,4044,76204,216184,36386	22.625000,18.250000,17.875000,17.875000,17.625000,17.625000,17.500000,17.375000
38	0	4295	5.641785	3881,986,4295,16435,8377,8896,670,6592	37.250000,32.500000,31.625000,30.250000,30.000000,30.000000,29.000000,28.875000
38	1	4751	0.322186	4751,1789,2533,103800,236749,236753,242117,29062	43.000000,42.000000,38.000000,37.500000,36.000000,34.250000,33.750000,33.000000
38	2	1031	0.198858	1031,532,623,783,2895,653,3729,236764	18.375000,16.500000,14.750000,14.062500,12.625000,11.875000,11.812500,11.562500
38	3	55698	4.560713	532,154382,55698,506,119868,22495,156238,41900	20.875000,18.125000,16.500000,16.250000,15.937500,15.875000,15.750000,15.625000
38	4	653	6.929310	1031,532,623,783,2895,4044,91578,653	19.125000,17.000000,16.000000,14.937500,13.000000,12.500000,12.437500,12.375000
38	5	156238	1.725143	156238,62499,1581,154382,76204,139152,119868,216184	21.000000,20.875000,20.625000,20.375000,20.250000,19.750000,19.500000,19.500000
38	6	4634	0.000614	4634,2149,3814,713,3192,759,65374,4008	36.500000,29.000000,26.375000,25.125000,23.625000,23.250000,23.250000,22.625000
38	7	750	-0.000000	750,627,79812,619,1099,4580,544,29475	51.000000,34.500000,26.125000,26.000000,25.375000,24.875000,24.750000,24.625000
39	0	623	0.769535	623,783,91578,1031,16150,999,184029,13085	19.500000,19.250000,17.375000,17.250000,16.750000,15.250000,15.062500,14.687500
39	1	783	0.099821	783,236743,1031,10167,684,568,1271,528	20.500000,17.375000,16.375000,15.937500,15.250000,15.000000,14.625000,14.312500
39	2	236743	0.092268	236743,107,4923,108,1293,10336,669,799	19.125000,15.437500,14.625000,14.500000,14.437500,14.000000,13.500000,13.312500
39	3	107	0.014265	107,108,109,209,192,183,191,110	25.250000,20.875000,17.750000,17.625000,16.750000,16.000000,15.812500,15.750000
39	4	578	2.644186	10336,4923,578,5213,8586,21107,1293,49524	17.500000,16.375000,16.125000,16.000000,16.000000,16.000000,15.437500,15.437500
39	5	578	0.113327	578,1251,49524,21107,1224,8586,14857,236784	21.375000,18.625000,17.375000,16.750000,16.500000,16.125000,15.625000,14.750000
39	6	8586	0.557371	8586,21107,25242,49524,39403,12831,204964,108185	21.375000,20.875000,18.125000,18.125000,17.375000,16.375000,16.000000,15.625000
39	7	578	0.365049	578,532,833,1392,236858,1452,1251,528	21.875000,21.000000,17.625000,16.625000,13.937500,13.875000,13.562500,13.312500
