# model	models/mlx/Mixtral-8x7B-Instruct-v0.1-4bit
# corpus	tests/fixtures/wikitext2_excerpt.txt	tokens	326253
# chunks	128	chunk_tokens	1	topk	8	prefill	0
# columns	chunk	pos	target	nll	top_ids	top_logits
0	0	12217	10.522325	1247,422,1186,3660,22478,726,7299,589	12.023438,10.265625,9.773438,9.507812,9.257812,8.929688,8.726562,8.414062
1	0	570	7.930460	21861,546,278,28707,515,309,313,593	18.343750,16.843750,16.468750,15.421875,14.968750,14.890625,14.562500,14.500000
2	0	510	4.347628	338,13,28723,28717,28729,28744,28730,327	13.914062,13.195312,12.570312,12.468750,12.437500,12.062500,11.445312,11.437500
3	0	28733	5.776094	6730,327,28707,311,13,28709,28764,282	12.078125,11.210938,10.585938,10.523438,10.500000,10.023438,9.867188,9.789062
4	0	28750	6.222353	260,5629,4258,6227,6434,315,415,422	17.484375,17.421875,15.890625,15.812500,15.812500,15.539062,15.429688,15.343750
5	0	3735	12.651031	28734,28782,28781,28783,28770,28750,28784,28740	19.890625,18.171875,18.140625,18.046875,18.015625,17.937500,17.843750,17.687500
6	0	3198	11.690868	288,321,8731,564,28723,574,286,28733	16.750000,16.000000,15.484375,14.960938,14.835938,14.203125,14.085938,13.617188
7	0	20272	4.323570	19445,266,282,12992,27092,267,3748,3123	16.718750,16.671875,15.437500,14.906250,14.890625,14.804688,14.789062,14.703125
8	0	327	5.915341	28730,28723,13,28733,28725,28736,28739,325	13.054688,12.609375,12.351562,12.179688,12.023438,11.703125,11.593750,11.585938
9	0	13	5.950287	1357,3047,1647,22568,965,1811,16339,13	16.937500,16.859375,15.039062,14.859375,14.554688,14.421875,13.210938,11.890625
10	0	13	3.375843	28771,1064,1014,13,348,28737,657,28767	13.820312,12.914062,12.781250,12.585938,12.296875,12.179688,12.078125,12.046875
11	0	4220	9.575062	28771,1064,1014,13,348,28737,657,28767	13.820312,12.914062,12.781250,12.585938,12.296875,12.179688,12.078125,12.046875
12	0	260	11.140512	28747,714,13,764,302,9066,7596,17297	20.562500,16.593750,16.421875,15.093750,15.046875,14.843750,14.828125,14.656250
13	0	714	8.886410	415,28740,28750,560,315,13,851,12	15.843750,15.031250,14.562500,14.390625,13.968750,13.898438,13.773438,13.765625
14	0	4449	10.422524	28733,1398,13,7591,28707,15845,6051,28705	15.117188,13.281250,13.015625,12.953125,12.890625,12.140625,11.656250,11.281250
15	0	1508	0.001547	1508,28747,421,589,714,28723,13,327	21.140625,13.187500,12.343750,11.945312,11.367188,11.359375,11.320312,10.859375
16	0	28716	7.391541	2849,421,3016,13,28748,1409,16239,9301	12.289062,11.648438,10.796875,10.515625,10.437500,10.171875,10.109375,9.976562
17	0	786	5.500553	28725,327,28740,4362,28746,2020,1067,9813	12.539062,11.421875,10.906250,9.921875,9.890625,9.875000,9.687500,9.585938
18	0	3080	7.114605	469,324,28705,346,28709,1097,13,5904	13.187500,13.085938,12.164062,11.640625,11.500000,11.164062,10.921875,10.687500
19	0	1797	11.975202	263,449,858,404,298,9358,3773,13	15.617188,11.757812,11.554688,11.242188,11.210938,11.046875,11.015625,10.687500
20	0	28723	3.068218	13,28723,28748,28725,325,28705,28733,28747	16.203125,14.171875,13.414062,13.343750,13.085938,13.062500,12.882812,12.789062
21	0	1115	9.876192	13,1056,5515,3549,842,1631,11698,7227	15.554688,15.257812,14.640625,14.296875,13.312500,12.921875,12.804688,12.593750
22	0	28748	6.912628	496,327,282,4318,1126,28733,28716,3015	12.460938,12.156250,11.695312,11.664062,11.320312,11.242188,11.218750,11.203125
23	0	4201	13.130695	1393,13,565,812,8193,9329,259,732	17.281250,13.578125,13.250000,12.289062,12.093750,11.812500,11.632812,11.609375
24	0	20363	3.797662	269,293,375,316,314,323,28723,377	11.742188,11.593750,11.421875,11.023438,10.890625,10.765625,10.406250,10.390625
25	0	28748	4.447999	327,28723,13,28725,28730,1410,28746,354	14.250000,13.640625,12.312500,11.414062,11.171875,11.054688,11.054688,10.945312
26	0	28735	10.513508	1393,13,565,812,8193,9329,259,732	17.281250,13.578125,13.250000,12.289062,12.093750,11.812500,11.632812,11.609375
27	0	2230	4.639923	1251,8367,2729,269,915,1086,833,3389	15.117188,14.867188,13.976562,13.906250,13.460938,13.460938,13.335938,13.328125
28	0	5712	7.200614	28716,28818,13,28710,262,360,753,28740	14.531250,14.125000,13.039062,12.351562,12.078125,11.648438,11.546875,11.335938
29	0	28748	5.515120	13,327,28723,28730,28733,325,28725,349	15.859375,13.507812,13.484375,13.125000,12.882812,12.781250,12.750000,12.671875
30	0	18509	16.071125	1393,13,565,812,8193,9329,259,732	17.281250,13.578125,13.250000,12.289062,12.093750,11.812500,11.632812,11.609375
31	0	570	4.629711	21861,515,593,313,278,449,508,1588	14.335938,13.781250,12.992188,12.765625,12.734375,12.507812,11.937500,11.757812
32	0	510	4.347628	338,13,28723,28717,28729,28744,28730,327	13.914062,13.195312,12.570312,12.468750,12.437500,12.062500,11.445312,11.437500
33	0	13	3.377657	6730,327,28707,311,13,28709,28764,282	12.078125,11.210938,10.585938,10.523438,10.500000,10.023438,9.867188,9.789062
34	0	3540	7.953968	28771,1064,1014,13,348,28737,657,28767	13.820312,12.914062,12.781250,12.585938,12.296875,12.179688,12.078125,12.046875
35	0	673	4.739233	10286,303,3901,28714,11666,6306,28719,24344	14.476562,12.921875,12.859375,12.539062,12.382812,12.039062,12.031250,11.937500
36	0	260	9.687000	387,28732,714,14484,28730,4831,325,648	16.765625,15.601562,15.039062,13.765625,13.578125,13.250000,12.687500,12.226562
37	0	714	8.886410	415,28740,28750,560,315,13,851,12	15.843750,15.031250,14.562500,14.390625,13.968750,13.898438,13.773438,13.765625
38	0	275	11.461587	28733,1398,13,7591,28707,15845,6051,28705	15.117188,13.281250,13.015625,12.953125,12.890625,12.140625,11.656250,11.281250
39	0	849	3.654298	527,327,28727,28725,28713,849,10273,336	12.773438,11.617188,10.898438,10.710938,10.531250,10.328125,10.007812,9.648438
40	0	570	9.199478	3306,283,266,941,280,405,6463,1900	12.835938,11.593750,11.554688,11.453125,11.312500,11.218750,11.109375,10.960938
41	0	510	4.347628	338,13,28723,28717,28729,28744,28730,327	13.914062,13.195312,12.570312,12.468750,12.437500,12.062500,11.445312,11.437500
42	0	28733	5.776094	6730,327,28707,311,13,28709,28764,282	12.078125,11.210938,10.585938,10.523438,10.500000,10.023438,9.867188,9.789062
43	0	28750	6.222353	260,5629,4258,6227,6434,315,415,422	17.484375,17.421875,15.890625,15.812500,15.812500,15.539062,15.429688,15.343750
44	0	28733	5.479156	28734,28782,28781,28783,28770,28750,28784,28740	19.890625,18.171875,18.140625,18.046875,18.015625,17.937500,17.843750,17.687500
45	0	1507	15.622744	260,5629,4258,6227,6434,315,415,422	17.484375,17.421875,15.890625,15.812500,15.812500,15.539062,15.429688,15.343750
46	0	28733	5.260419	28712,13,22078,282,288,28713,28714,28730	13.265625,12.664062,11.398438,10.765625,10.546875,10.476562,10.296875,10.054688
47	0	28728	12.437197	260,5629,4258,6227,6434,315,415,422	17.484375,17.421875,15.890625,15.812500,15.812500,15.539062,15.429688,15.343750
48	0	28740	3.077340	321,327,4743,28740,28734,28723,357,28746	13.257812,11.500000,11.234375,11.156250,10.742188,10.445312,10.367188,10.273438
49	0	13	2.832172	28723,28734,28750,13,28774,28783,28782,28784	19.484375,18.234375,18.000000,17.906250,17.812500,17.562500,17.546875,17.531250
50	0	16990	11.887562	28771,1064,1014,13,348,28737,657,28767	13.820312,12.914062,12.781250,12.585938,12.296875,12.179688,12.078125,12.046875
51	0	355	9.164753	13,360,470,28733,3578,272,349,264	15.070312,14.992188,14.890625,13.945312,13.937500,13.757812,13.742188,13.554688
52	0	714	6.629436	415,315,560,13,422,842,28740,963	15.710938,14.156250,13.898438,13.750000,13.687500,13.539062,13.531250,13.429688
53	0	1369	11.828774	28733,1398,13,7591,28707,15845,6051,28705	15.117188,13.281250,13.015625,12.953125,12.890625,12.140625,11.656250,11.281250
54	0	325	6.905531	28730,327,618,857,387,2210,13,28723	16.140625,15.335938,15.156250,14.539062,14.257812,13.945312,13.289062,13.171875
55	0	28781	6.373415	2628,3260,28743,908,28740,28705,470,4176	14.312500,13.046875,12.468750,12.242188,11.750000,11.695312,11.679688,11.609375
56	0	28770	3.262199	13,28723,28734,28782,28783,28750,28770,28747	17.359375,17.312500,16.562500,16.546875,16.421875,16.343750,16.218750,16.187500
57	0	28782	3.141729	13,28723,28734,28740,28783,28782,28750,28770	16.750000,16.578125,16.437500,16.296875,15.929688,15.914062,15.820312,15.781250
58	0	28783	3.324972	28734,13,28723,28782,28747,28750,28783,28770	17.437500,17.390625,17.328125,16.859375,16.718750,16.625000,16.625000,16.578125
59	0	11926	9.722061	13,28783,28747,362,28723,28734,28782,28748	17.796875,17.718750,17.703125,17.562500,17.531250,17.453125,17.343750,17.328125
60	0	28731	9.132744	327,28725,28730,28746,6210,13,302,12303	17.437500,16.062500,14.007812,13.781250,13.742188,12.843750,12.695312,12.210938
61	0	13	1.607132	13,28705,415,304,315,371,349,560	16.656250,15.054688,14.921875,14.570312,14.250000,14.210938,14.125000,14.117188
62	0	9428	12.452015	28771,1064,1014,13,348,28737,657,28767	13.820312,12.914062,12.781250,12.585938,12.296875,12.179688,12.078125,12.046875
63	0	2287	7.136992	28747,13,564,28732,351,1641,28706,327	16.843750,15.984375,15.117188,14.164062,13.929688,13.648438,13.437500,13.414062
64	0	714	5.823467	798,908,2463,422,963,6081,801,443	15.117188,14.648438,14.414062,14.390625,14.382812,14.195312,14.164062,14.148438
65	0	16900	16.202065	28733,1398,13,7591,28707,15845,6051,28705	15.117188,13.281250,13.015625,12.953125,12.890625,12.140625,11.656250,11.281250
66	0	11732	1.639950	11732,11527,28734,28733,9833,13,28777,3469	15.343750,14.835938,14.460938,13.843750,13.367188,12.976562,12.937500,12.703125
67	0	28733	5.726730	475,351,28747,399,393,365,524,318	17.515625,17.484375,17.125000,17.000000,16.703125,16.687500,16.687500,16.625000
68	0	5530	15.388369	260,5629,4258,6227,6434,315,415,422	17.484375,17.421875,15.890625,15.812500,15.812500,15.539062,15.429688,15.343750
69	0	28705	6.778433	28762,2945,3728,28765,28790,5790,28779,4874	14.976562,14.710938,14.632812,13.945312,13.898438,13.843750,13.625000,13.156250
70	0	28770	3.414432	28750,28740,28734,1177,28770,13,28784,28783	10.710938,10.546875,9.421875,8.960938,8.859375,8.679688,8.578125,8.492188
71	0	28723	2.477667	13,28723,28734,28740,28783,28782,28750,28770	16.750000,16.578125,16.437500,16.296875,15.929688,15.914062,15.820312,15.781250
72	0	28734	6.208223	13,1056,5515,3549,842,1631,11698,7227	15.554688,15.257812,14.640625,14.296875,13.312500,12.921875,12.804688,12.593750
73	0	325	6.858860	13,28783,28782,28770,28750,28774,28784,28740	20.015625,18.796875,18.718750,18.656250,18.640625,18.625000,18.609375,18.500000
74	0	3887	9.205446	2628,3260,28743,908,28740,28705,470,4176	14.312500,13.046875,12.468750,12.242188,11.750000,11.695312,11.679688,11.609375
75	0	1508	0.005081	1508,28723,28747,13,327,421,714,28713	19.656250,12.484375,12.351562,11.656250,11.265625,11.195312,10.867188,10.640625
76	0	16346	9.520447	2849,421,3016,13,28748,1409,16239,9301	12.289062,11.648438,10.796875,10.515625,10.437500,10.171875,10.109375,9.976562
77	0	495	0.622168	495,271,1771,288,274,1238,482,734	17.843750,16.718750,15.343750,15.226562,15.179688,14.984375,14.929688,14.812500
78	0	26527	13.917536	750,13,528,582,297,378,264,272	14.437500,14.062500,13.851562,13.820312,13.757812,13.617188,13.585938,13.539062
79	0	28723	0.773268	28723,1058,13,28747,3907,28733,596,28748	15.812500,14.804688,14.296875,13.281250,12.820312,12.726562,12.359375,12.312500
80	0	1909	6.575411	13,1056,5515,3549,842,1631,11698,7227	15.554688,15.257812,14.640625,14.296875,13.312500,12.921875,12.804688,12.593750
81	0	28748	4.155936	28723,13,327,28730,28747,28748,12,28733	12.031250,10.187500,10.101562,8.875000,8.757812,8.632812,8.460938,8.234375
82	0	9146	17.397892	1393,13,565,812,8193,9329,259,732	17.281250,13.578125,13.250000,12.289062,12.093750,11.812500,11.632812,11.609375
83	0	28748	4.685043	13,327,28723,28730,28746,28747,28733,304	15.875000,15.140625,14.304688,13.703125,13.320312,13.070312,12.859375,12.585938
84	0	1403	8.970539	1393,13,565,812,8193,9329,259,732	17.281250,13.578125,13.250000,12.289062,12.093750,11.812500,11.632812,11.609375
85	0	28733	7.947021	28747,475,524,393,399,3304,5459,2215	17.296875,16.703125,16.640625,16.562500,16.515625,16.515625,16.515625,16.484375
86	0	3820	13.464540	260,5629,4258,6227,6434,315,415,422	17.484375,17.421875,15.890625,15.812500,15.812500,15.539062,15.429688,15.343750
87	0	28748	6.827408	13,28733,11091,293,554,375,28730,508	13.953125,13.562500,13.242188,13.007812,12.945312,12.898438,12.804688,12.750000
88	0	28770	10.771320	1393,13,565,812,8193,9329,259,732	17.281250,13.578125,13.250000,12.289062,12.093750,11.812500,11.632812,11.609375
89	0	28723	2.477667	13,28723,28734,28740,28783,28782,28750,28770	16.750000,16.578125,16.437500,16.296875,15.929688,15.914062,15.820312,15.781250
90	0	28734	6.208223	13,1056,5515,3549,842,1631,11698,7227	15.554688,15.257812,14.640625,14.296875,13.312500,12.921875,12.804688,12.593750
91	0	19840	15.183079	13,28783,28782,28770,28750,28774,28784,28740	20.015625,18.796875,18.718750,18.656250,18.640625,18.625000,18.609375,18.500000
92	0	13	1.354422	13,28804,28832,371,1365,28713,325,387	14.148438,12.101562,11.703125,11.640625,11.382812,11.359375,11.226562,11.171875
93	0	2517	8.250843	28771,1064,1014,13,348,28737,657,28767	13.820312,12.914062,12.781250,12.585938,12.296875,12.179688,12.078125,12.046875
94	0	1030	2.780453	2148,468,595,1030,3310,2694,15292,10899	15.406250,14.804688,14.679688,14.093750,14.054688,13.945312,13.898438,13.320312
95	0	296	0.917910	296,594,286,734,271,288,522,28709	17.906250,17.187500,16.968750,16.484375,15.851562,15.445312,14.015625,13.570312
96	0	28747	5.440016	294,13,28733,28730,753,28723,515,470	13.867188,12.781250,11.625000,11.578125,11.335938,11.046875,10.960938,10.734375
97	0	21740	12.173933	13,28707,15845,28727,7591,28705,376,3901	13.609375,12.781250,12.671875,12.500000,12.195312,12.101562,12.078125,12.023438
98	0	26091	7.044914	349,18791,659,13,2204,28747,2627,28725	19.265625,19.156250,18.984375,18.875000,18.640625,18.625000,18.250000,18.187500
99	0	28725	5.522213	13,28747,327,298,28723,325,28730,28705	19.734375,17.000000,15.718750,15.625000,15.023438,14.890625,14.796875,14.625000
100	0	16377	11.016953	13,325,272,732,28705,264,1939,304	17.796875,16.078125,15.976562,15.968750,15.960938,15.726562,15.648438,15.429688
101	0	5712	0.914383	5712,302,28747,304,21721,460,354,8234	20.703125,18.953125,18.171875,17.953125,17.734375,17.640625,17.406250,17.375000
102	0	16107	12.483870	13,327,28723,28730,28733,325,28725,349	15.859375,13.507812,13.484375,13.125000,12.882812,12.781250,12.750000,12.671875
103	0	7982	6.997429	28733,349,304,3477,297,659,13,354	17.187500,16.843750,16.546875,16.359375,16.156250,16.156250,15.882812,15.687500
104	0	13	9.871391	404,659,297,356,4370,486,12308,304	22.390625,19.671875,19.453125,19.031250,18.906250,18.890625,18.843750,18.796875
105	0	558	8.953968	28771,1064,1014,13,348,28737,657,28767	13.820312,12.914062,12.781250,12.585938,12.296875,12.179688,12.078125,12.046875
106	0	325	4.494858	13,415,28740,842,583,315,523,28750	15.351562,13.734375,13.171875,13.164062,12.742188,12.664062,12.484375,12.406250
107	0	28735	5.912477	2628,3260,28743,908,28740,28705,470,4176	14.312500,13.046875,12.468750,12.242188,11.750000,11.695312,11.679688,11.609375
108	0	28723	6.194611	1251,8367,2729,269,915,1086,833,3389	15.117188,14.867188,13.976562,13.906250,13.460938,13.460938,13.335938,13.328125
109	0	5625	11.930880	13,1056,5515,3549,842,1631,11698,7227	15.554688,15.257812,14.640625,14.296875,13.312500,12.921875,12.804688,12.593750
110	0	472	10.606995	643,338,2742,490,606,291,705,2294	16.656250,16.468750,15.648438,15.460938,15.148438,15.109375,15.031250,14.976562
111	0	28725	3.040771	302,28723,28725,304,297,349,28733,298	15.664062,15.320312,14.960938,14.453125,14.351562,14.210938,13.710938,13.601562
112	0	418	5.759140	13,325,272,732,28705,264,1939,304	17.796875,16.078125,15.976562,15.968750,15.960938,15.726562,15.648438,15.429688
113	0	28723	5.432296	327,28725,473,2934,3000,374,12322,3972	13.851562,12.984375,12.750000,11.976562,11.968750,11.960938,11.664062,11.500000
114	0	25959	13.329317	13,1056,5515,3549,842,1631,11698,7227	15.554688,15.257812,14.640625,14.296875,13.312500,12.921875,12.804688,12.593750
115	0	789	4.600626	2047,941,262,300,912,789,276,12553	19.843750,17.937500,17.828125,16.437500,16.031250,15.703125,15.695312,15.687500
116	0	524	9.350296	13,276,28723,6234,28727,28712,849,28729	14.304688,13.789062,12.546875,12.507812,12.250000,12.062500,12.039062,12.000000
117	0	274	6.289841	3676,1251,14821,1087,2192,2951,14468,3665	13.671875,13.195312,12.820312,12.601562,12.601562,12.546875,12.539062,12.335938
118	0	13600	9.754205	28784,13,1391,517,381,822,4083,2644	11.765625,11.679688,11.398438,11.062500,11.000000,10.851562,10.773438,10.765625
119	0	28725	4.796036	13,705,380,293,375,276,357,321	13.875000,13.507812,12.156250,12.148438,11.929688,11.906250,11.578125,11.343750
120	0	399	6.384140	13,325,272,732,28705,264,1939,304	17.796875,16.078125,15.976562,15.968750,15.960938,15.726562,15.648438,15.429688
121	0	28723	4.172563	2014,4947,20336,11672,28723,1906,1604,1383	12.617188,12.187500,11.539062,11.343750,11.070312,10.960938,10.953125,10.937500
122	0	1537	10.384005	13,1056,5515,3549,842,1631,11698,7227	15.554688,15.257812,14.640625,14.296875,13.312500,12.921875,12.804688,12.593750
123	0	6113	11.573893	315,28725,368,1236,456,272,767,378	20.296875,20.062500,19.921875,18.671875,18.500000,18.484375,18.343750,17.859375
124	0	1040	8.899893	631,6113,13,25062,338,17825,11746,28723	15.468750,15.046875,13.929688,13.046875,12.796875,11.515625,11.382812,11.335938
125	0	345	7.764133	13,27920,28821,28705,486,12789,2463,415	18.187500,17.421875,16.375000,16.312500,16.015625,15.609375,15.546875,15.484375
126	0	8638	13.664902	1730,28737,1014,1976,3260,28741,13,8543	18.468750,14.312500,13.843750,12.820312,12.820312,12.820312,12.812500,12.789062
127	0	318	8.678164	13,327,28723,1551,28747,564,349,298	15.507812,14.367188,13.781250,13.593750,12.500000,12.187500,12.046875,11.906250
