# model	models/mlx/Qwen3-30B-A3B-4bit
# corpus	tests/fixtures/wikitext2_excerpt.txt	tokens	299190
# chunks	80	chunk_tokens	8	topk	8	prefill	512
# columns	chunk	pos	target	nll	top_ids	top_logits
0	0	42105	15.901297	1124,370,273,37018,2533,709,1318,654	20.875000,18.750000,16.375000,15.562500,15.437500,15.187500,15.125000,15.062500
0	1	275	5.916378	285,685,83964,27391,81080,10980,579,307	17.375000,17.375000,16.500000,15.875000,15.187500,14.812500,14.625000,14.312500
0	2	427	0.002298	427,644,765,779,706,29551,1897,327	24.875000,17.625000,16.875000,16.125000,15.875000,15.562500,15.187500,14.937500
0	3	12	5.890383	369,47761,25,311,320,4035,198,374	18.375000,18.375000,17.875000,17.750000,17.750000,17.750000,17.625000,17.500000
0	4	17	1.253744	17,16,18,19,15,6570,20,5097	17.875000,17.375000,16.250000,16.000000,15.812500,15.687500,15.000000,14.562500
0	5	3393	6.649996	320,10337,198,75734,12,39183,15,42094	20.125000,19.250000,18.875000,18.625000,18.500000,18.500000,18.375000,18.000000
0	6	75734	2.964243	2885,220,320,2573,4035,75734,39183,25	19.625000,19.250000,19.000000,19.000000,19.000000,19.000000,18.875000,18.125000
0	7	79483	3.072130	320,4035,198,79483,25,271,348,284	21.500000,20.375000,19.875000,19.500000,19.375000,18.750000,18.750000,18.500000
1	0	3608	8.997362	785,1986,418,58,15505,54,2,32	23.375000,20.625000,19.625000,19.125000,19.125000,19.000000,18.750000,18.375000
1	1	257	11.779507	25,510,1467,198,320,323,1447,3542	26.375000,22.375000,22.375000,21.625000,21.625000,21.500000,21.500000,21.250000
1	2	549	0.197664	549,760,284,508,320,481,3703,8478	26.250000,24.375000,22.500000,20.625000,20.500000,20.250000,20.000000,19.250000
1	3	3703	1.033129	3703,508,26587,576,1758,220,256,662	22.250000,21.250000,21.250000,20.750000,20.125000,20.000000,19.625000,19.000000
1	4	1110	0.000206	1110,25,549,14375,322,198,510,4	25.625000,16.000000,15.125000,14.687500,14.562500,14.250000,13.812500,13.312500
1	5	71	0.589958	71,2136,82,11659,2911,1041,5204,268	23.625000,22.875000,21.375000,20.750000,20.250000,20.000000,19.875000,19.500000
1	6	35268	0.000048	35268,2596,13619,23518,768,12,7876,4076	30.125000,19.250000,19.000000,17.125000,16.750000,16.625000,16.625000,16.375000
1	7	1564	0.000019	1564,3579,18596,29088,16281,30985,46031,22185	34.000000,22.750000,21.250000,19.875000,18.875000,18.250000,17.500000,17.250000
2	0	6830	0.000004	6830,71433,11021,29425,1858,35883,18798,57409	32.000000,17.375000,16.750000,16.500000,16.250000,16.250000,15.750000,15.437500
2	1	3446	0.000080	3446,1737,14,14953,25967,75988,29425,3183	31.375000,21.250000,20.375000,19.625000,19.500000,17.500000,17.375000,17.000000
2	2	76649	0.000011	76649,8369,4917,2096,4886,746,82,29425	37.000000,25.625000,20.500000,19.375000,19.375000,19.250000,18.375000,18.250000
2	3	11374	9.202957	6324,4846,14,22175,15792,25502,23354,90936	29.375000,26.000000,25.625000,24.875000,23.250000,23.000000,22.875000,22.375000
2	4	3831	0.422424	3831,309,3288,54,1466,74,306,3466	24.375000,23.375000,20.750000,20.500000,20.375000,19.500000,19.500000,19.250000
2	5	8833	0.004412	8833,18573,48796,82010,824,49099,2566,10458	29.625000,23.500000,22.125000,22.000000,21.000000,20.875000,20.125000,20.000000
2	6	6324	0.051945	6324,22175,14,2899,10776,46928,2687,4846	33.000000,30.000000,27.250000,24.250000,23.500000,22.125000,21.625000,21.375000
2	7	60403	0.011055	60403,1579,14939,417,17,18677,2963,90669	33.250000,28.750000,21.000000,18.875000,18.625000,17.875000,17.625000,17.625000
3	0	427	0.000460	427,38649,477,327,4788,480,2252,1002	28.375000,19.875000,19.750000,17.500000,17.500000,17.125000,16.000000,15.875000
3	1	198	0.694378	198,271,12,320,17,715,34827,11	25.750000,25.500000,23.000000,23.000000,22.250000,21.125000,21.125000,20.875000
3	2	70584	8.182957	13806,1712,5009,6262,929,36930,33363,34613	20.000000,19.875000,19.875000,19.875000,19.250000,19.250000,19.125000,19.125000
3	3	257	0.018347	257,549,414,256,262,25,315,981	27.750000,22.000000,21.500000,21.250000,21.250000,21.125000,21.125000,20.875000
3	4	549	0.000038	549,6260,760,30372,937,284,14512,481	32.500000,21.625000,20.375000,20.250000,19.375000,19.250000,18.250000,17.875000
3	5	289	0.155863	289,330,97175,364,28609,1273,42105,220	28.250000,25.625000,25.250000,24.375000,23.000000,22.875000,22.625000,22.125000
3	6	60403	-0.000000	60403,14628,417,31580,5840,96363,2501,5566	35.250000,19.125000,17.625000,17.250000,15.875000,15.875000,15.687500,15.125000
3	7	427	0.000015	427,2252,477,327,5722,1303,38649,1318	38.500000,27.250000,24.625000,21.625000,20.125000,19.750000,19.750000,18.375000
4	0	12	0.000099	12,16839,481,17,198,1273,1944,50342	35.000000,25.625000,22.750000,22.375000,21.625000,21.000000,20.750000,20.750000
4	1	17	0.000027	17,16,1041,4266,15,18,21037,19	36.500000,26.000000,21.125000,19.375000,18.875000,17.750000,17.750000,17.000000
4	2	12	0.257523	12,198,8273,271,2852,320,715,16839	26.500000,24.875000,23.875000,21.750000,20.875000,20.625000,20.625000,20.375000
4	3	1041	0.000296	1041,7112,21550,586,5761,39884,17,9199	30.625000,21.625000,20.625000,19.500000,19.375000,19.125000,18.750000,18.750000
4	4	8273	0.001163	8273,198,271,98056,12,2268,13333,25502	25.750000,18.250000,16.250000,15.875000,15.750000,15.750000,15.750000,15.375000
4	5	16	0.000008	16,17,15,18,449,1272,59854,275	29.625000,17.375000,15.812500,14.750000,14.750000,14.437500,13.375000,13.062500
4	6	198	0.031952	198,271,320,13,715,2303,11,1406	29.375000,25.500000,24.125000,23.375000,23.125000,22.500000,20.250000,20.125000
4	7	20193	2.131334	13806,20193,6262,5009,34613,5637,2833,59286	21.750000,20.375000,19.625000,19.375000,19.375000,19.125000,18.875000,18.125000
5	0	414	0.020603	414,257,981,549,262,286,256,260	27.250000,22.750000,21.875000,20.625000,20.125000,19.750000,19.500000,19.375000
5	1	549	0.000010	549,760,320,30372,284,6260,937,3504	31.625000,18.500000,18.250000,18.125000,18.000000,17.625000,17.250000,16.375000
5	2	1273	1.922794	5426,1273,10519,330,364,4862,2697,1044	29.875000,28.125000,24.500000,23.875000,23.750000,23.750000,23.500000,22.125000
5	3	320	5.180874	198,271,320,715,11,2303,1406,4710	29.500000,26.500000,24.375000,21.875000,21.250000,21.125000,20.750000,20.000000
5	4	19	3.892439	16,17,18,20,19,22,23,24	24.125000,22.625000,22.250000,21.375000,21.000000,20.750000,20.750000,20.750000
5	5	18	2.721973	15,17,20,11,16,18,19,23	27.250000,26.000000,25.750000,25.625000,25.625000,25.625000,25.625000,25.500000
5	6	20	2.766611	11,17,15,18,13,19,23,21	26.125000,25.750000,25.500000,25.375000,25.250000,25.250000,25.250000,25.125000
5	7	23	2.919186	11,17,15,18,21,19,16,20	25.500000,25.375000,25.250000,25.125000,25.000000,24.875000,24.625000,24.625000
6	0	6978	7.336081	10295,15,17,18,21,19,16,20	23.875000,23.625000,23.625000,23.625000,23.625000,23.500000,23.375000,23.250000
6	1	340	0.515198	340,692,11,8,304,701,608,2790	29.375000,28.750000,26.625000,26.250000,24.375000,23.875000,23.375000,23.375000
6	2	9827	6.201912	13806,5009,13965,3323,6262,4061,7595,2505	20.375000,19.500000,19.250000,19.125000,19.000000,18.625000,18.500000,18.375000
6	3	262	0.006216	262,257,25,549,256,414,220,981	28.125000,22.250000,21.125000,21.000000,20.750000,19.625000,19.375000,19.000000
6	4	549	0.000072	549,6260,14512,937,320,30372,220,481	32.500000,22.375000,21.375000,20.875000,20.000000,19.250000,18.125000,18.125000
6	5	13534	1.780506	14865,13534,8914,24263,576,12527,5264,21693	25.250000,24.000000,23.875000,22.500000,21.000000,20.875000,20.500000,20.250000
6	6	7710	1.858629	7671,7710,15,12,220,58318,14319,92214	24.125000,22.500000,21.250000,18.875000,17.625000,17.250000,17.000000,15.625000
6	7	92214	1.338308	12,92214,220,16589,20059,320,7778,95942	24.500000,23.625000,22.625000,19.875000,19.375000,17.875000,17.000000,16.125000
7	0	220	0.077545	220,198,320,271,12,323,11,348	27.000000,23.750000,23.125000,22.750000,21.500000,19.125000,18.750000,18.375000
7	1	18	1.146996	19,18,17,16,15,20,220,320	28.875000,28.125000,24.625000,21.500000,18.500000,17.875000,17.875000,17.125000
7	2	13	0.000019	13,198,271,320,15,11,624,323	30.750000,18.625000,17.875000,17.750000,17.375000,17.000000,16.750000,16.375000
7	3	15	-0.000000	15,16,17,20,18,19,21,24	35.750000,21.250000,19.625000,18.500000,18.250000,18.125000,17.375000,17.000000
7	4	320	2.209612	198,271,320,323,476,11,715,1876	26.625000,25.000000,24.750000,22.125000,21.625000,21.500000,20.750000,20.750000
7	5	2428	0.779636	2428,4060,300,1958,2427,4197,62946,1782	22.750000,20.500000,20.125000,19.875000,19.875000,19.750000,19.750000,19.625000
7	6	1110	0.000168	1110,25,14375,549,340,692,322,486	25.125000,15.562500,14.500000,13.437500,13.375000,13.250000,12.875000,12.812500
7	7	85231	0.406576	85231,268,2136,71,5204,2154,67,79	22.750000,21.250000,20.625000,20.125000,19.375000,18.375000,17.250000,17.125000
8	0	2659	0.000004	2659,5713,13,61501,8382,11021,24282,53834	31.875000,18.375000,17.625000,16.375000,15.187500,15.125000,15.125000,15.062500
8	1	6971	0.000553	6971,43986,14,10845,53560,6580,33914,340	27.125000,18.375000,17.500000,17.500000,17.250000,17.000000,16.625000,16.500000
8	2	67733	0.000034	67733,14,87310,553,340,692,14319,2687	35.250000,24.375000,23.250000,22.375000,21.625000,21.500000,21.500000,21.125000
8	3	1331	0.000420	1331,14,12,2687,92214,5894,1112,2268	32.500000,24.625000,21.875000,21.000000,20.250000,17.125000,16.250000,15.812500
8	4	64	0.000004	64,32,14,309,14186,264,1478,1112	36.250000,23.000000,21.375000,18.375000,17.625000,17.500000,17.500000,17.375000
8	5	14	0.000021	14,53560,50807,5894,33149,340,8680,692	29.625000,18.000000,17.125000,16.875000,16.500000,15.375000,14.937500,14.375000
8	6	18	0.003857	18,17,19,16,1112,31218,61827,692	34.000000,27.750000,27.750000,20.375000,18.250000,16.500000,16.500000,16.250000
8	7	13	0.000004	13,14,1993,94329,22445,15,4338,1725	36.000000,22.500000,21.500000,20.000000,18.625000,18.500000,18.000000,17.500000
9	0	15	-0.000000	15,16,20,24,18,17,21,19	32.000000,17.250000,15.500000,15.500000,14.125000,13.250000,12.375000,12.187500
9	1	53560	0.700508	53560,14,50807,340,47036,692,22549,34545	24.750000,24.500000,23.000000,21.125000,20.250000,19.875000,19.500000,19.125000
9	2	19665	8.808187	5009,13806,8856,1043,6262,5637,1695,11377	20.625000,19.750000,18.375000,18.250000,18.250000,17.375000,17.125000,17.125000
9	3	1488	0.002705	1488,3977,2774,1070,262,22705,13,332	25.875000,18.625000,18.250000,18.125000,17.250000,17.250000,17.000000,17.000000
9	4	25	0.001860	25,549,510,1447,91,5293,1995,3546	28.500000,21.250000,19.875000,19.875000,18.875000,18.875000,18.125000,18.125000
9	5	26587	4.281845	576,1096,3703,330,5209,467,80935,89840	21.000000,20.750000,20.250000,19.750000,19.375000,19.000000,18.875000,18.875000
9	6	20343	4.534290	320,323,374,11,198,10337,271,594	22.625000,22.625000,22.375000,21.875000,21.750000,21.500000,21.375000,21.125000
9	7	11	2.217674	271,13,198,11,320,382,26,624	27.625000,27.375000,27.375000,26.625000,26.625000,24.375000,23.125000,23.000000
10	0	80935	9.615000	330,220,1036,364,323,508,714,89840	24.500000,22.250000,21.625000,20.625000,20.375000,20.375000,20.375000,20.375000
10	1	15235	3.177839	198,271,11,8319,4848,15235,320,382	22.875000,22.875000,22.375000,22.375000,21.625000,21.125000,20.875000,20.625000
10	2	8319	0.035326	8319,271,3412,320,11,198,1800,2083	27.000000,22.000000,22.000000,21.875000,21.750000,21.625000,20.500000,20.375000
10	3	198	1.709133	271,198,320,11,382,13,1406,2083	27.000000,25.750000,24.875000,24.625000,23.500000,22.750000,22.625000,22.125000
10	4	1797	7.400085	5009,13806,198,8856,6262,1043,1695,2833	20.500000,18.875000,18.625000,18.625000,18.250000,18.000000,17.625000,17.625000
10	5	320	0.259911	320,3703,323,508,330,198,481,366	24.000000,22.250000,20.125000,19.875000,19.500000,18.875000,18.500000,18.375000
10	6	50	8.674345	2428,4060,9830,785,1254,17,3703,1958	25.625000,20.875000,19.875000,19.375000,19.375000,19.250000,19.250000,19.000000
10	7	13	0.231306	13,1466,36544,524,6128,10080,3779,6383	20.750000,17.625000,17.125000,16.750000,16.375000,16.250000,15.937500,15.875000
11	0	8755	7.757391	431,425,73580,444,479,36020,468,87900	21.875000,21.000000,18.625000,18.375000,18.250000,18.250000,17.750000,17.750000
11	1	487	0.003477	487,75,2352,385,31245,291,12212,28600	26.125000,18.875000,18.375000,17.750000,17.250000,17.125000,17.000000,16.875000
11	2	11	0.038940	11,1842,323,13,26,609,701,320	30.000000,26.750000,22.375000,20.375000,20.125000,20.000000,19.875000,19.750000
11	3	451	0.747910	451,1842,362,356,431,328,422,468	27.750000,27.000000,26.125000,25.875000,25.500000,25.250000,24.250000,23.875000
11	4	13	0.000051	13,1785,2572,875,808,10003,11,624	31.375000,21.000000,19.375000,18.875000,18.750000,18.375000,17.375000,16.750000
11	5	49256	11.108501	425,14695,328,90019,1863,38979,11840,96160	18.625000,16.125000,15.562500,15.250000,15.125000,15.125000,14.812500,14.625000
11	6	812	0.662867	812,5559,585,276,12466,19042,6190,88	22.500000,22.375000,18.125000,17.375000,17.250000,17.125000,17.000000,16.875000
11	7	82977	3.781088	11,82977,1842,323,38767,13,328,2932	22.125000,18.375000,15.187500,14.687500,14.687500,14.437500,14.375000,14.375000
12	0	28134	0.001785	28134,404,838,5840,8698,86,261,5059	27.000000,19.375000,19.375000,19.250000,18.000000,16.500000,16.500000,16.375000
12	1	11	0.002996	11,323,1842,609,13,320,340,345	30.375000,24.125000,23.250000,20.500000,20.375000,19.750000,19.750000,19.375000
12	2	431	0.626019	431,323,1842,444,451,425,479,386	27.125000,26.750000,23.750000,23.500000,23.500000,23.375000,23.375000,22.750000
12	3	13	0.000015	13,3503,836,5142,808,875,11,11352	34.000000,21.625000,20.875000,20.750000,20.375000,20.375000,20.125000,19.500000
12	4	2055	2.167864	1863,2055,619,431,328,74787,25867,730	17.125000,16.750000,16.375000,15.812500,15.687500,15.687500,15.625000,15.562500
12	5	9034	0.000803	9034,11437,331,5403,71,28064,9917,20658	27.750000,20.125000,19.250000,17.000000,16.250000,16.125000,15.500000,15.437500
12	6	1959	9.414848	11,692,13,340,320,8,26,701	28.000000,28.000000,26.875000,26.375000,26.000000,25.500000,24.000000,23.875000
12	7	330	2.531332	220,3703,330,1490,369,1036,279,5813	21.375000,21.000000,20.125000,19.875000,19.125000,18.875000,18.125000,18.000000
13	0	9084	8.570395	46358,2082,8813,32,12092,49,785,33876	23.625000,21.500000,21.375000,21.250000,20.750000,20.375000,20.375000,20.250000
13	1	56793	1.776150	38710,56793,14155,80778,12,8141,23361,198	22.875000,21.375000,19.750000,19.125000,17.375000,17.375000,17.000000,16.500000
13	2	386	1.104485	19219,386,27343,198,85471,18977,7487,34098	21.875000,21.750000,20.125000,19.750000,19.125000,18.625000,18.500000,18.500000
13	3	12735	0.047470	12735,51525,95296,2375,17020,13470,10298,31102	24.000000,20.625000,19.500000,17.250000,15.875000,15.562500,14.937500,14.937500
13	4	26874	0.000389	26874,4903,198,1,220,38710,715,4119	31.875000,23.375000,22.250000,21.000000,21.000000,20.875000,20.750000,20.625000
13	5	497	1.328856	1,497,5130,1138,899,698,1335,3263	27.875000,27.125000,25.750000,25.625000,23.875000,23.375000,22.875000,22.875000
13	6	220	0.160736	220,796,3703,358,1644,715,330,19288	24.625000,22.125000,21.000000,20.625000,19.625000,19.125000,18.500000,18.500000
13	7	17	0.000729	17,16,18,220,3703,19,796,20	30.875000,22.875000,21.500000,21.250000,20.375000,20.125000,19.875000,19.750000
14	0	15	0.000013	15,303,16,18,17,23,19,24	30.000000,17.750000,17.000000,16.875000,16.500000,15.812500,15.500000,15.187500
14	1	16	0.018217	16,17,15,4146,18,19,339,6148	29.250000,25.250000,19.625000,14.000000,13.875000,13.812500,13.812500,13.812500
14	2	21	0.828245	21,23,22,24,20,15,19,18	25.750000,25.500000,24.875000,23.375000,18.250000,15.187500,14.687500,14.312500
14	3	340	2.651638	692,340,11,9272,8,1959,13,3593	28.500000,26.000000,24.500000,24.375000,23.875000,23.625000,23.500000,23.125000
14	4	1797	1.068933	1797,5009,715,3374,6262,13806,36930,1060	21.375000,20.625000,18.750000,18.750000,18.750000,18.375000,18.250000,18.125000
14	5	39183	8.501850	320,3703,323,508,330,1959,3496,576	24.750000,22.750000,21.625000,20.375000,20.125000,19.625000,19.250000,19.000000
14	6	3701	9.062365	25,4008,5548,2319,374,3465,3565,7662	21.875000,20.750000,20.750000,20.500000,20.250000,20.250000,19.625000,19.625000
14	7	25	0.418365	25,320,323,518,369,549,271,198	28.000000,26.500000,25.125000,25.000000,24.500000,24.500000,24.375000,24.250000
15	0	3703	0.018906	3703,320,330,508,220,305,366,715	27.500000,22.125000,21.500000,21.375000,21.125000,21.125000,20.250000,20.125000
15	1	1110	0.000086	1110,25,14375,60896,322,549,486,14111	26.875000,16.375000,16.125000,14.875000,14.812500,14.750000,14.000000,14.000000
15	2	71	0.001699	71,44754,5204,4951,2136,65546,4489,47293	30.000000,23.125000,22.250000,20.625000,20.500000,18.625000,17.875000,17.750000
15	3	35268	0.000023	35268,2596,768,45124,13299,20146,723,17	36.000000,25.250000,20.000000,18.875000,18.375000,17.000000,16.250000,16.125000
15	4	1564	-0.000000	1564,22185,7605,46031,3579,16281,29088,18596	38.750000,20.875000,20.750000,20.125000,20.000000,19.375000,18.250000,17.750000
15	5	6830	-0.000000	6830,11021,8639,71433,15593,22057,4245,52114	33.000000,18.875000,17.250000,17.250000,16.750000,16.625000,16.500000,16.125000
15	6	3446	0.000027	3446,25967,14,37462,11374,1737,2687,20268	34.750000,23.875000,23.000000,19.375000,19.250000,18.250000,18.250000,17.750000
15	7	76649	0.000004	76649,8369,4917,2096,4886,746,19346,2032	36.000000,23.375000,21.750000,16.750000,16.750000,16.625000,15.687500,15.125000
16	0	11374	0.001703	11374,6324,2687,14,22175,3446,25502,3183	31.375000,24.250000,24.000000,22.750000,20.750000,20.125000,19.375000,19.250000
16	1	3831	-0.000000	3831,68130,1574,15829,13,35418,6625,29041	43.000000,23.625000,23.375000,21.500000,21.000000,20.250000,16.750000,16.750000
16	2	8833	0.000011	8833,824,1324,1958,1564,48796,18573,37591	33.750000,21.750000,20.500000,19.375000,18.750000,18.500000,18.250000,18.250000
16	3	6324	-0.000000	6324,14,22175,25502,198,271,5894,8680	37.250000,22.750000,21.625000,21.000000,20.875000,20.125000,20.000000,19.375000
16	4	60403	0.000008	60403,31580,1579,97401,96363,275,7570,43110	36.750000,24.375000,24.000000,19.125000,18.250000,18.125000,18.125000,17.875000
16	5	427	-0.000000	427,2252,1303,327,37220,5722,38649,477	41.500000,25.125000,24.000000,23.750000,23.625000,23.500000,23.125000,22.250000
16	6	271	0.170927	271,198,4710,1406,2,382,715,26809	27.875000,26.125000,22.250000,22.000000,21.750000,20.375000,20.375000,20.375000
16	7	33236	12.816065	785,418,1986,28,5009,565,2,36930	21.750000,20.000000,19.750000,19.250000,18.500000,18.375000,18.250000,17.875000
17	0	414	1.200233	414,25,981,315,549,320,257,369	22.500000,21.125000,20.750000,20.625000,20.500000,20.250000,20.000000,19.875000
17	1	549	0.000208	549,6260,760,320,284,14512,30372,220	31.125000,22.125000,20.125000,20.000000,19.500000,19.000000,19.000000,18.375000
17	2	2480	5.243362	220,1273,330,576,289,320,508,1467	21.750000,21.750000,21.500000,21.125000,20.750000,20.625000,20.375000,20.250000
17	3	1273	5.879192	320,198,1467,9345,4326,22870,271,1318	21.250000,21.000000,20.625000,20.250000,19.625000,19.375000,18.750000,18.000000
17	4	6718	5.147926	738,320,198,1467,10337,271,6718,42094	26.750000,24.875000,24.125000,22.625000,22.500000,22.250000,21.875000,21.875000
17	5	320	1.034662	198,320,271,11,315,448,369,438	28.875000,28.625000,27.500000,25.875000,25.375000,25.375000,24.000000,24.000000
17	6	541	2.606680	19,2152,541,16,300,1921,28996,1811	23.750000,23.375000,22.250000,21.250000,21.125000,21.000000,21.000000,20.500000
17	7	220	2.406523	6978,10295,220,821,10469,1467,22870,315	23.750000,22.625000,22.500000,22.500000,22.125000,21.750000,21.750000,21.625000
18	0	19	0.014828	19,16,18,17,20,23,21,22	29.750000,24.250000,24.125000,23.625000,23.625000,23.250000,22.375000,21.625000
18	1	18	0.007843	18,11,74,15,17,13,16,19	29.750000,24.375000,23.125000,22.125000,22.125000,21.125000,21.125000,21.000000
18	2	20	0.000648	20,21,23,19,17,18,22,15	30.625000,21.750000,21.750000,21.625000,21.125000,21.000000,20.500000,20.125000
18	3	23	0.000273	23,22,24,21,20,18,17,19	30.375000,21.500000,21.000000,19.125000,18.625000,18.500000,18.375000,18.250000
18	4	6978	0.964775	6978,10295,10469,22870,5128,10695,9293,13121	24.500000,23.875000,23.625000,23.000000,22.000000,21.625000,21.250000,21.250000
18	5	97534	14.359409	340,692,8,701,315,11,304,568	28.750000,28.625000,26.875000,25.625000,25.500000,25.250000,25.125000,24.000000
18	6	340	1.494444	340,448,1119,692,438,304,11,323	27.625000,27.250000,27.250000,27.125000,26.625000,26.500000,26.000000,25.625000
18	7	38	8.252024	13806,4373,1972,54615,3323,4061,5009,8856	19.250000,19.125000,19.000000,18.875000,18.625000,18.500000,18.375000,18.125000
19	0	2828	0.775324	2828,9379,417,380,1684,2537,5372,44433	21.125000,21.000000,18.375000,18.250000,17.750000,16.875000,16.375000,16.125000
19	1	12	0.110193	12,17,9934,59501,18,12009,19,12681	24.250000,20.000000,20.000000,19.750000,19.625000,19.500000,19.375000,18.250000
19	2	17	1.211924	18,17,19,16,97857,15,4416,20	24.875000,24.500000,24.375000,19.625000,19.500000,17.250000,17.250000,17.125000
19	3	425	7.607767	9934,414,59501,320,1273,1614,5603,2331	20.625000,20.500000,19.875000,19.000000,18.125000,18.000000,17.875000,17.625000
19	4	1740	0.008436	1740,3126,375,2828,3399,18454,5012,19701	25.125000,19.125000,19.000000,18.375000,17.875000,17.625000,16.250000,16.125000
19	5	11211	4.158504	220,3950,256,320,9660,45958,262,549	22.125000,22.000000,21.750000,21.000000,21.000000,21.000000,20.500000,20.125000
19	6	320	1.016567	320,25,549,198,448,11,817,304	26.500000,26.250000,26.000000,24.000000,24.000000,23.125000,22.625000,22.500000
19	7	83	8.535547	20,18,19,1499,4197,2428,16,2528	22.625000,21.375000,21.375000,21.125000,21.125000,20.750000,20.625000,20.625000
20	0	1579	0.591602	1579,20,28,724,38007,2850,48883,12	22.875000,22.625000,18.000000,17.250000,17.125000,16.875000,16.625000,16.000000
20	1	5839	0.043163	5839,89,85593,30566,57,11687,12738,34841	31.000000,27.875000,21.375000,21.250000,19.250000,19.000000,19.000000,18.875000
20	2	1648	1.528311	8,1648,11170,65118,340,11,982,594	23.125000,22.375000,22.125000,20.750000,20.250000,19.875000,19.000000,18.625000
20	3	220	0.361506	220,3968,3703,508,9848,320,715,937	26.000000,24.625000,22.625000,22.500000,22.250000,20.875000,20.625000,20.250000
20	4	17	1.547993	16,17,18,19,20,21,22,23	29.250000,29.000000,28.750000,28.250000,27.875000,27.500000,27.375000,27.375000
20	5	23	2.526588	17,18,15,16,19,20,23,24	26.875000,26.875000,26.750000,26.625000,26.500000,26.250000,26.250000,26.125000
20	6	18	2.054251	18,15,17,16,23,19,20,24	26.375000,26.250000,26.250000,26.125000,26.125000,26.000000,26.000000,26.000000
20	7	17	2.684134	11,18,17,15,16,19,23,20	28.125000,26.375000,26.250000,26.125000,26.125000,26.000000,26.000000,25.875000
21	0	23	2.405910	18,15,16,17,19,23,24,20	26.875000,26.500000,26.500000,26.500000,26.250000,26.250000,26.250000,26.125000
21	1	22	3.098110	11211,18,198,15,17,16,20,271	25.625000,25.375000,25.250000,25.125000,25.000000,24.875000,24.875000,24.875000
21	2	198	1.256390	11211,198,271,320,2790,4244,18,3950	25.750000,25.375000,24.625000,24.500000,22.125000,20.875000,20.625000,20.625000
21	3	1655	9.876513	38,29300,7595,23489,84564,10879,1178,32516	20.125000,19.625000,19.125000,19.000000,19.000000,18.875000,18.750000,18.750000
21	4	393	11.329865	1517,2780,1429,220,8028,1273,1944,74936	21.750000,20.000000,18.375000,18.250000,18.125000,18.000000,18.000000,18.000000
21	5	2916	1.107670	2916,28,457,2045,284,12,16,17	21.875000,21.625000,21.125000,21.000000,19.375000,18.500000,18.500000,18.375000
21	6	70508	16.922001	315,25,16460,21937,11,320,34447,5603	22.625000,22.500000,22.125000,21.875000,21.750000,21.625000,21.500000,21.375000
21	7	15536	4.661509	4098,284,50,25,28,15023,15536,320	22.250000,18.875000,18.250000,18.125000,17.875000,17.875000,17.750000,17.375000
22	0	28	1.540028	284,28,320,11,25,315,3968,220	27.250000,26.250000,25.125000,24.875000,24.375000,23.750000,22.625000,22.000000
22	1	19	2.255253	16,17,20,19,18,23,21,220	26.375000,26.250000,25.375000,25.125000,24.125000,23.375000,22.625000,21.750000
22	2	15	0.004108	15,17,20,23,18,19,16,11	30.000000,22.875000,22.875000,22.625000,22.125000,22.125000,22.000000,21.875000
22	3	24	0.073362	24,15,11,23,17,21,19,22	29.500000,26.875000,22.875000,22.375000,22.125000,20.625000,20.375000,20.375000
22	4	21	0.000694	21,20,17,22,23,15,19,18	30.375000,21.875000,21.625000,21.000000,21.000000,20.875000,20.625000,19.000000
22	5	419	7.873762	11,25,320,11211,198,510,1447,323	28.000000,24.750000,24.750000,23.875000,23.125000,22.875000,22.500000,22.375000
22	6	35408	2.579950	1035,374,3059,6696,686,9044,35408,18644	23.750000,23.625000,23.500000,23.500000,23.125000,23.000000,23.000000,22.000000
22	7	220	0.107962	220,25,320,264,510,3968,393,911	28.250000,24.625000,24.375000,23.875000,23.500000,23.500000,23.125000,23.125000
23	0	21	1.546162	22,21,17,16,18,19,23,20	28.625000,27.500000,26.625000,24.875000,24.125000,24.125000,23.625000,23.000000
23	1	24	0.028652	24,23,22,21,15,18,20,19	27.875000,23.500000,22.500000,21.750000,21.375000,21.375000,21.250000,20.875000
23	2	2477	9.297674	26757,13,11879,2480,11211,320,479,40467	23.625000,20.625000,19.500000,19.125000,19.000000,18.875000,18.625000,18.625000
23	3	28252	0.021112	28252,12,39433,1975,23642,34072,14859,49817	27.000000,22.000000,21.375000,21.125000,20.500000,20.000000,19.875000,19.750000
23	4	90619	0.000875	90619,75,15958,4260,654,278,3629,89722	29.375000,22.125000,20.625000,15.500000,15.312500,15.250000,15.250000,15.187500
23	5	26757	0.089424	26757,220,320,44792,1467,11211,11879,2266	25.500000,22.000000,20.375000,20.375000,20.125000,20.000000,19.875000,19.750000
23	6	345	5.720959	320,198,271,382,11,315,13,369	28.500000,27.875000,27.500000,27.500000,27.375000,27.000000,26.875000,26.375000
23	7	19411	15.071459	9547,4197,8206,437,8088,1958,1055,7138	22.625000,22.125000,21.125000,20.500000,20.250000,19.750000,19.625000,19.625000
24	0	2845	0.055807	2845,480,287,11307,369,448,304,82	27.250000,24.375000,19.750000,18.000000,17.250000,17.125000,16.250000,16.000000
24	1	47905	7.045502	2878,1212,26345,3685,2686,4946,366,18304	23.500000,23.375000,22.875000,22.250000,21.000000,20.375000,20.125000,19.750000
24	2	279	0.100567	279,220,479,2567,1039,393,8028,894	26.250000,22.625000,22.000000,21.250000,21.000000,20.875000,20.875000,20.500000
24	3	220	0.980755	220,7192,8028,2567,1932,479,1372,3930	23.000000,21.750000,21.500000,21.125000,21.000000,20.250000,20.250000,20.250000
24	4	17	2.240181	21,18,16,17,20,19,23,22	27.500000,26.500000,26.375000,26.125000,26.000000,25.750000,23.625000,22.125000
24	5	15	0.239502	15,20,61,19,17,23,21,16	27.625000,25.875000,24.125000,23.375000,23.000000,23.000000,22.750000,22.500000
24	6	11582	3.359728	26757,2567,11879,11582,15,12,4362,11223	22.750000,22.500000,20.625000,20.375000,20.250000,19.625000,19.625000,19.250000
24	7	3122	0.004757	3122,15296,573,359,1942,15832,31883,766	31.500000,26.125000,22.250000,20.250000,20.125000,19.125000,18.625000,18.250000
25	0	16287	2.974482	8028,3930,12171,16287,4722,1308,2567,2169	23.375000,22.375000,21.500000,21.000000,19.500000,19.125000,19.125000,19.000000
25	1	315	1.920046	369,382,315,320,624,271,311,13	28.250000,28.000000,27.250000,25.875000,25.375000,25.125000,25.125000,25.000000
25	2	279	0.318394	279,419,479,1565,393,1039,264,1273	24.750000,22.875000,21.250000,20.875000,20.000000,20.000000,19.875000,19.875000
25	3	425	5.266125	1273,16460,4024,28431,479,9934,5567,5603	21.250000,20.500000,20.000000,20.000000,19.250000,19.250000,19.125000,19.000000
25	4	18	8.526342	1740,3399,18454,1593,96190,2916,4872,4305	19.250000,19.125000,19.000000,18.000000,17.250000,16.875000,16.875000,16.625000
25	5	4271	10.964493	1273,16460,18266,12,5456,323,25869,5603	20.375000,20.250000,20.000000,19.125000,18.625000,18.375000,18.000000,17.875000
25	6	18126	5.400377	18266,1273,1779,12890,35957,5456,6629,25869	23.875000,22.250000,22.000000,20.750000,20.625000,20.500000,20.500000,20.500000
25	7	382	0.171955	382,624,320,271,13,198,369,345	28.625000,25.750000,25.625000,24.750000,24.625000,24.375000,24.250000,22.625000
26	0	1986	3.184528	785,418,1986,28,9112,2461,4416,44364	21.000000,19.250000,18.875000,18.375000,18.375000,18.125000,17.500000,17.500000
26	1	1034	4.061291	374,1273,10337,1034,821,15983,2150,5316	24.500000,24.250000,22.125000,21.375000,21.000000,21.000000,20.875000,20.875000
26	2	374	0.431282	374,5610,572,320,5646,594,646,702	27.750000,26.375000,24.875000,24.500000,24.500000,23.625000,23.625000,23.500000
26	3	1483	2.053703	949,1483,369,7907,264,279,10602,8791	23.375000,23.000000,22.875000,22.750000,22.625000,22.250000,22.250000,21.000000
26	4	438	2.533436	311,369,304,438,553,448,2337,1172	27.500000,27.250000,26.875000,26.000000,26.000000,23.625000,22.750000,21.625000
26	5	264	1.059706	264,279,1946,1273,949,458,5785,4862	26.500000,26.375000,25.250000,25.125000,24.875000,23.750000,23.750000,21.875000
26	6	12507	10.608471	1273,5785,5297,25869,28431,425,2530,4185	22.875000,22.750000,21.500000,20.375000,20.125000,19.625000,19.625000,19.500000
26	7	369	0.928993	304,369,553,311,320,2337,979,323	28.125000,27.875000,25.625000,25.125000,24.375000,24.000000,22.250000,22.125000
27	0	279	1.144562	7497,279,425,37563,7032,1273,4303,17590	24.000000,23.750000,21.750000,21.375000,20.625000,20.250000,20.250000,20.125000
27	1	47175	15.075745	425,1273,1565,330,479,364,7032,16460	23.125000,21.500000,21.000000,20.625000,20.625000,20.250000,19.875000,19.375000
27	2	44220	8.436800	61437,33,34,12,2271,8963,9967,35290	18.375000,18.250000,17.750000,17.625000,17.625000,17.250000,17.250000,17.125000
27	3	84648	12.514385	1273,425,2022,3135,6733,7032,551,1614	22.375000,20.500000,20.375000,20.375000,20.250000,20.125000,19.875000,19.750000
27	4	6500	0.649157	6500,19479,8233,1273,47430,36680,13850,4938	23.750000,22.875000,21.250000,20.875000,20.250000,20.000000,19.625000,19.375000
27	5	73152	11.048412	1273,28431,4271,5068,7032,7497,10272,62019	22.000000,21.625000,21.375000,20.500000,20.125000,20.125000,20.125000,20.000000
27	6	487	0.000050	487,34494,1361,16460,3147,1927,22814,1403	28.750000,18.125000,16.750000,16.375000,15.187500,15.000000,14.812500,14.562500
27	7	18126	6.475412	1273,28431,198,7032,16460,7497,62019,4271	25.500000,23.500000,22.750000,22.750000,22.125000,21.375000,21.375000,21.125000
28	0	198	2.588856	1273,382,7032,198,624,320,345,13	25.500000,25.250000,24.500000,24.250000,24.250000,24.125000,23.625000,23.375000
28	1	8623	6.022787	437,1944,258,7,23841,300,2428,5349	21.125000,21.000000,20.750000,20.500000,20.375000,19.750000,19.750000,19.500000
28	2	82	0.805088	82,287,291,620,880,25,53346,5523	23.250000,22.500000,21.875000,21.375000,20.000000,19.625000,18.875000,18.750000
28	3	5523	1.754248	12697,5523,14,4846,78311,43985,3470,304	20.375000,19.750000,19.375000,18.875000,18.125000,18.000000,17.750000,17.500000
28	4	324	0.012608	324,9048,80,65,85964,269,1677,9713	31.000000,26.625000,20.875000,19.625000,19.000000,18.750000,18.750000,18.750000
28	5	749	0.000004	749,6331,17184,5970,2011,126394,15439,21028	40.250000,27.500000,24.250000,24.000000,23.125000,22.875000,22.375000,21.875000
28	6	97066	14.204432	30448,53346,80,1751,8976,14,4452,77602	27.875000,23.750000,19.250000,18.375000,18.250000,17.875000,17.875000,17.625000
28	7	2204	8.569605	11529,620,5678,9360,53346,76776,14,80	22.750000,21.875000,21.000000,19.500000,18.750000,18.375000,17.625000,17.375000
29	0	17	1.862715	19642,17,1409,20615,3334,27480,20,23819	24.250000,22.750000,22.000000,20.375000,20.000000,19.875000,19.125000,19.000000
29	1	68	0.000229	68,57824,291,295,5120,288,65,823	32.000000,22.875000,21.000000,20.875000,20.500000,20.375000,19.875000,19.875000
29	2	25638	6.623011	7197,4452,12697,14,880,43985,4846,54798	21.000000,20.375000,19.500000,18.500000,18.375000,18.375000,18.125000,17.875000
29	3	4292	4.103605	8,568,701,3593,692,11,323,25	25.875000,25.625000,25.500000,25.500000,25.250000,24.125000,23.750000,23.375000
29	4	8610	7.261808	785,2132,2461,418,4416,28,1986,2679	22.000000,20.000000,19.375000,19.000000,18.625000,18.500000,18.500000,18.500000
29	5	31805	11.297853	4344,2297,50844,8837,28782,17030,2647,1273	25.125000,23.125000,22.500000,22.125000,22.000000,21.500000,20.375000,20.250000
29	6	990	4.378736	4278,975,315,476,3542,2038,990,1969	24.125000,24.000000,23.750000,22.750000,21.375000,21.250000,21.000000,20.875000
29	7	1969	0.606245	1969,315,320,7460,374,1265,476,3880	27.750000,27.250000,25.000000,24.625000,24.250000,24.250000,24.125000,22.250000
30	0	14060	4.655703	25017,48453,2924,387,5978,1795,21129,25879	24.000000,22.125000,22.000000,21.750000,21.125000,21.000000,21.000000,21.000000
30	1	419	1.388575	279,419,62024,5723,1493,678,4024,6920	25.250000,24.375000,23.250000,21.375000,21.250000,21.125000,20.875000,20.125000
30	2	13534	7.448755	62024,5723,5293,6920,3980,4247,5185,44377	23.250000,21.875000,21.500000,20.750000,19.875000,19.875000,19.625000,19.000000
30	3	7710	1.106302	7671,7710,15,5723,62024,12,14319,92214	24.250000,23.750000,21.750000,21.625000,20.750000,19.500000,19.500000,19.125000
30	4	92214	0.000931	92214,16589,12,220,81219,6222,62024,5723	27.500000,19.625000,18.875000,18.125000,18.125000,17.750000,17.500000,17.250000
30	5	220	0.366575	220,5723,62024,5293,12,348,323,6920	25.125000,23.875000,23.000000,20.625000,19.500000,19.125000,18.500000,18.250000
30	6	18	0.000072	18,19,17,16,15,220,20,198	32.750000,23.000000,21.500000,17.375000,17.125000,16.875000,14.875000,14.125000
30	7	13	-0.000000	13,12,624,5723,8382,382,18831,496	30.250000,14.250000,13.437500,13.062500,12.937500,12.875000,12.750000,12.625000
31	0	15	0.000002	15,16,18,20,17,21,24,19	31.625000,17.625000,17.625000,16.750000,15.125000,15.000000,13.875000,13.500000
31	1	62024	1.196238	5723,62024,5293,6920,323,6668,17329,44377	25.125000,24.375000,22.125000,19.500000,19.375000,19.375000,19.125000,19.000000
31	2	382	0.727608	382,323,624,5293,13,198,11,345	26.500000,26.000000,24.250000,23.875000,23.500000,23.375000,23.125000,22.750000
31	3	284	7.380991	418,785,28,44364,313,1986,2461,12	20.375000,20.375000,20.125000,18.250000,17.875000,17.500000,17.500000,17.375000
31	4	8397	12.637007	3972,284,608,1406,11176,835,220,4710	22.375000,19.750000,19.500000,19.125000,19.000000,18.875000,18.750000,18.250000
31	5	425	5.264132	64,468,356,451,594,328,386,422	21.250000,17.750000,17.500000,17.375000,17.375000,17.125000,17.000000,17.000000
31	6	10965	13.200991	13,356,22908,535,398,2819,965,366	23.125000,16.500000,16.375000,16.125000,16.000000,15.937500,15.812500,15.625000
31	7	465	2.498783	4003,777,465,1664,1280,466,484,665	21.500000,19.625000,19.250000,16.250000,16.125000,15.625000,15.062500,14.875000
32	0	284	2.990957	594,320,79483,11,284,271,25,220	23.625000,22.125000,21.375000,21.250000,21.250000,21.125000,20.750000,19.500000
32	1	715	2.058710	4710,1406,715,320,2303,220,18611,374	22.500000,21.625000,21.125000,19.875000,19.625000,18.625000,18.625000,17.750000
32	2	8397	4.188103	785,34532,32313,40,284,8397,1986,4416	18.125000,18.125000,17.375000,16.750000,16.375000,16.000000,15.937500,15.875000
32	3	425	0.024517	425,7801,8397,468,3757,12375,220,21891	22.625000,16.000000,15.437500,15.312500,15.312500,15.312500,14.937500,14.875000
32	4	10965	0.000223	10965,13,616,2950,30158,965,220,23937	25.500000,16.250000,15.312500,14.562500,13.500000,13.437500,13.250000,13.187500
32	5	465	0.000015	465,5045,777,376,665,1982,4160,4991	30.375000,18.375000,17.250000,16.625000,16.500000,16.375000,16.000000,15.500000
32	6	374	1.949442	320,374,572,11,220,198,594,4102	24.625000,22.875000,20.625000,19.625000,19.250000,17.875000,17.625000,17.250000
32	7	458	1.563580	264,458,279,825,5023,3881,1850,220	26.625000,25.375000,23.625000,22.250000,21.125000,20.500000,19.625000,19.500000
33	0	6364	0.683830	6364,3693,13369,9489,12089,3150,17847,10049	21.625000,21.125000,19.625000,17.375000,17.125000,17.000000,16.750000,16.625000
33	1	4531	4.799122	6584,4741,12089,8964,1515,39160,6916,3150	18.375000,18.125000,18.000000,17.000000,16.625000,16.375000,16.250000,15.687500
33	2	1154	9.174246	7538,323,16851,6440,11,12089,39450,4171	22.875000,22.625000,21.500000,20.625000,18.875000,18.125000,18.000000,17.875000
33	3	12425	0.070721	12425,6430,5883,2766,11086,33496,323,26705	26.750000,23.875000,21.500000,21.000000,19.500000,19.500000,19.375000,19.125000
33	4	323	0.044077	323,1154,11,16851,220,7538,609,320	29.750000,26.625000,21.375000,21.250000,20.125000,20.125000,20.000000,19.625000
33	5	33496	2.759129	6430,33496,7743,8887,8353,26705,2766,65233	25.000000,22.375000,21.250000,20.625000,20.250000,19.875000,19.625000,19.000000
33	6	12089	1.114567	7538,12089,16851,23654,220,6916,4171,48154	24.500000,24.000000,22.750000,19.625000,19.125000,19.125000,19.000000,18.875000
33	7	659	1.375151	659,879,323,1850,3881,1154,13,448	28.000000,28.000000,27.625000,27.250000,27.000000,26.125000,25.500000,24.750000
34	0	1260	0.162134	1260,425,5301,4636,37816,758,715,362	25.750000,23.750000,21.000000,20.750000,20.750000,19.500000,19.125000,18.875000
34	1	1030	6.461027	572,374,702,9723,19476,6342,16176,18178	25.125000,24.375000,24.375000,22.500000,21.750000,21.625000,21.500000,21.500000
34	2	264	0.596348	264,806,12783,8597,8922,458,1012,9723	25.125000,23.625000,22.875000,22.000000,21.875000,21.750000,21.750000,21.625000
34	3	8640	5.440933	3476,2613,8922,12613,45250,3598,6388,9814	23.000000,22.375000,22.375000,21.625000,21.625000,21.125000,21.125000,20.875000
34	4	569	14.731768	3476,11094,481,39400,7702,6774,949,26255	24.750000,23.250000,21.250000,20.875000,20.625000,20.375000,20.250000,18.750000
34	5	12	0.312094	12,481,220,304,198,19191,662,3476	20.500000,19.250000,16.000000,15.250000,14.750000,14.687500,14.625000,14.437500
34	6	31	0.006676	31,16,5778,62799,3476,17,569,18	26.375000,19.375000,18.875000,18.875000,18.750000,18.375000,18.000000,17.625000
34	7	39400	2.650999	3476,39400,11094,6774,220,7702,2484,949	26.500000,24.000000,23.000000,22.000000,21.500000,20.750000,20.375000,20.250000
35	0	3476	0.023180	3476,304,11094,12783,949,389,6502,220	27.875000,23.625000,21.875000,21.250000,21.125000,19.875000,19.875000,19.750000
35	1	389	4.332375	304,438,389,315,448,518,5619,323	29.250000,26.500000,25.000000,22.625000,22.375000,22.250000,22.125000,21.500000
35	2	279	0.126667	279,576,18096,264,330,6326,18635,364	24.125000,20.500000,19.750000,19.375000,19.375000,18.750000,18.750000,18.625000
35	3	12425	2.042442	18096,12425,7855,220,1156,2086,4013,13434	22.250000,21.375000,20.750000,20.500000,20.375000,19.875000,19.875000,19.750000
35	4	4013	0.067923	4013,1473,2025,18136,19584,22358,80366,6146	26.250000,22.875000,21.875000,21.500000,20.375000,20.125000,20.125000,19.750000
35	5	576	1.941227	330,576,1154,3355,364,18635,4678,1591	19.375000,19.125000,18.500000,18.500000,17.750000,17.375000,16.875000,16.750000
35	6	8596	3.891291	8246,328,19378,4312,1599,1532,8596,220	17.125000,17.000000,16.750000,15.750000,15.250000,15.187500,14.937500,14.625000
35	7	304	1.566153	323,304,1154,320,659,438,504,220	26.625000,25.875000,25.125000,25.000000,24.875000,24.125000,23.250000,21.875000
36	0	220	0.308922	220,279,264,892,458,1181,806,5813	26.625000,25.500000,22.125000,22.000000,20.250000,19.875000,19.750000,19.750000
36	1	17	0.576365	17,16,18,15,1154,220,19,22	22.500000,22.250000,13.250000,13.000000,12.562500,12.000000,11.937500,11.875000
36	2	15	0.000010	15,16,220,17,18,19,23,569	28.625000,15.625000,15.000000,14.687500,14.375000,14.125000,14.062500,13.937500
36	3	15	0.079998	15,16,17,220,1154,569,18,549	25.500000,23.000000,18.750000,12.562500,12.250000,12.062500,11.687500,11.250000
36	4	15	1.907274	15,16,17,18,19,20,22,21	21.250000,21.250000,21.250000,21.250000,20.875000,20.875000,20.625000,20.375000
36	5	659	0.857569	323,659,1154,438,13,320,714,2587	27.625000,27.625000,26.125000,24.500000,23.750000,23.250000,22.750000,22.375000
36	6	1096	7.542725	1260,425,758,5301,5542,1913,24885,8704	25.875000,24.125000,23.500000,22.000000,20.625000,20.375000,20.375000,20.125000
36	7	572	0.346395	572,374,3476,4013,4549,6069,9234,5230	24.875000,23.125000,22.375000,20.875000,20.250000,19.750000,19.750000,19.500000
37	0	8110	1.368626	806,8110,264,279,304,438,458,825	24.750000,24.625000,24.125000,23.625000,23.125000,22.125000,21.500000,21.500000
37	1	553	0.032988	553,304,448,705,264,19620,2937,1378	29.375000,25.625000,23.375000,23.250000,22.375000,22.375000,22.000000,21.875000
37	2	264	0.402895	264,806,26255,458,279,12783,2441,8640	25.250000,23.750000,22.250000,21.875000,21.750000,21.750000,21.125000,20.500000
37	3	39400	5.173656	3476,8640,45250,949,12613,2613,4013,8922	23.000000,20.875000,20.625000,20.500000,20.500000,20.250000,20.250000,19.875000
37	4	3476	0.004087	3476,304,949,569,2309,5068,323,6502	27.750000,20.625000,20.500000,20.125000,19.250000,19.250000,19.125000,19.125000
37	5	304	0.128078	304,438,389,448,315,518,323,5619	29.625000,27.250000,26.125000,24.250000,23.250000,23.000000,22.750000,22.375000
37	6	279	0.114882	279,264,576,220,458,18096,806,364	25.125000,22.000000,20.875000,19.875000,19.750000,19.000000,18.750000,18.625000
37	7	1486	3.689590	220,12425,4531,18096,2805,1486,7855,4565	21.875000,21.375000,20.875000,20.125000,19.750000,19.375000,19.250000,19.000000
38	0	6252	7.057297	576,364,1154,330,3355,362,518,659	20.125000,19.000000,18.750000,18.250000,17.750000,17.250000,16.875000,16.750000
38	1	2382	1.614162	2382,263,585,288,5298,1154,18209,659	17.875000,17.125000,17.000000,16.625000,16.375000,16.125000,15.750000,15.437500
38	2	5326	7.738375	304,1154,518,323,320,553,389,659	22.250000,21.625000,21.125000,21.000000,20.750000,20.750000,20.500000,20.375000
38	3	553	0.008656	553,323,304,369,518,569,448,3216	29.750000,24.750000,22.375000,22.125000,20.625000,20.625000,20.500000,20.000000
38	4	21315	3.804058	6798,3757,11867,14991,4389,21315,33121,18095	18.375000,17.625000,17.500000,17.500000,17.375000,17.375000,17.375000,17.250000
38	5	75923	3.027500	23366,1644,12131,8362,75923,39103,386,1032	18.000000,17.750000,17.500000,16.750000,16.625000,16.375000,15.875000,15.750000
38	6	1154	2.657431	659,323,304,1154,518,892,369,320	27.625000,27.500000,27.250000,26.125000,25.875000,24.750000,24.625000,24.000000
38	7	892	0.344851	892,323,1156,304,10660,15540,518,8947	26.000000,24.125000,22.625000,22.500000,22.500000,22.500000,22.250000,22.000000
39	0	572	0.722788	572,8930,10613,84070,566,90613,6342,22409	25.375000,24.125000,23.875000,23.375000,23.250000,22.875000,22.125000,22.000000
39	1	10660	0.816034	10660,8947,50057,1156,10449,518,6839,15540	23.750000,22.625000,22.375000,21.750000,21.500000,21.125000,21.000000,20.875000
39	2	304	2.263855	518,304,553,389,1156,369,504,569	29.875000,27.750000,25.875000,24.250000,23.750000,22.875000,22.875000,22.500000
39	3	220	0.765423	220,279,7148,264,2176,19361,5257,576	23.375000,23.125000,21.250000,20.875000,19.625000,19.125000,18.625000,18.375000
39	4	17	0.002314	17,16,18,19,15,20,22,21	26.750000,20.625000,16.375000,15.687500,15.375000,15.250000,14.875000,14.437500
39	5	15	0.000004	15,16,569,17,18,1154,220,24	28.750000,15.125000,13.625000,13.375000,13.000000,12.687500,12.625000,12.562500
39	6	15	0.008636	15,16,17,220,1154,549,18,659	28.625000,23.875000,17.625000,13.937500,13.750000,13.562500,13.500000,13.187500
39	7	16	1.014992	16,17,18,15,19,20,21,22	22.250000,21.750000,21.500000,20.625000,20.625000,20.125000,19.625000,19.375000
40	0	518	0.394205	518,659,323,304,553,389,1154,13	28.250000,26.625000,26.250000,26.000000,24.250000,22.750000,22.750000,22.250000
40	1	279	0.022018	279,576,7148,264,2176,26221,19361,24688	25.625000,21.375000,19.000000,18.875000,17.875000,17.750000,17.250000,16.875000
40	2	16194	0.867016	16194,15953,5055,1163,4312,14079,19361,26221	20.750000,19.875000,19.375000,18.125000,17.625000,17.625000,17.500000,17.375000
40	3	7154	0.053881	7154,5055,18705,41382,323,15815,15953,65463	24.250000,20.625000,20.250000,18.375000,17.625000,17.250000,17.125000,16.375000
40	4	26221	0.065319	26221,304,33496,315,569,659,1154,323	25.750000,21.750000,21.125000,21.000000,20.750000,20.750000,20.500000,20.125000
40	5	659	1.769331	304,659,323,1154,3138,320,16448,481	27.625000,26.125000,24.250000,24.125000,22.125000,22.000000,21.375000,20.875000
40	6	1260	0.882744	1260,758,425,5301,24885,576,4636,5542	24.625000,24.125000,23.875000,22.375000,21.500000,21.000000,20.750000,20.625000
40	7	1030	2.982050	1083,1221,702,572,6342,9723,1030,2937	23.500000,23.125000,23.000000,22.875000,22.250000,22.125000,22.000000,22.000000
41	0	264	0.083729	264,2441,806,458,1083,279,12783,4623	27.250000,23.500000,22.875000,22.750000,22.000000,21.750000,21.500000,21.375000
41	1	8640	2.396324	3476,12613,8640,8922,2613,45250,6388,9814	21.875000,21.875000,21.000000,21.000000,20.750000,20.750000,20.375000,19.625000
41	2	3476	0.716530	3476,569,39400,11094,7702,6774,949,25377	23.125000,22.250000,22.250000,21.125000,19.000000,18.750000,17.625000,17.375000
41	3	304	0.154526	304,389,438,1549,448,518,5619,315	30.000000,28.000000,26.000000,24.375000,23.875000,23.625000,23.500000,23.125000
41	4	279	0.079266	279,576,264,220,2441,458,18096,7506	25.375000,21.125000,21.000000,20.500000,20.500000,19.875000,19.500000,18.750000
41	5	12425	0.711081	12425,18096,220,4013,4531,7855,5883,2086	23.000000,21.625000,21.500000,20.875000,19.750000,19.750000,19.625000,19.500000
41	6	4013	0.017944	4013,19584,1473,2025,6146,18136,4531,22358	27.125000,22.000000,20.750000,20.750000,20.625000,20.625000,20.375000,20.250000
41	7	20207	5.252478	576,7506,15696,6326,18635,4678,1154,48822	17.875000,16.375000,16.375000,16.125000,16.000000,15.812500,15.750000,15.750000
42	0	3757	0.001110	3757,1154,422,659,81204,54058,481,54904	28.125000,20.500000,19.500000,19.125000,18.375000,18.125000,17.875000,17.875000
42	1	1581	0.003704	1581,54904,1154,55156,31302,82884,444,5227	24.625000,18.375000,16.500000,16.000000,15.750000,15.750000,15.562500,15.562500
42	2	291	0.001860	291,2636,1090,585,2145,19289,68,423	26.875000,20.125000,17.625000,17.500000,17.375000,17.125000,17.000000,16.875000
42	3	304	0.354008	304,320,323,1154,659,892,504,438	28.750000,27.125000,26.500000,26.000000,24.750000,24.000000,23.875000,23.625000
42	4	220	0.010412	220,279,264,892,5813,3217,5470,6058	28.750000,23.875000,21.000000,20.875000,20.125000,19.875000,19.750000,19.750000
42	5	17	0.000141	17,16,18,15,19,20,220,1154	29.625000,20.750000,16.000000,14.687500,13.625000,13.625000,13.375000,12.750000
42	6	15	0.000004	15,16,220,17,23,18,13,1154	28.500000,15.000000,13.812500,13.562500,12.812500,12.750000,12.687500,12.125000
42	7	15	0.002487	15,16,17,1154,220,659,549,481	28.500000,22.500000,16.625000,14.687500,14.375000,13.187500,13.125000,12.687500
43	0	17	1.055870	17,18,19,16,20,21,22,23	22.500000,22.500000,21.375000,21.125000,20.625000,19.875000,19.250000,18.250000
43	1	659	1.074017	323,659,1154,438,13,320,16448,2587	29.375000,28.875000,27.375000,24.250000,23.875000,23.875000,23.500000,23.375000
43	2	758	1.076275	1260,758,425,5301,24885,5542,5005,27133	25.125000,24.875000,23.875000,22.500000,21.375000,20.875000,20.750000,20.250000
43	3	220	0.041254	220,279,5256,5813,3217,7400,5470,6702	28.500000,24.875000,23.000000,21.625000,21.500000,21.500000,21.375000,21.375000
43	4	17	0.000303	17,16,15,1154,18,220,549,19	26.875000,18.750000,13.937500,13.250000,12.750000,12.187500,10.812500,10.750000
43	5	15	-0.000000	15,16,17,24,23,18,220,1154	32.750000,16.000000,14.437500,14.437500,14.187500,13.500000,13.125000,13.062500
43	6	15	0.009787	15,16,17,1154,220,18,549,4146	28.000000,23.375000,17.500000,13.812500,13.562500,13.062500,12.062500,12.062500
43	7	19	1.612932	18,19,20,21,22,17,23,24	24.375000,23.250000,22.500000,21.625000,21.000000,20.750000,20.000000,19.500000
44	0	425	3.509562	566,1154,425,323,806,1260,8397,569	29.500000,29.000000,26.500000,23.375000,23.125000,22.125000,21.625000,21.500000
44	1	10965	0.000158	10965,965,616,581,6344,1080,425,13	25.625000,15.687500,14.375000,14.125000,13.812500,13.312500,13.187500,13.062500
44	2	465	0.000027	465,5045,376,665,1982,777,4160,59385	30.750000,19.750000,17.750000,17.250000,16.375000,16.250000,16.250000,16.250000
44	3	26120	7.383198	6342,9723,572,10859,1030,3867,1865,58235	24.500000,24.250000,23.375000,22.375000,22.125000,22.000000,21.875000,21.250000
44	4	264	0.275274	264,279,806,458,304,2441,825,12783	27.875000,26.375000,25.375000,22.625000,21.500000,20.750000,19.875000,19.750000
44	5	3476	1.053486	3476,6388,12613,45250,5792,949,3598,2990	22.625000,21.625000,21.375000,21.250000,21.125000,21.000000,20.500000,19.875000
44	6	438	1.823214	304,438,389,448,5619,315,518,369	29.750000,28.125000,24.500000,24.500000,24.375000,23.875000,23.375000,22.000000
44	7	330	8.482750	264,279,458,4389,825,6798,8364,11867	21.625000,19.750000,19.125000,17.750000,17.625000,17.625000,17.375000,17.375000
45	0	28417	7.428343	4392,14991,21315,6798,3757,8364,32819,4389	16.375000,16.000000,15.937500,15.875000,15.812500,15.812500,15.750000,15.687500
45	1	330	0.151993	330,3670,425,422,386,472,7401,1	21.500000,16.750000,16.000000,15.937500,15.812500,15.812500,15.750000,15.625000
45	2	304	0.017912	304,389,1154,320,323,264,279,448	29.625000,24.625000,24.375000,23.125000,22.750000,22.375000,22.375000,21.375000
45	3	279	0.026651	279,264,576,458,13434,18096,330,4013	26.875000,22.125000,21.500000,20.500000,20.250000,20.000000,19.375000,19.250000
45	4	9234	7.875299	12425,4531,18096,4013,7855,13434,22358,4565	22.125000,21.000000,20.875000,20.250000,20.125000,20.000000,19.750000,19.000000
45	5	330	0.704269	330,315,24849,1591,3355,364,19867,1154	24.500000,24.125000,22.125000,21.375000,21.125000,21.000000,20.750000,19.875000
45	6	70066	10.899071	576,362,425,358,350,356,422,220	19.500000,16.875000,16.750000,16.250000,16.125000,16.125000,16.125000,16.000000
45	7	364	4.829882	330,23985,364,323,16180,35968,304,8171	23.500000,19.875000,18.750000,18.250000,17.750000,17.375000,16.625000,16.625000
46	0	82	0.002144	82,274,364,569,50,549,67,2587	26.500000,20.125000,17.000000,16.625000,15.750000,15.500000,15.437500,15.375000
46	1	15106	4.638775	5004,6841,6059,8599,6164,1532,422,7506	15.625000,15.375000,15.312500,15.312500,15.125000,15.000000,14.812500,14.812500
46	2	330	0.005236	330,320,364,3670,1,549,1154,5933	27.875000,20.375000,20.125000,20.125000,19.750000,19.625000,19.375000,19.250000
46	3	315	0.099566	315,304,389,320,504,1154,323,892	30.000000,27.000000,26.375000,25.125000,25.000000,24.750000,24.000000,23.625000
46	4	279	0.024155	279,576,18096,13434,4013,264,7506,18635	26.000000,21.625000,19.375000,19.125000,18.625000,18.250000,18.000000,18.000000
46	5	12425	0.809944	12425,4013,18096,7855,13434,22358,5883,19584	22.875000,22.125000,21.750000,20.000000,19.750000,19.625000,19.250000,19.250000
46	6	4013	0.008333	4013,19584,1473,2025,6146,18136,22358,80366	27.750000,21.500000,21.125000,21.125000,20.875000,20.500000,20.500000,19.250000
46	7	576	1.751993	576,1154,18635,6326,15696,48822,52325,14671	18.250000,16.875000,16.625000,16.125000,16.125000,16.125000,16.125000,16.000000
47	0	5724	8.297337	328,8246,19378,9494,1532,8596,220,6686	17.375000,16.375000,16.375000,15.875000,15.812500,15.625000,15.437500,15.437500
47	1	37625	3.807070	477,4050,9536,7684,18971,5724,12149,37625	19.500000,18.750000,18.625000,18.000000,17.875000,17.000000,17.000000,16.875000
47	2	2587	5.359171	659,1154,320,323,389,892,304,2587	27.250000,25.625000,25.000000,24.125000,23.375000,22.875000,22.750000,22.250000
47	3	566	1.151846	566,419,279,323,304,425,806,4764	24.250000,24.125000,23.625000,22.625000,22.250000,21.375000,21.250000,21.250000
47	4	58235	6.852404	572,1083,6342,5927,9723,2937,1030,1221	23.750000,23.625000,23.375000,22.750000,22.125000,21.875000,21.375000,21.000000
47	5	16263	4.770119	304,438,1549,448,16263,1083,369,518	27.375000,26.000000,23.375000,23.000000,22.875000,21.875000,20.750000,20.750000
47	6	19571	4.080788	6798,279,3757,11867,4389,8397,12089,18939	18.125000,18.000000,18.000000,18.000000,17.875000,17.875000,17.625000,17.625000
47	7	4389	4.304913	1741,1075,2670,11867,18939,6798,4389,3757	22.750000,21.250000,20.500000,19.500000,19.500000,19.375000,19.250000,19.125000
48	0	26099	4.650581	431,13612,2691,20607,26099,350,1260,47307	19.125000,17.250000,16.125000,14.812500,14.812500,14.750000,14.687500,14.562500
48	1	323	0.066101	323,1154,320,659,304,438,2587,609	30.875000,28.125000,25.125000,23.000000,22.500000,21.500000,21.250000,20.875000
48	2	42323	6.505682	6798,3757,4389,11867,18939,11565,18095,8397	18.250000,17.750000,17.500000,17.500000,17.500000,17.375000,17.375000,17.250000
48	3	15035	3.300310	25164,15035,431,63540,4264,434,98971,51656	23.000000,19.750000,17.125000,17.125000,15.562500,15.375000,15.312500,15.187500
48	4	18337	0.003326	18337,404,72,23300,18122,46291,354,1119	23.875000,18.000000,14.875000,14.500000,13.812500,13.312500,12.937500,12.875000
48	5	659	0.093628	659,304,323,1154,16448,6762,320,2587	30.000000,27.000000,26.000000,25.000000,25.000000,24.375000,24.250000,24.000000
48	6	1260	1.667694	758,1260,425,5301,24885,576,2938,5542	25.125000,24.000000,23.750000,21.500000,21.375000,21.250000,20.375000,20.125000
48	7	572	1.750420	1083,572,6342,1030,702,9723,1221,2937	23.125000,22.875000,22.500000,22.375000,22.125000,22.000000,21.750000,21.250000
49	0	6311	2.362301	1083,264,6311,304,1221,2937,14766,27420	23.750000,22.500000,22.250000,21.875000,21.500000,21.500000,20.750000,20.500000
49	1	304	0.718739	304,438,369,311,1549,553,389,448	26.375000,26.375000,22.875000,21.625000,20.250000,19.750000,19.250000,19.125000
49	2	279	0.147724	279,264,220,2441,458,576,1378,806	26.875000,24.625000,22.750000,22.250000,21.625000,21.375000,20.500000,19.750000
49	3	220	1.394587	220,3476,12425,4531,1486,18096,4013,4565	22.625000,22.625000,22.500000,21.375000,20.625000,19.625000,19.500000,19.250000
49	4	17	0.003489	17,16,18,19,20,22,21,23	28.125000,22.125000,19.875000,19.750000,19.375000,19.000000,18.750000,18.000000
49	5	15	0.000032	15,16,17,18,23,19,20,24	28.500000,17.250000,15.875000,15.625000,15.250000,15.187500,14.875000,14.625000
49	6	15	0.018229	15,16,17,19,339,20,18,4146	28.000000,24.000000,18.375000,14.687500,14.375000,14.125000,13.937500,13.437500
49	7	20	0.783817	20,21,19,22,23,24,18,17	23.500000,22.875000,22.125000,22.125000,21.000000,20.125000,19.500000,18.375000
50	0	33496	8.214025	4531,12425,4013,7855,18096,4565,5700,22358	21.500000,21.250000,19.625000,18.750000,18.625000,18.500000,18.375000,18.250000
50	1	53148	6.397234	5670,1486,5068,33085,56005,481,1473,6573	25.625000,24.250000,21.500000,20.625000,20.500000,19.750000,19.750000,19.625000
50	2	315	0.093596	315,576,518,1154,330,323,304,549	24.250000,20.125000,19.500000,19.500000,18.625000,18.375000,18.250000,18.250000
50	3	279	1.965790	576,279,330,7401,362,364,422,9043	20.750000,20.000000,18.375000,17.625000,17.375000,17.125000,16.875000,16.875000
50	4	25179	10.207085	1486,11088,22358,17795,6430,825,1852,19584	23.250000,21.750000,19.125000,19.000000,18.875000,18.625000,18.250000,17.750000
50	5	92301	3.532400	31828,730,20734,444,92301,20113,30563,6210	19.500000,17.500000,17.250000,17.000000,16.500000,16.125000,16.000000,15.875000
50	6	1486	0.357565	1486,364,11088,481,19584,1154,323,7054	24.375000,23.125000,21.625000,20.000000,19.875000,19.750000,19.125000,19.000000
50	7	43562	8.639807	576,330,1154,364,25044,425,659,362	21.500000,20.250000,18.750000,18.625000,17.625000,17.125000,17.000000,16.750000
51	0	49840	0.467031	49840,323,1154,518,304,2587,553,320	24.375000,23.125000,22.750000,20.875000,20.375000,19.875000,19.375000,19.250000
51	1	1154	1.814190	323,1154,320,659,518,304,2587,892	27.500000,26.250000,25.625000,25.250000,25.125000,24.125000,23.625000,23.000000
51	2	892	1.939098	323,892,15540,10660,518,304,5619,448	25.250000,24.000000,23.875000,23.000000,22.250000,22.125000,22.125000,21.500000
51	3	572	0.244711	572,10613,90613,566,1033,3867,8930,1030	25.500000,22.875000,22.250000,21.750000,21.750000,21.750000,21.375000,21.250000
51	4	10660	0.385855	10660,15540,50057,8947,5326,10449,264,518	24.250000,22.125000,21.625000,21.250000,20.750000,20.625000,20.250000,20.125000
51	5	518	0.271683	518,304,553,389,438,1212,448,1549	29.625000,28.375000,25.500000,23.125000,23.125000,22.875000,22.625000,22.250000
51	6	279	0.019722	279,576,7148,264,2176,2055,26221,5257	25.125000,20.375000,19.375000,18.125000,18.125000,18.000000,17.875000,17.500000
51	7	45406	10.161034	16194,5055,2055,1674,15953,1163,14079,13263	20.500000,19.875000,19.500000,19.125000,19.000000,18.250000,18.000000,17.375000
52	0	26221	0.020931	26221,33496,304,323,1154,37471,22780,320	26.125000,21.625000,20.625000,20.125000,19.000000,18.125000,18.000000,17.875000
52	1	304	0.256235	304,1154,323,659,320,2587,315,448	28.375000,26.250000,26.000000,25.625000,23.500000,22.125000,21.125000,21.125000
52	2	70998	6.580460	7148,220,52935,6326,279,356,86570,1532	20.250000,19.000000,19.000000,18.500000,17.750000,17.625000,17.500000,16.625000
52	3	323	0.351963	323,659,1154,2587,304,1573,320,448	29.375000,27.875000,27.500000,25.375000,24.375000,24.125000,23.875000,23.000000
52	4	279	0.943928	279,518,2937,1221,304,1083,1549,27420	24.000000,23.375000,23.250000,22.875000,21.000000,21.000000,19.875000,19.875000
52	5	11012	7.999754	16194,15953,1674,1163,5055,4312,2055,13263	19.125000,18.875000,18.250000,18.000000,17.875000,17.250000,17.125000,17.125000
52	6	1268	0.002731	1268,594,1409,518,304,4813,89,424	26.000000,19.000000,18.500000,18.000000,17.250000,16.500000,16.125000,16.000000
52	7	38420	0.000078	38420,19295,14997,92964,17931,659,1154,15619	31.750000,22.125000,19.500000,18.500000,17.875000,17.750000,17.125000,17.000000
53	0	16937	0.001753	16937,8633,19295,37729,1154,21618,26524,99675	29.000000,22.375000,20.750000,18.500000,18.125000,18.000000,17.875000,17.250000
53	1	304	0.038174	304,659,1154,323,2587,320,16448,33496	30.375000,26.875000,24.625000,24.250000,23.750000,23.000000,21.875000,21.125000
53	2	7148	0.000710	7148,220,4882,279,31302,107074,659,9806	29.250000,21.000000,20.875000,19.500000,19.125000,18.750000,18.375000,18.375000
53	3	659	0.135700	659,2587,1154,304,323,13,16448,6762	29.750000,26.750000,26.375000,25.750000,25.750000,24.750000,24.500000,24.000000
53	4	1260	1.277061	758,1260,425,5301,576,24885,1096,2938	24.375000,24.000000,23.750000,21.500000,21.125000,20.875000,20.000000,19.625000
53	5	572	1.602152	572,6342,1030,1083,9723,702,1221,1865	22.750000,22.625000,22.500000,22.500000,21.875000,21.125000,21.000000,20.500000
53	6	15540	8.398458	1083,6311,264,304,14766,1221,2937,949	23.500000,23.125000,22.250000,22.000000,21.125000,20.875000,20.500000,20.250000
53	7	553	0.016933	553,304,369,323,1052,518,311,389	29.375000,25.000000,22.375000,22.250000,22.250000,21.875000,21.375000,20.750000
54	0	3757	3.709326	279,18939,6798,4389,11867,21315,3757,23269	17.625000,17.625000,17.500000,17.125000,17.125000,17.000000,16.875000,16.875000
54	1	67473	0.118076	67473,350,4509,431,26741,4264,328,17884	20.875000,16.375000,16.375000,16.125000,15.687500,15.250000,15.187500,15.187500
54	2	323	0.391554	323,659,1154,304,2587,320,369,879	29.250000,28.000000,26.500000,26.125000,25.625000,25.125000,25.125000,24.375000
54	3	58235	3.645075	572,1030,10660,6342,279,1062,9723,8947	21.125000,20.000000,20.000000,19.875000,19.625000,19.500000,19.500000,19.375000
54	4	16263	1.008949	448,16263,304,438,14002,518,3156,279	25.750000,25.500000,24.500000,22.125000,21.750000,19.625000,19.625000,19.250000
54	5	7355	6.747936	19571,12089,4389,11867,23654,20445,279,18939	20.250000,18.125000,18.000000,18.000000,18.000000,17.875000,17.625000,17.625000
54	6	1232	0.105064	1232,35203,356,26649,49535,38174,43854,60074	22.250000,18.750000,17.750000,17.750000,17.750000,17.125000,17.125000,16.375000
54	7	812	0.000357	812,1442,1203,285,14810,2652,5853,48211	29.375000,20.500000,19.875000,19.250000,19.000000,18.000000,17.750000,17.500000
55	0	672	-0.000000	672,19915,309,1360,14077,363,87448,40878	37.250000,21.750000,21.375000,21.250000,21.250000,20.250000,20.125000,20.000000
55	1	1154	3.063681	323,659,1154,304,320,2587,16448,6762	29.375000,28.500000,26.750000,25.875000,24.750000,24.625000,23.625000,23.250000
55	2	49975	9.958393	879,323,6693,448,4389,264,6798,4221	21.000000,20.500000,19.000000,18.375000,18.125000,18.000000,18.000000,17.750000
55	3	1863	0.717855	1863,98974,506,13646,20696,14259,431,96882	19.500000,19.000000,16.250000,16.000000,16.000000,15.812500,15.750000,15.562500
55	4	12707	0.953455	67592,12707,437,292,517,3923,276,16030	21.250000,21.125000,19.125000,18.625000,18.250000,17.000000,16.750000,16.750000
55	5	1154	2.581188	323,1154,320,659,609,304,2587,481	29.000000,26.500000,21.500000,20.750000,19.875000,19.500000,19.500000,19.375000
55	6	13928	7.884142	323,4389,11867,18939,6798,7801,3757,18095	23.000000,17.875000,17.875000,17.875000,17.750000,17.750000,17.500000,17.375000
55	7	17734	13.507185	472,1260,4483,45196,350,444,2932,356	19.375000,19.375000,19.250000,19.250000,18.375000,17.750000,17.375000,17.125000
56	0	1154	2.466095	323,1154,263,659,320,609,2587,1842	29.125000,26.750000,21.750000,21.375000,20.625000,20.000000,19.750000,19.375000
56	1	55130	12.209789	323,11867,7801,18939,4389,6798,3757,21315	22.625000,18.000000,17.875000,17.875000,17.750000,17.625000,17.500000,17.375000
56	2	23905	0.633270	23905,7801,362,730,444,4598,7401,17426	20.500000,19.125000,17.500000,17.375000,17.125000,17.125000,16.875000,16.750000
56	3	416	0.114544	416,265,2718,388,2892,5963,5482,74	25.125000,22.125000,21.875000,20.875000,20.000000,19.750000,19.000000,18.125000
56	4	1154	1.910986	323,1154,659,320,609,2587,304,16448	31.000000,29.250000,23.125000,21.750000,21.500000,21.375000,20.125000,19.750000
56	5	59310	6.943451	323,11867,7801,18939,4389,6798,3757,21315	22.125000,18.125000,18.000000,18.000000,17.875000,17.750000,17.625000,17.625000
56	6	80664	7.303495	25164,10978,4483,33031,36130,467,431,350	20.500000,19.625000,19.125000,19.125000,18.500000,18.375000,18.250000,17.875000
56	7	323	0.161816	323,1154,659,320,609,2587,304,1842	30.625000,28.875000,23.375000,22.625000,21.750000,21.500000,20.500000,20.500000
57	0	67034	6.657051	3800,11867,18939,4389,20445,6798,7801,8364	18.625000,18.000000,17.750000,17.625000,17.625000,17.500000,17.375000,17.375000
57	1	10926	10.244581	10801,386,4312,3128,4483,7401,26234,23517	22.250000,21.875000,21.875000,20.875000,18.125000,17.875000,17.875000,17.625000
57	2	659	0.101120	659,304,16448,2587,1154,323,6762,72	26.000000,22.375000,21.500000,21.375000,21.250000,20.875000,20.875000,20.625000
57	3	715	5.679293	758,1260,425,576,5301,24885,43562,4710	24.125000,23.500000,23.250000,21.500000,20.875000,20.750000,19.750000,19.500000
57	4	758	3.452072	284,425,8397,1260,785,758,34532,4710	20.125000,19.125000,18.500000,18.375000,18.000000,17.875000,17.875000,17.750000
57	5	220	0.078716	220,279,5256,3217,5813,6702,7400,5470	27.250000,24.250000,22.125000,21.000000,21.000000,20.875000,20.875000,20.750000
57	6	17	0.000240	17,16,15,1154,18,279,220,549	27.625000,19.125000,15.062500,14.812500,14.625000,14.625000,14.375000,13.125000
57	7	15	0.000002	15,16,220,18,24,1154,2624,23	28.625000,13.375000,12.937500,12.125000,11.875000,11.875000,11.750000,11.500000
58	0	15	0.012556	15,16,17,220,1154,20,549,21	27.000000,22.625000,16.875000,13.187500,12.687500,11.937500,11.625000,11.562500
58	1	21	0.401438	21,22,20,23,24,19,18,17	24.000000,22.750000,21.875000,21.125000,20.125000,18.500000,18.375000,17.625000
58	2	1154	2.771767	425,566,1154,569,806,8397,323,1260	28.750000,26.250000,26.125000,21.750000,21.125000,20.875000,20.375000,19.875000
58	3	425	0.102371	425,566,8397,806,1260,279,1283,264	28.500000,26.250000,21.500000,20.375000,20.250000,19.500000,18.750000,18.625000
58	4	10965	0.000008	10965,965,616,581,22604,2950,220,39337	29.625000,16.750000,16.000000,15.437500,15.000000,14.375000,14.312500,14.312500
58	5	465	-0.000000	465,5045,56960,696,376,1982,799,1536	41.750000,24.500000,23.500000,23.375000,22.750000,21.500000,21.125000,21.125000
58	6	58235	4.157272	6342,572,9723,10859,3867,1030,58235,44777	24.750000,24.375000,24.000000,22.625000,22.500000,22.375000,21.625000,21.500000
58	7	16263	4.901680	304,438,16263,448,518,389,569,14002	27.375000,26.625000,22.875000,22.125000,20.875000,20.375000,19.875000,19.625000
59	0	1232	10.299936	19571,4389,6798,11867,8397,279,18939,24986	18.125000,18.000000,17.750000,17.750000,17.500000,17.375000,17.250000,17.250000
59	1	812	0.004257	812,380,3187,5853,72,1442,28300,483	23.625000,17.000000,15.937500,15.812500,14.437500,14.437500,14.437500,14.250000
59	2	672	0.000004	672,19915,365,363,8635,6379,10303,23397	33.500000,20.625000,18.875000,17.750000,17.625000,17.250000,17.250000,16.625000
59	3	304	0.735271	304,323,1549,1154,438,518,320,369	28.875000,28.500000,27.625000,26.375000,24.375000,23.875000,23.625000,22.250000
59	4	279	0.087120	279,264,576,2441,458,806,330,13293	25.750000,22.625000,21.125000,21.000000,20.125000,19.125000,19.000000,19.000000
59	5	1486	0.675137	1486,12425,4531,6430,18096,4312,22358,2805	22.625000,21.250000,21.000000,19.875000,19.500000,19.375000,19.250000,19.125000
59	6	93736	12.651318	576,1154,425,362,434,330,356,422	19.625000,17.250000,16.750000,16.625000,16.625000,16.500000,16.375000,16.375000
59	7	5326	2.062155	1154,518,5326,553,304,323,659,892	25.500000,24.750000,24.375000,24.250000,23.000000,23.000000,22.875000,22.000000
60	0	553	0.001677	553,323,369,304,518,448,438,3216	29.375000,22.625000,21.000000,19.875000,19.500000,18.250000,18.000000,18.000000
60	1	4389	3.817703	21315,6798,29405,14991,4389,11867,18095,33121	18.500000,18.375000,17.625000,17.500000,17.250000,17.250000,17.250000,17.000000
60	2	45107	1.219139	506,45107,1967,472,431,425,25369,25164	21.875000,21.125000,17.875000,17.625000,17.500000,16.875000,16.875000,16.625000
60	3	27507	0.000450	27507,659,1154,481,42241,323,8108,1983	30.250000,22.125000,20.875000,19.875000,19.125000,19.000000,16.750000,16.500000
60	4	659	1.713123	323,518,1154,659,2587,304,369,892	29.250000,29.000000,28.875000,28.750000,27.625000,25.625000,25.500000,25.125000
60	5	1260	1.165155	1260,1096,576,758,425,1084,5301,2938	23.625000,23.500000,23.000000,22.625000,21.750000,20.875000,20.125000,20.000000
60	6	9723	2.952639	572,1083,6342,1030,9723,702,1221,10660	23.875000,23.000000,22.875000,22.500000,21.875000,21.000000,21.000000,21.000000
60	7	389	4.744417	304,438,389,518,448,1549,16263,26753	28.500000,26.125000,23.875000,23.750000,23.250000,22.625000,22.625000,21.375000
61	0	264	4.214136	279,12425,6430,264,4171,18096,576,7855	24.125000,22.875000,22.250000,20.375000,20.250000,20.125000,19.375000,18.875000
61	1	220	3.154119	12425,1372,4013,220,6430,18096,2805,2086	21.625000,21.000000,20.375000,19.875000,19.625000,19.625000,19.250000,19.125000
61	2	17	0.015249	17,16,18,19,20,22,21,24	28.750000,24.125000,22.750000,21.500000,21.375000,21.375000,21.125000,20.625000
61	3	15	0.000257	15,16,17,18,19,20,24,22	27.375000,17.500000,16.875000,16.875000,16.625000,16.375000,16.375000,16.125000
61	4	15	0.023333	15,16,17,5534,339,21,5768,5813	27.750000,24.000000,17.750000,15.250000,14.812500,14.625000,14.625000,14.500000
61	5	21	1.399168	22,21,23,24,20,19,18,17	23.250000,22.375000,21.625000,20.250000,18.875000,18.125000,17.625000,16.875000
61	6	9234	1.456736	12425,9234,4013,5670,18096,481,3200,6430	20.500000,20.375000,18.625000,18.500000,18.250000,18.000000,17.875000,17.750000
61	7	315	0.001347	315,24849,304,389,1154,19867,320,323	30.250000,22.500000,21.250000,21.000000,21.000000,20.625000,20.250000,20.000000
62	0	279	0.120205	279,576,7506,18096,48822,18635,15696,3089	23.125000,20.250000,17.875000,17.750000,17.625000,17.375000,17.000000,16.750000
62	1	12425	0.618742	12425,18096,4013,22358,7855,13434,80366,5883	22.750000,21.750000,20.375000,20.375000,20.000000,18.875000,18.875000,18.500000
62	2	4013	0.026789	4013,1473,2025,18136,19584,22358,6146,80366	27.250000,22.375000,22.250000,22.125000,21.375000,20.750000,19.500000,19.375000
62	3	1154	3.958187	576,9414,7506,18635,48822,15696,85450,3089	17.625000,16.000000,15.937500,15.937500,15.875000,15.812500,15.687500,15.625000
62	4	53843	6.757879	576,323,892,279,220,448,48822,14671	19.000000,18.500000,17.750000,17.250000,17.000000,16.875000,16.500000,16.375000
62	5	1154	0.617409	1154,659,320,2587,323,549,304,438	26.500000,25.875000,24.375000,23.875000,23.125000,22.875000,22.500000,22.000000
62	6	8110	8.476057	323,438,5619,304,892,448,1380,714	24.875000,24.500000,24.375000,24.250000,23.375000,22.125000,22.125000,21.250000
62	7	553	0.008215	553,304,2937,19620,264,448,705,279	29.000000,23.750000,22.000000,21.250000,21.125000,20.750000,20.250000,20.000000
63	0	264	0.157238	264,806,2441,458,279,26255,12783,5619	26.500000,23.125000,23.125000,22.875000,22.625000,22.000000,21.875000,20.875000
63	1	3476	0.593256	3476,8640,220,12613,45250,39400,6388,949	23.625000,22.250000,21.875000,20.875000,20.750000,20.500000,20.000000,19.500000
63	2	304	0.092981	304,438,389,315,5619,448,518,16263	29.250000,26.750000,24.500000,23.000000,22.625000,22.250000,21.875000,21.000000
63	3	279	0.073332	279,264,220,576,458,2441,1154,18096	26.125000,22.750000,21.250000,21.250000,20.750000,20.750000,18.625000,18.625000
63	4	220	0.686121	220,12425,1486,4531,18096,4013,22358,4565	23.250000,22.375000,21.875000,20.625000,20.125000,19.375000,19.125000,18.250000
63	5	17	0.000814	17,16,18,19,22,20,21,23	28.250000,20.750000,18.875000,18.000000,18.000000,17.625000,17.625000,17.000000
63	6	15	0.000004	15,16,17,1154,18,549,23,19	29.875000,16.875000,14.750000,14.437500,13.687500,13.437500,13.375000,13.250000
63	7	15	0.001934	15,16,17,21,22,220,481,339	28.125000,21.875000,14.375000,13.375000,12.687500,12.500000,12.500000,12.375000
64	0	22	0.340883	22,21,23,24,20,19,18,17	24.750000,23.625000,22.125000,19.875000,17.750000,16.375000,15.875000,15.125000
64	1	33496	6.006075	12425,4013,4531,1486,9234,18096,22358,5670	22.000000,20.750000,20.500000,20.250000,19.375000,18.750000,18.625000,18.000000
64	2	5670	0.196533	5670,1486,53148,5068,1473,3200,6573,56005	24.750000,22.500000,22.000000,20.125000,19.125000,18.750000,18.625000,18.500000
64	3	315	0.012297	315,1154,576,518,659,8755,323,43562	27.250000,20.875000,20.625000,20.250000,20.250000,19.500000,19.250000,19.000000
64	4	2585	7.463726	279,576,264,6798,1154,3757,11867,13293	22.250000,20.500000,17.375000,17.250000,16.875000,16.875000,16.875000,16.875000
64	5	311	1.778942	358,311,1205,279,1260,2806,3155,23309	22.750000,21.500000,20.875000,20.125000,19.125000,18.625000,18.500000,18.500000
64	6	70627	12.019241	4093,12190,2126,2823,13655,387,7405,11158	21.250000,21.250000,20.375000,18.750000,18.625000,18.500000,18.500000,18.375000
64	7	15540	7.182028	304,264,1154,518,659,323,549,5326	22.625000,21.875000,21.250000,21.125000,21.125000,20.625000,20.625000,20.625000
65	0	553	0.000334	553,323,518,304,1154,448,569,3216	30.125000,21.625000,20.000000,18.875000,18.750000,18.500000,17.875000,17.625000
65	1	27878	8.364147	4389,21315,18939,3757,11867,7801,20445,6798	18.375000,18.000000,17.750000,17.375000,17.125000,17.000000,17.000000,16.875000
65	2	645	0.000059	645,25503,19310,472,72,6535,220,6023	29.750000,18.500000,18.000000,17.500000,17.375000,17.250000,17.125000,17.125000
65	3	431	0.119865	431,659,451,29938,425,328,5807,1154	19.875000,16.500000,16.125000,15.000000,14.812500,14.750000,14.625000,14.375000
65	4	84434	0.139599	84434,13,12523,2667,4076,26378,1021,9605	21.625000,18.875000,18.125000,17.125000,15.625000,15.625000,15.562500,15.500000
65	5	659	0.666866	659,323,518,1154,304,2587,369,320	28.375000,27.875000,26.625000,25.750000,24.875000,24.500000,24.125000,23.375000
65	6	2585	10.373871	758,1260,425,576,5301,715,1096,220	24.500000,24.500000,22.625000,21.375000,21.375000,21.250000,21.000000,20.000000
65	7	311	0.005520	311,2014,279,1521,566,653,374,572	25.250000,19.000000,17.875000,17.250000,16.875000,16.750000,16.625000,16.250000
66	0	70627	0.000317	70627,40000,69719,45975,12886,96894,53677,356	27.500000,18.375000,18.125000,17.125000,16.125000,15.750000,15.375000,15.000000
66	1	572	0.140034	572,374,10613,1154,84070,8930,364,6342	27.000000,23.500000,23.000000,22.750000,22.750000,22.500000,22.125000,21.875000
66	2	10660	0.183393	10660,8947,264,1083,50057,10449,6342,2937	25.125000,21.875000,21.625000,21.375000,21.375000,21.125000,20.375000,19.875000
66	3	518	0.125048	518,304,553,389,438,448,1156,1549	30.000000,27.875000,25.125000,23.750000,23.000000,22.875000,21.625000,21.500000
66	4	14079	10.075806	279,576,7148,2176,264,2055,26221,350	25.250000,19.875000,18.875000,18.375000,18.125000,18.000000,17.625000,17.125000
66	5	26221	0.005297	26221,33496,37471,576,46113,323,4678,1154	26.250000,20.750000,18.125000,17.875000,17.500000,17.250000,16.875000,16.250000
66	6	304	0.422121	304,323,659,1154,320,2587,364,16448	28.000000,26.875000,25.750000,25.375000,23.000000,21.875000,21.750000,21.250000
66	7	279	6.277081	7148,220,279,79593,58546,4312,107074,9710	25.500000,21.750000,19.250000,17.125000,16.375000,16.000000,15.937500,15.812500
67	0	7148	1.448904	6424,7148,3639,4312,220,1852,4882,9710	22.875000,22.125000,22.000000,19.500000,18.250000,18.250000,17.875000,17.625000
67	1	84203	0.019449	84203,65741,659,323,1154,3082,220,4312	29.125000,25.000000,22.875000,21.250000,21.125000,21.000000,20.125000,19.375000
67	2	315	0.000240	315,4940,82,659,1154,220,320,2587	27.250000,18.125000,17.250000,16.000000,15.875000,15.250000,15.187500,14.937500
67	3	472	4.239714	82468,95733,34982,46943,68929,46331,7148,31302	22.125000,22.125000,19.875000,19.750000,19.750000,19.500000,19.250000,19.125000
67	4	42057	0.768032	1624,42057,3249,8985,546,529,4681,466	26.500000,26.375000,22.500000,18.750000,18.125000,17.625000,17.625000,17.250000
67	5	43674	-0.000000	43674,659,76,1763,8155,1306,25013,1154	35.250000,20.750000,20.625000,19.750000,19.750000,18.750000,18.625000,18.125000
67	6	323	0.025192	323,659,609,1154,481,304,569,608	30.625000,26.250000,26.125000,23.625000,22.250000,21.500000,21.250000,21.000000
67	7	47450	0.002304	47450,659,5599,1154,279,434,220,1083	26.750000,20.000000,18.875000,18.250000,18.000000,16.750000,16.375000,16.375000
68	0	5604	0.000080	5604,8187,6660,73493,13515,72116,71,777	29.875000,19.625000,19.250000,18.500000,17.875000,15.562500,14.687500,14.250000
68	1	659	0.346106	659,323,1154,304,2587,16448,320,13	29.125000,27.875000,26.125000,25.875000,24.875000,24.125000,23.625000,23.125000
68	2	425	2.063189	758,1260,425,715,576,4710,5301,1096	24.250000,24.125000,23.125000,22.500000,20.750000,20.625000,20.625000,19.625000
68	3	10965	0.000006	10965,616,965,6344,581,220,2950,13	29.750000,15.812500,15.687500,15.687500,15.500000,14.437500,14.312500,14.187500
68	4	465	-0.000000	465,1536,3667,5045,696,665,56960,799	39.500000,23.875000,22.375000,22.250000,21.750000,21.500000,21.375000,21.250000
68	5	58235	4.839533	572,1083,6342,9723,1221,364,702,1030	24.000000,23.250000,23.000000,22.625000,22.500000,22.125000,22.125000,22.000000
68	6	304	0.152756	304,438,16263,448,1549,518,389,14002	26.500000,23.750000,23.750000,22.625000,21.250000,20.625000,20.250000,19.625000
68	7	1378	5.771343	279,264,220,2441,576,458,1378,3807	25.875000,23.500000,21.625000,20.750000,20.500000,20.375000,20.250000,20.250000
69	0	12351	3.909817	11088,220,12425,53148,1008,803,2155,12783	22.125000,21.500000,20.875000,20.875000,20.750000,20.500000,20.250000,20.125000
69	1	304	0.875551	304,549,1154,5880,2337,2587,448,15540	27.000000,27.000000,25.125000,23.500000,23.250000,23.125000,22.875000,22.875000
69	2	220	0.053486	220,279,806,892,4124,419,1154,3309	27.500000,24.500000,20.375000,20.250000,19.625000,19.500000,19.125000,19.125000
69	3	17	0.000303	17,16,15,1154,220,18,320,549	26.125000,18.000000,12.187500,12.062500,11.750000,11.500000,10.812500,10.625000
69	4	15	-0.000000	15,16,17,18,220,20,23,68	30.125000,13.375000,12.562500,11.937500,11.625000,11.562500,11.250000,11.125000
69	5	15	0.018167	15,16,17,220,1154,481,549,198	25.875000,21.875000,14.500000,11.687500,11.500000,10.625000,10.562500,9.750000
69	6	23	1.134394	22,23,24,21,20,19,18,17	23.375000,22.750000,20.750000,20.125000,18.250000,18.125000,17.750000,17.000000
69	7	1154	2.908945	549,1154,2587,659,323,481,1177,1959	29.000000,26.250000,25.875000,25.750000,24.250000,23.625000,23.375000,23.000000
70	0	6059	9.398676	2670,576,2176,279,825,5619,323,330	21.500000,21.250000,21.000000,20.625000,20.125000,19.625000,19.375000,19.375000
70	1	4145	0.118340	4145,315,323,8960,18306,15623,220,32981	24.000000,20.000000,19.750000,19.750000,19.500000,19.375000,19.000000,18.625000
70	2	4892	3.336939	323,48438,4892,320,57679,549,220,304	25.125000,22.250000,22.000000,21.875000,21.625000,20.750000,20.250000,19.875000
70	3	30204	0.000523	30204,652,1902,7132,65,82,7964,68	35.500000,27.250000,27.250000,20.000000,17.875000,16.250000,16.125000,15.062500
70	4	553	8.252344	323,320,1154,304,448,549,15540,892	28.750000,26.375000,24.875000,23.375000,23.125000,23.000000,22.375000,21.875000
70	5	56237	6.880585	11867,4389,6798,21315,3757,7538,18939,14991	17.625000,17.500000,17.375000,17.250000,17.125000,17.125000,17.125000,17.000000
70	6	12095	9.721048	11867,4389,3757,6798,18939,21315,6898,7801	17.625000,17.500000,17.375000,17.375000,17.375000,17.250000,17.000000,17.000000
70	7	1967	0.113220	1967,67912,66097,1863,69231,85656,350,2160	20.500000,16.875000,16.250000,15.375000,15.187500,15.062500,14.812500,14.812500
71	0	544	4.286514	288,544,50,64,300,51,4422,73814	20.500000,16.250000,14.875000,14.812500,14.312500,13.937500,13.937500,13.812500
71	1	72	0.003941	72,285,6591,9156,859,645,4738,16220	31.625000,26.000000,22.875000,21.625000,21.375000,21.125000,20.875000,20.875000
71	2	1154	2.714310	323,1154,320,304,2587,659,481,549	29.125000,26.500000,24.875000,22.875000,22.500000,22.125000,21.000000,21.000000
71	3	323	0.090731	323,304,892,264,448,369,1380,39400	26.750000,23.500000,23.125000,21.250000,21.125000,20.500000,20.500000,20.500000
71	4	4320	6.976223	576,279,264,304,13293,362,1154,358	19.875000,19.375000,17.500000,17.000000,17.000000,16.875000,16.750000,16.625000
71	5	792	2.391880	944,792,364,1405,10563,3406,10810,64	20.875000,18.750000,18.125000,17.125000,15.875000,15.562500,15.500000,15.437500
71	6	53175	2.024239	1154,53175,304,323,481,594,553,32342	20.500000,19.750000,19.625000,19.125000,18.625000,18.500000,18.375000,18.000000
71	7	15540	3.249533	553,1154,15540,659,320,5326,304,549	27.500000,25.375000,24.500000,24.125000,23.875000,22.750000,22.375000,22.125000
72	0	553	0.000992	553,323,304,1154,369,448,659,518	29.625000,22.500000,19.375000,19.000000,18.500000,17.875000,17.875000,17.750000
72	1	11959	7.616503	21315,7801,6798,14991,18939,35757,4389,12066	17.125000,16.750000,16.625000,16.625000,16.625000,16.625000,16.250000,16.250000
72	2	398	0.042215	398,28206,2577,6355,8346,46716,685,6743	24.125000,20.875000,17.875000,16.500000,15.812500,15.625000,15.312500,15.312500
72	3	88353	2.543156	13612,88353,3984,20042,14595,468,29660,36448	17.125000,16.000000,15.562500,15.562500,15.187500,15.125000,15.125000,15.000000
72	4	659	0.331823	659,323,1154,2587,16448,448,304,320	28.500000,27.125000,25.750000,25.375000,23.625000,23.375000,23.125000,22.625000
72	5	758	1.041113	758,1260,425,11733,576,715,5301,220	24.000000,24.000000,22.750000,22.000000,21.625000,21.625000,21.250000,20.250000
72	6	3217	7.157642	220,279,2176,264,5256,419,806,1493	26.625000,24.375000,22.875000,21.625000,21.500000,21.000000,20.750000,20.750000
72	7	220	0.009699	220,315,323,1154,279,198,481,311	28.125000,22.625000,22.125000,21.875000,19.500000,19.000000,19.000000,18.875000
73	0	17	0.000156	17,16,18,220,15,1154,19,20	27.125000,18.250000,14.937500,14.437500,13.937500,12.937500,12.625000,12.562500
73	1	15	-0.000000	15,16,2624,17,220,78,311,1154	34.250000,15.062500,14.500000,14.125000,14.000000,13.937500,13.750000,13.625000
73	2	15	0.142767	15,16,17,220,1154,11,23,198	23.500000,21.625000,14.125000,10.500000,10.062500,9.437500,8.812500,8.750000
73	3	23	0.978289	24,23,22,21,20,19,15,18	23.375000,22.875000,18.125000,16.250000,14.812500,14.625000,14.312500,14.250000
73	4	1154	0.815487	1154,425,566,806,264,323,432,279	28.125000,27.875000,27.375000,21.375000,20.875000,20.750000,20.500000,20.375000
73	5	425	0.702271	425,566,806,279,8397,264,432,1260	26.500000,26.500000,20.625000,20.500000,20.250000,20.000000,19.875000,19.625000
73	6	10965	0.000004	10965,616,965,283,2950,1624,581,9605	31.125000,17.375000,17.000000,16.375000,16.250000,15.437500,15.375000,15.375000
73	7	465	-0.000000	465,5045,665,56960,59385,198,376,33159	39.000000,24.000000,22.125000,20.250000,20.250000,20.000000,20.000000,19.875000
74	0	1865	3.822815	572,6342,9723,3867,10859,10660,1030,3949	24.375000,23.000000,23.000000,22.250000,21.875000,21.750000,21.625000,21.625000
74	1	264	1.222721	806,264,458,279,26255,2441,825,12425	28.625000,27.875000,26.500000,23.250000,22.625000,21.500000,21.000000,21.000000
74	2	8640	0.583872	8640,9814,94056,12425,2805,825,7743,3281	23.625000,21.875000,21.875000,21.375000,21.000000,20.125000,19.625000,19.500000
74	3	11094	0.035368	11094,569,3476,26255,39400,6774,5068,12425	25.500000,21.625000,19.625000,19.000000,18.875000,18.625000,18.500000,18.500000
74	4	389	0.629259	389,304,518,438,448,369,320,569	29.000000,28.750000,26.000000,25.500000,23.875000,23.750000,22.125000,21.875000
74	5	264	4.448355	279,576,264,6326,458,18096,48822,1154	24.625000,20.625000,20.250000,19.625000,19.000000,19.000000,18.250000,17.875000
74	6	1378	5.660097	12425,220,4013,3175,18096,3281,3887,9234	21.125000,20.250000,20.250000,20.125000,20.125000,20.000000,19.750000,19.625000
74	7	569	2.517620	481,28037,12,569,9234,949,29509,21231	20.625000,20.500000,19.250000,19.000000,16.625000,16.500000,16.125000,15.875000
75	0	12	0.000080	12,28,313,569,36519,1154,481,11	30.000000,18.375000,18.375000,18.250000,18.250000,18.000000,17.625000,17.125000
75	1	31	0.000053	31,62799,569,19191,26,323,19347,3676	32.000000,21.625000,21.125000,17.750000,17.000000,17.000000,17.000000,16.125000
75	2	949	0.811243	9234,949,481,2003,6460,1899,2254,3668	25.125000,25.000000,21.500000,21.250000,20.875000,20.500000,20.125000,19.500000
75	3	9234	0.085194	9234,3281,4013,12425,315,18096,18635,19584	23.750000,20.000000,19.875000,19.375000,17.875000,17.875000,17.750000,17.375000
75	4	15580	14.193428	315,304,24849,389,320,19867,1154,369	30.000000,23.500000,23.375000,23.125000,22.125000,22.125000,22.000000,20.750000
75	5	315	0.098707	315,389,304,369,320,1154,24849,438	29.375000,26.500000,26.125000,23.000000,22.500000,22.500000,22.375000,21.750000
75	6	279	0.046965	279,576,6326,7506,48822,5748,15696,18635	24.625000,20.875000,19.250000,18.625000,18.000000,17.500000,17.500000,17.500000
75	7	12425	0.408815	12425,4013,18096,1293,7855,22358,5411,13434	23.250000,21.125000,21.125000,20.125000,20.125000,19.125000,18.750000,18.750000
76	0	4013	0.006998	4013,19584,1473,2025,18136,6146,22358,26785	28.250000,22.250000,21.625000,21.250000,21.125000,20.250000,20.125000,19.500000
76	1	467	5.978395	1154,576,7506,6326,18635,52325,48822,15696	19.500000,18.375000,17.750000,17.500000,17.500000,17.375000,16.875000,16.750000
76	2	1765	0.064415	1765,16,3104,6179,2317,27313,449,4872	22.625000,19.125000,18.125000,17.875000,16.625000,16.375000,15.750000,15.625000
76	3	279	0.014505	279,576,659,1154,29092,21192,30833,3138	26.375000,22.125000,16.750000,16.500000,16.375000,15.500000,15.000000,14.937500
76	4	15021	0.005669	15021,17829,5593,13532,7840,350,82988,20617	21.875000,14.437500,14.250000,14.125000,14.000000,13.625000,13.500000,12.812500
76	5	1154	1.431068	659,1154,320,2587,323,304,438,448	27.125000,26.375000,24.875000,24.750000,24.500000,24.250000,23.750000,23.750000
76	6	8110	5.512770	892,304,5619,323,1380,448,6342,438	23.750000,23.250000,23.250000,22.750000,22.375000,21.625000,21.250000,20.750000
76	7	553	0.007080	553,304,2937,19620,264,448,279,7069	28.375000,23.125000,21.125000,20.625000,19.500000,18.750000,18.250000,18.125000
77	0	458	3.751736	264,458,806,2441,279,26255,12783,5619	26.250000,22.625000,22.625000,22.500000,21.750000,21.375000,21.125000,20.750000
77	1	11094	0.087244	11094,9234,5107,15358,11577,61888,650,5813	25.125000,21.750000,20.750000,20.000000,19.500000,19.125000,18.875000,18.875000
77	2	389	2.057137	304,389,438,518,448,279,315,369	30.250000,28.375000,26.500000,26.000000,24.000000,23.625000,23.625000,23.250000
77	3	279	0.287666	279,264,458,576,2441,220,18096,7506	24.500000,22.875000,21.250000,20.625000,20.250000,19.250000,18.500000,18.375000
77	4	12425	0.785936	12425,220,4013,18096,22358,1378,2086,9234	23.000000,22.375000,21.125000,20.125000,19.750000,19.500000,19.250000,19.000000
77	5	4013	0.009800	4013,1473,19584,18136,2025,22358,6146,13420	27.250000,21.125000,21.125000,20.875000,20.625000,19.375000,18.875000,18.750000
77	6	28778	6.571264	576,1154,9414,7506,659,48822,15696,59455	17.875000,17.875000,16.625000,16.250000,16.000000,15.812500,15.500000,15.500000
77	7	85393	0.289145	85393,2249,533,344,2221,49675,1524,3936	30.500000,29.125000,28.000000,21.750000,21.625000,20.750000,16.750000,16.500000
78	0	304	0.261044	304,320,659,1154,323,892,438,549	27.625000,25.500000,25.375000,23.750000,22.750000,22.625000,22.125000,22.000000
78	1	6702	4.369444	220,279,5534,6122,5768,6156,6527,6702	25.750000,23.250000,22.125000,22.125000,21.875000,21.875000,21.625000,21.625000
78	2	220	0.031553	220,315,659,323,279,429,1154,16448	29.125000,25.500000,23.000000,21.875000,21.625000,21.625000,21.250000,21.125000
78	3	17	0.000008	17,16,220,15,18,323,1154,315	28.875000,16.250000,14.937500,14.437500,14.437500,13.437500,13.437500,13.125000
78	4	15	-0.000000	15,78,2624,13,16,659,220,198	27.375000,11.375000,10.812500,10.625000,9.875000,9.812500,9.750000,9.250000
78	5	15	0.004080	15,16,17,1154,23,659,220,481	28.625000,23.125000,14.062500,13.875000,12.625000,12.125000,12.062500,11.937500
78	6	23	0.038166	23,24,22,21,19,20,18,15	25.250000,22.000000,16.000000,13.812500,13.062500,12.937500,12.625000,12.375000
78	7	659	0.074062	659,16448,323,6762,1154,2587,320,13	28.875000,25.250000,25.000000,24.375000,23.875000,23.375000,22.500000,21.875000
79	0	1260	1.478632	758,1260,715,425,4710,5301,576,220	25.000000,24.250000,23.625000,23.500000,21.625000,21.000000,20.375000,20.250000
79	1	1030	2.492193	572,1083,9723,6342,1030,58235,1865,1221	23.000000,22.250000,22.000000,21.875000,21.625000,20.875000,20.500000,20.375000
79	2	264	0.024179	264,2441,458,806,279,45250,12783,8922	28.250000,23.125000,23.000000,22.250000,21.875000,21.375000,21.250000,20.750000
79	3	45250	2.697214	3476,8640,12613,45250,8922,6388,2613,39400	23.500000,22.250000,21.625000,21.500000,21.000000,20.875000,20.500000,20.250000
79	4	3476	0.008585	3476,8640,12613,12425,949,323,3668,11094	26.125000,20.875000,18.375000,18.125000,17.875000,17.750000,17.625000,17.625000
79	5	304	0.292957	304,438,389,315,504,5619,369,448	28.750000,27.125000,26.625000,24.000000,23.500000,23.250000,21.875000,21.750000
79	6	5779	13.016872	279,220,264,576,28778,18096,458,4013	27.000000,21.625000,20.875000,20.875000,20.500000,18.875000,18.750000,18.750000
79	7	17770	0.019312	17770,315,220,9234,23921,481,12425,5479	23.250000,17.750000,17.500000,16.625000,16.500000,16.250000,15.937500,15.625000
