# model	models/mlx/Meta-Llama-3.1-8B-Instruct-4bit
# corpus	tests/fixtures/wikitext2_excerpt.txt	tokens	289173
# chunks	80	chunk_tokens	8	topk	8	prefill	512
# columns	chunk	pos	target	nll	top_ids	top_logits
0	0	43205	14.862356	116080,112364,88251,110135,57010,54650,104934,124074	6.476562,5.886719,5.859375,5.730469,5.605469,5.582031,5.570312,5.550781
0	1	275	4.389729	82180,285,689,581,28491,344,258,41042	14.023438,13.523438,12.523438,12.320312,11.773438,11.656250,11.609375,11.250000
0	2	428	0.930236	428,1727,770,6309,1769,454,54583,1286	13.945312,11.898438,11.781250,11.375000,10.851562,10.265625,10.132812,10.039062
0	3	12	5.920359	82,198,271,284,25,482,220,9432	10.187500,9.929688,9.812500,8.320312,8.109375,8.054688,7.957031,7.898438
0	4	17	3.899271	16,17,1721,2377,7423,28683,18,15	9.203125,8.515625,8.125000,7.843750,7.773438,7.574219,7.480469,7.410156
0	5	3475	10.497419	13,198,15585,3592,12,271,35,4924	12.671875,10.898438,10.703125,10.570312,10.554688,10.492188,10.265625,9.421875
0	6	76834	6.679265	198,220,271,11799,47124,5874,24857,12	12.257812,11.539062,11.078125,11.078125,10.625000,10.484375,10.406250,10.101562
0	7	80583	10.215629	198,271,320,11,13,25,220,720	13.546875,12.539062,12.460938,11.921875,11.492188,11.039062,10.921875,10.882812
1	0	3692	7.874414	2028,791,567,2,14711,91,9,32	12.281250,12.171875,12.031250,11.351562,10.828125,10.304688,10.132812,9.890625
1	1	257	8.907977	25,512,315,551,1473,284,12,369	14.796875,11.835938,11.679688,11.398438,11.257812,10.625000,10.578125,10.539062
1	2	551	0.956980	551,765,284,220,11106,2696,7817,7030	13.929688,12.335938,11.796875,11.148438,10.843750,10.492188,10.437500,10.093750
1	3	3788	2.882701	220,3788,256,510,27685,1795,98275,43205	11.507812,10.968750,10.570312,10.312500,10.312500,10.234375,10.117188,10.007812
1	4	1129	0.007460	1129,25,322,551,12,14712,512,198	20.734375,14.328125,13.179688,12.859375,12.453125,12.445312,12.226562,12.054688
1	5	71	4.314516	5316,2185,27637,1059,77,30807,268,71	16.937500,16.046875,14.523438,14.335938,14.210938,13.875000,13.789062,13.718750
1	6	36368	0.184341	36368,4937,773,55017,53461,3036,349,3972	20.281250,18.468750,14.679688,14.007812,13.773438,13.539062,13.515625,13.468750
1	7	1594	0.000708	1594,7760,3663,19109,22974,16680,30188,32085	27.062500,19.062500,18.828125,16.828125,16.640625,16.140625,15.234375,14.945312
2	0	6973	0.000246	6973,11267,41483,23283,916,15965,2726,13	24.625000,15.398438,14.242188,14.156250,13.093750,12.601562,12.296875,12.210938
2	1	3529	0.521250	3529,22964,6458,14,3554,26583,62409,3262	18.718750,16.765625,16.500000,16.187500,15.234375,14.914062,14.875000,14.867188
2	2	77749	0.005507	77749,24760,1029,3168,85,15295,332,52773	21.906250,14.906250,14.265625,13.437500,13.195312,13.195312,12.992188,12.984375
2	3	11628	8.078020	6458,32336,22964,198,14,44882,271,6018	16.187500,14.859375,14.570312,14.328125,14.265625,13.273438,13.117188,12.867188
2	4	3916	7.538239	336,2232,306,45,16737,54,2864,4351	14.156250,13.093750,13.062500,12.453125,12.398438,12.359375,12.195312,11.960938
2	5	9009	1.033536	9009,23366,19085,6780,14,198,1543,2520	13.734375,12.007812,11.757812,11.359375,10.539062,10.414062,10.359375,10.320312
2	6	6458	1.907045	14,6458,22964,10991,3529,12,15836,13299	13.250000,13.195312,12.671875,12.328125,11.812500,11.375000,11.343750,11.328125
2	7	61503	0.001663	61503,1609,15288,7723,8390,98501,275,19195	26.125000,18.875000,18.062500,17.703125,17.453125,15.718750,15.539062,14.882812
3	0	428	0.000256	428,327,2302,478,1727,710,42343,1017	26.984375,17.968750,17.140625,16.578125,15.757812,15.414062,14.812500,14.539062
3	1	198	3.923628	12,17,198,271,62,1432,1355,76838	17.890625,14.515625,14.078125,13.554688,13.390625,12.984375,11.671875,11.343750
3	2	71684	8.110147	34463,5116,310,1730,5755,1835,10028,7279	12.781250,12.734375,12.625000,12.468750,12.218750,12.000000,11.937500,11.726562
3	3	257	0.196686	257,262,8645,415,256,1404,315,220	17.281250,14.890625,13.210938,12.703125,12.617188,12.601562,12.328125,12.179688
3	4	551	0.016802	551,6394,14852,284,197,482,320,35738	20.812500,16.390625,14.343750,12.765625,12.273438,11.851562,11.359375,11.328125
3	5	289	1.531731	98275,289,1296,43205,220,29709,30328,10741	15.742188,15.695312,15.000000,14.953125,14.609375,13.960938,13.382812,13.335938
3	6	61503	0.001078	61503,17,84641,32680,8390,98501,14970,12	25.453125,18.437500,14.898438,14.843750,14.734375,14.187500,13.890625,13.562500
3	7	428	0.000828	428,2302,478,12,327,1727,9529,62	25.171875,17.578125,16.281250,15.515625,15.046875,14.437500,13.812500,13.109375
4	0	12	0.099131	12,62,17,4552,76838,198,6889,10398	18.687500,16.031250,14.164062,12.226562,12.140625,12.015625,11.796875,11.546875
4	1	17	0.013613	17,6889,914,16,1059,1041,605,4645	21.750000,16.687500,15.140625,14.835938,14.492188,13.968750,13.906250,13.617188
4	2	12	4.705917	198,17261,271,4552,1432,320,12,10398	16.140625,14.296875,14.023438,14.007812,12.687500,12.234375,11.937500,11.718750
4	3	1059	0.708502	1059,1296,605,717,16,2323,1272,17	15.492188,13.125000,12.515625,12.414062,12.304688,12.101562,11.890625,11.796875
4	4	8437	1.772672	198,8437,271,1432,12,2325,4552,17261	14.843750,14.000000,13.007812,12.562500,12.117188,11.625000,11.585938,11.359375
4	5	16	0.033293	16,15,17,18,21135,1721,605,19	23.078125,18.937500,18.406250,17.046875,16.546875,16.125000,15.851562,15.500000
4	6	198	0.550686	198,271,62,1432,320,13,220,11	14.867188,13.250000,12.632812,12.062500,11.554688,11.296875,11.007812,10.968750
4	7	20805	4.236668	1730,5116,14126,34463,5755,1061,10028,941	14.343750,13.757812,13.421875,13.015625,12.601562,12.171875,12.164062,12.070312
5	0	415	2.207659	996,415,286,257,8645,260,1303,1404	16.765625,14.875000,12.992188,12.937500,12.281250,12.210938,12.007812,11.921875
5	1	551	0.016769	551,6394,14852,197,284,765,21629,220	21.671875,17.296875,15.835938,12.890625,12.398438,12.335938,11.718750,11.343750
5	2	1296	1.914202	5542,1296,10741,220,27217,3567,3475,2290	16.718750,15.156250,13.312500,12.546875,12.546875,12.210938,12.179688,12.156250
5	3	320	5.700541	198,271,1432,720,1038,4815,320,220	16.750000,15.382812,13.781250,12.109375,11.835938,11.500000,11.382812,10.828125
5	4	19305	8.287789	16,1041,605,15,12564,17,20,11719	10.578125,10.304688,9.867188,9.765625,9.500000,9.492188,9.484375,9.476562
5	5	23	3.749725	16,15,21,17,20,22,18,19	13.843750,13.812500,13.789062,13.710938,13.687500,13.562500,13.335938,13.304688
5	6	7123	3.428715	10688,23719,340,10507,9477,696,5238,13422	13.953125,13.937500,13.562500,13.562500,13.351562,13.000000,12.679688,12.679688
5	7	340	0.673059	340,696,11,3707,8,26,611,2860	16.921875,15.992188,15.445312,14.343750,13.875000,13.203125,13.179688,12.765625
6	0	10028	6.825462	1730,1061,14126,1199,5116,34463,1738,14292	12.914062,12.460938,12.343750,12.046875,11.984375,11.960938,11.562500,11.562500
6	1	262	1.404617	257,262,256,415,220,5665,286,25	18.937500,17.890625,14.460938,14.210938,13.757812,13.734375,13.687500,13.437500
6	2	551	0.010105	551,6394,14852,284,197,482,2652,320	21.703125,16.734375,15.218750,13.281250,13.195312,12.382812,11.734375,11.539062
6	3	13844	1.476482	13844,25248,15210,3788,9091,10311,720,510	15.203125,15.007812,14.554688,13.593750,13.507812,13.437500,13.304688,12.781250
6	4	7866	1.110622	7826,7866,15,220,12,59418,19,18811	19.890625,19.515625,18.437500,17.296875,16.640625,15.773438,14.601562,14.382812
6	5	93314	1.446262	12,220,93314,16998,20660,97042,271,198	21.250000,21.078125,20.703125,16.843750,15.718750,15.539062,15.515625,15.492188
6	6	220	0.041895	220,198,271,320,12,1432,11,4815	20.609375,16.609375,16.156250,14.382812,14.359375,14.351562,13.640625,13.281250
6	7	18	1.001986	19,18,17,16,220,20,15,1272	23.906250,23.390625,20.281250,17.312500,16.343750,15.234375,14.132812,13.882812
7	0	13	0.001297	13,198,271,14778,382,627,320,1432	23.062500,15.078125,15.031250,13.851562,13.468750,13.062500,12.367188,12.281250
7	1	15	0.001099	15,16,410,220,17,931,1721,18	24.781250,17.343750,16.687500,15.039062,14.460938,13.664062,13.640625,12.929688
7	2	320	3.336449	198,271,2326,1432,320,11,1914,4815	17.406250,16.890625,15.171875,14.843750,14.804688,13.835938,13.554688,13.273438
7	3	2485	0.770205	2485,20241,1277,64046,3791,359,3788,4151	15.617188,13.671875,13.070312,12.960938,12.750000,12.414062,12.250000,12.156250
7	4	1129	0.007153	1129,25,322,28,340,14712,696,487	20.546875,14.984375,12.632812,12.507812,11.914062,11.421875,11.398438,10.718750
7	5	86331	0.324389	86331,71,2185,5316,1059,2203,268,49537	19.421875,17.515625,16.625000,16.468750,15.398438,14.554688,14.257812,13.757812
7	6	2726	0.000856	2726,7116,13,739,25268,14778,662,23228	23.218750,14.585938,14.250000,12.789062,12.750000,12.718750,12.164062,12.156250
7	7	7116	0.000116	7116,14,32214,54660,22816,45086,340,6717	26.234375,15.226562,14.843750,14.835938,14.648438,14.632812,14.406250,14.328125
8	0	68833	0.002954	68833,14,54660,6018,3554,16675,8851,340	24.187500,17.687500,15.929688,15.914062,15.367188,14.562500,14.476562,13.703125
8	1	1355	0.013424	1355,14,2754,12,54762,93314,67543,81010	24.531250,20.109375,17.750000,15.906250,13.601562,13.453125,13.359375,12.937500
8	2	64	0.000099	64,5418,3864,14,309,69,1506,70	26.437500,15.460938,15.312500,15.148438,14.851562,14.539062,14.195312,14.031250
8	3	14	0.000891	14,12,54660,340,611,696,4,6018	23.328125,14.062500,13.617188,13.359375,13.328125,13.148438,12.929688,12.414062
8	4	18	0.001451	18,19,220,17,16,696,1131,32318	25.765625,18.765625,17.828125,16.578125,15.046875,14.546875,13.070312,13.039062
8	5	13	0.001293	13,9456,29275,54660,14,340,14778,23253	24.140625,15.859375,15.742188,15.515625,14.984375,14.562500,14.328125,14.281250
8	6	15	0.000032	15,696,3707,16,5235,1763,220,4489	25.453125,13.359375,12.914062,12.609375,12.445312,12.375000,11.289062,10.929688
8	7	54660	1.085735	54660,14,340,696,48136,51907,3707,23365	18.000000,17.984375,17.203125,16.546875,15.718750,14.757812,14.070312,14.070312
9	0	20241	9.178010	5116,1730,14126,34463,1061,22043,11956,15425	12.875000,12.867188,12.828125,12.554688,12.007812,11.906250,11.531250,11.382812
9	1	1516	0.034473	1516,2844,4065,684,4936,9663,38161,82	23.484375,19.687500,19.000000,16.015625,15.125000,14.742188,13.671875,13.562500
9	2	25	0.149071	25,551,220,512,12,262,1473,256	18.531250,16.140625,14.085938,13.914062,13.335938,13.242188,13.085938,12.812500
9	3	27685	3.573019	82035,3788,571,578,1115,510,27685,30328	13.031250,12.632812,12.367188,12.312500,12.125000,11.953125,11.945312,11.796875
9	4	20965	3.032867	271,198,320,11,9908,20965,323,1495	14.453125,14.429688,14.140625,14.070312,13.851562,13.335938,12.984375,12.351562
9	5	11	2.526434	198,271,320,11,13,1432,382,627	15.507812,15.281250,15.062500,14.281250,13.867188,13.640625,13.265625,12.953125
9	6	82035	4.570527	3788,43205,27685,220,13844,3734,320,330	13.914062,13.343750,13.296875,13.046875,12.703125,12.296875,12.148438,11.523438
9	7	15592	2.754546	271,8483,198,11,15592,320,3495,12074	14.359375,14.195312,13.890625,13.640625,13.195312,13.007812,12.078125,11.898438
10	0	8483	0.804998	8483,271,17916,198,10181,11,11868,5114	14.796875,13.203125,12.726562,12.351562,12.195312,11.812500,11.710938,11.695312
10	1	198	2.061491	271,198,320,8068,11868,11,1432,5856	15.945312,14.835938,14.507812,14.132812,13.945312,13.726562,13.656250,13.648438
10	2	1835	5.333778	15425,5116,34463,14126,14196,1061,11956,310	12.343750,12.273438,12.062500,12.015625,12.000000,11.562500,11.289062,11.195312
10	3	320	1.116073	320,3788,510,366,10311,1115,330,220	14.742188,13.656250,12.843750,12.414062,12.257812,12.148438,11.250000,11.156250
10	4	50	4.883488	2485,2366,3692,10031,4151,3788,71,1277	15.585938,13.187500,12.703125,12.226562,11.976562,11.492188,11.335938,11.335938
10	5	13	7.575745	6093,946,607,1768,47572,5726,8362,984	15.242188,14.484375,13.921875,12.617188,11.390625,11.265625,10.695312,10.617188
10	6	8930	6.343851	24214,27992,37120,38805,66050,9671,4673,4323	13.023438,12.265625,12.039062,11.593750,11.523438,10.968750,10.906250,10.765625
10	7	488	0.000340	488,462,2676,1414,768,89,3414,75	23.656250,13.117188,13.023438,12.804688,12.726562,12.507812,12.421875,12.296875
11	0	11	0.218397	11,1880,323,612,340,696,220,26	19.968750,18.265625,16.375000,15.140625,14.460938,14.125000,13.890625,13.718750
11	1	452	0.197718	452,356,386,1880,328,622,220,423	19.437500,16.312500,16.015625,15.718750,15.421875,15.421875,14.734375,14.460938
11	2	13	0.010183	13,815,3587,12898,1006,1345,9259,2112	23.921875,19.203125,15.468750,15.367188,14.828125,14.257812,13.968750,13.859375
11	3	50356	11.560974	60006,38810,473,328,8211,63398,48290,29853	13.484375,12.898438,12.359375,12.343750,12.218750,12.007812,11.945312,11.890625
11	4	819	0.825815	819,3023,303,283,2836,89,3102,575	17.859375,17.812500,15.468750,14.492188,14.484375,14.234375,13.632812,13.226562
11	5	84077	2.400934	11,84077,323,441,612,1880,8148,12841	17.468750,15.328125,14.140625,13.609375,13.296875,12.101562,11.976562,11.914062
11	6	29234	0.065714	29234,11,86,323,404,2850,324,51473	19.875000,16.687500,15.992188,13.570312,13.117188,12.648438,10.789062,10.757812
11	7	11	0.060362	11,323,340,696,345,612,8,1880	20.781250,16.750000,16.484375,15.921875,15.539062,14.859375,14.812500,14.601562
12	0	432	6.351063	426,323,622,328,356,452,362,735	17.812500,17.765625,16.703125,15.843750,15.742188,15.062500,15.039062,14.117188
12	1	13	0.028835	13,815,627,1345,13005,7281,1087,885	19.937500,13.515625,13.390625,13.054688,12.921875,12.710938,12.687500,12.601562
12	2	2100	3.941736	41240,7281,1556,71883,432,3341,328,362	13.710938,13.539062,13.210938,12.632812,12.625000,12.312500,12.265625,12.257812
12	3	9211	0.156404	9211,11,25105,5518,50222,4171,51628,301	17.140625,14.429688,13.640625,12.257812,11.671875,11.562500,11.414062,11.273438
12	4	2001	11.914652	11,340,696,8,345,323,3707,612	19.625000,18.140625,17.468750,15.812500,15.695312,15.195312,14.640625,14.492188
12	5	330	5.898161	82035,220,3788,1518,15592,31788,510,473	13.437500,11.460938,11.421875,11.359375,11.203125,10.945312,10.648438,10.500000
12	6	9261	4.604227	31504,48942,9261,791,1061,54,697,35353	17.328125,13.375000,12.953125,12.781250,12.750000,12.515625,12.406250,12.335938
12	7	57893	1.699022	11,57893,8304,198,39810,345,81878,311	15.757812,14.898438,14.718750,13.500000,13.101562,12.851562,12.203125,12.117188
13	0	386	0.933567	386,198,96409,91148,271,720,9805,702	16.468750,16.359375,15.414062,13.500000,12.703125,12.570312,12.523438,12.500000
13	1	13025	0.044729	13025,96396,877,12252,21088,32202,18077,4992	20.656250,17.453125,12.929688,12.656250,12.585938,12.375000,12.218750,12.031250
13	2	27972	1.799704	25,198,27972,39810,369,271,315,512	16.609375,15.687500,15.601562,13.875000,13.828125,13.343750,13.320312,13.109375
13	3	498	5.007021	369,702,1158,1,1875,5240,10246,761	17.734375,16.234375,15.898438,15.757812,15.492188,15.437500,14.773438,14.632812
13	4	220	0.752001	220,720,802,358,3788,44561,510,320	16.390625,15.539062,14.117188,13.507812,13.484375,13.242188,12.500000,12.367188
13	5	679	0.145475	679,2366,220,16,1049,802,1114,320	20.875000,18.890625,14.968750,13.984375,13.617188,13.531250,13.500000,13.429688
13	6	21	1.277861	23,21,22,24,20,19,18,17	22.656250,22.218750,21.953125,20.593750,19.531250,16.734375,15.695312,14.976562
13	7	340	1.118240	696,340,11,8,9456,345,3707,3677	17.781250,17.546875,15.210938,15.062500,14.992188,14.945312,14.898438,14.546875
14	0	1835	0.852157	1835,14196,5116,14126,1061,34463,15425,310	14.609375,12.046875,11.820312,11.742188,11.484375,11.250000,10.992188,10.859375
14	1	40283	7.555542	320,3788,323,510,3580,27685,1115,10311	17.187500,15.031250,13.804688,12.882812,12.421875,12.250000,12.093750,12.023438
14	2	3786	9.410189	3549,25,9886,58732,12283,34899,30464,374	14.304688,12.953125,12.765625,12.492188,12.484375,12.468750,12.445312,12.070312
14	3	25	0.538162	25,2561,320,520,369,551,555,323	17.218750,15.062500,14.671875,14.617188,14.492188,13.960938,13.914062,13.382812
14	4	3788	0.271910	3788,510,289,320,82035,98275,330,366	17.718750,14.625000,14.304688,13.984375,13.984375,13.781250,13.679688,13.390625
14	5	1129	0.000399	1129,322,25,14712,512,487,551,61996	24.265625,14.906250,14.859375,13.898438,12.914062,12.859375,12.843750,12.781250
14	6	71	0.190554	71,2185,277,48393,47216,48886,22090,5316	19.250000,16.890625,15.625000,14.281250,14.203125,14.000000,13.828125,13.718750
14	7	36368	0.000275	36368,773,13602,13722,3265,2661,20752,11089	26.421875,17.703125,15.796875,15.218750,15.000000,14.546875,14.445312,13.937500
15	0	1594	0.000042	1594,3663,7760,22974,30188,69,32085,3716	29.468750,18.484375,18.390625,17.406250,15.632812,15.101562,14.609375,14.210938
15	1	6973	0.002186	6973,11267,41483,916,23283,1276,13,2726	22.937500,15.812500,15.179688,14.554688,13.007812,12.960938,12.710938,12.679688
15	2	3529	0.011326	3529,27057,11628,2971,62409,14,71989,82437	22.062500,16.234375,15.804688,15.609375,14.695312,14.679688,14.578125,14.359375
15	3	77749	0.001200	77749,8534,4306,30525,5022,751,24760,267	22.890625,14.234375,14.195312,13.492188,13.460938,13.375000,13.367188,12.875000
15	4	11628	0.077059	11628,14,6018,27057,6458,30,3262,8851	20.312500,16.843750,15.484375,14.710938,14.414062,14.148438,14.148438,14.046875
15	5	3916	0.000275	3916,1604,95203,336,64,321,5763,276	26.406250,17.937500,14.773438,14.507812,14.156250,14.156250,13.859375,13.054688
15	6	9009	0.000027	9009,831,19085,1348,5457,16716,10676,198	30.578125,19.093750,18.265625,18.109375,17.937500,17.125000,16.421875,15.906250
15	7	6458	0.260040	6458,2,16586,198,271,22964,26583,14	19.093750,16.843750,15.820312,15.679688,15.445312,15.210938,15.070312,14.828125
16	0	61503	0.000036	61503,1609,98501,97463,15288,32680,7723,275	29.671875,18.468750,18.078125,17.062500,16.875000,16.687500,16.109375,15.750000
16	1	428	0.000004	428,1727,327,1342,24396,710,1327,2302	30.484375,17.406250,16.406250,16.031250,15.796875,15.257812,14.898438,14.281250
16	2	271	1.278786	2,271,198,1432,11,30,1038,320	16.515625,16.125000,15.656250,14.429688,12.218750,12.171875,12.132812,11.984375
16	3	34336	11.434950	2028,791,2,567,1061,14711,10803,419	12.242188,12.203125,12.148438,11.906250,11.664062,11.625000,11.531250,11.398438
16	4	415	1.191890	415,220,315,257,320,279,25,8645	13.710938,12.203125,11.375000,11.203125,11.078125,11.031250,10.937500,10.875000
16	5	551	0.116013	551,6394,14852,220,765,320,284,482	19.906250,17.468750,16.015625,13.382812,13.218750,12.968750,12.843750,12.664062
16	6	2539	5.107485	2290,220,4288,510,720,1176,1296,5542	13.218750,13.195312,12.062500,11.742188,11.640625,11.414062,11.304688,11.117188
16	7	1296	2.496456	198,320,271,1296,10550,16363,1495,1432	15.039062,14.585938,13.875000,13.851562,13.140625,12.898438,12.640625,12.484375
17	0	6859	2.498903	743,43194,198,27084,6859,320,16363,10550	17.640625,17.218750,16.515625,16.484375,16.343750,15.671875,15.539062,15.484375
17	1	320	1.427164	198,320,271,11,1432,449,315,2085	16.500000,15.929688,15.234375,13.945312,13.867188,13.335938,13.023438,12.375000
17	2	543	4.021099	19305,2201,543,4354,3983,25030,1962,30096	16.109375,12.648438,12.296875,11.437500,11.265625,10.742188,10.679688,10.414062
17	3	220	0.679083	220,7123,828,10507,10688,23719,340,5238	18.109375,17.671875,15.437500,14.804688,14.546875,13.882812,13.421875,13.281250
17	4	19305	0.019079	19305,19,21299,20165,18,20153,20596,18318	22.484375,17.484375,15.523438,15.460938,15.320312,14.882812,14.312500,13.992188
17	5	23	0.007616	23,24,22,21,17,20,18,19	23.937500,17.984375,17.734375,16.796875,16.156250,16.156250,15.781250,15.765625
17	6	7123	0.143501	7123,10688,10507,23719,10925,5238,3673,9477	18.906250,15.960938,15.093750,14.531250,14.046875,14.000000,13.757812,13.406250
17	7	98634	12.808676	340,696,3707,8,11,705,527,304	18.328125,17.765625,16.187500,16.156250,14.796875,14.148438,13.914062,13.890625
18	0	340	0.929888	340,696,1139,3871,3707,8,304,323	17.500000,17.046875,15.695312,15.406250,15.273438,15.148438,14.757812,14.375000
18	1	38	6.737738	14196,1730,4152,1061,14126,15425,74694,5116	12.296875,11.968750,11.921875,11.765625,11.703125,11.593750,11.554688,11.312500
18	2	2898	2.737942	9563,10169,2898,52031,1894,89,32147,5701	16.281250,14.609375,14.156250,12.960938,12.937500,12.375000,12.367188,12.320312
18	3	12	0.482430	12,286,17,18,996,260,41078,60601	14.976562,13.093750,11.718750,11.593750,11.351562,10.781250,10.367188,10.226562
18	4	17	2.240164	18,19,17,98957,8989,4031,2377,12833	17.062500,15.507812,15.273438,14.476562,12.937500,12.164062,11.671875,11.367188
18	5	426	6.435330	415,5008,1646,7060,12,31253,5688,996	13.390625,12.585938,12.250000,11.898438,11.750000,11.085938,10.929688,10.796875
18	6	1777	0.640539	1777,3481,3065,4977,14080,1785,375,2898	16.828125,15.617188,15.468750,14.875000,12.671875,12.578125,12.375000,11.945312
18	7	11460	5.660198	220,551,256,320,25,1646,82,11418	15.914062,13.656250,13.218750,12.656250,12.593750,12.335938,11.671875,11.632812
19	0	320	2.945631	25,320,512,824,551,198,220,257	14.523438,12.453125,12.343750,12.187500,12.156250,12.125000,11.953125,11.539062
19	1	103589	15.250492	10924,16564,4291,16,716,2880,2201,30096	11.976562,11.453125,10.796875,10.750000,10.726562,10.625000,10.507812,10.335938
19	2	5963	3.626807	89,30694,8,2442,5963,11,4037,53954	12.765625,12.109375,10.687500,10.687500,10.570312,10.343750,10.320312,10.164062
19	3	1680	1.593307	1680,8,6875,3213,47058,11,11418,2065	13.031250,12.804688,11.320312,11.039062,10.937500,10.789062,10.515625,10.453125
19	4	220	0.259619	220,510,720,3788,366,4056,10035,2570	16.312500,13.000000,12.382812,11.718750,11.351562,11.351562,11.187500,11.078125
19	5	16085	6.919432	220,19305,16,4513,4278,7743,6640,7461	15.468750,14.921875,14.539062,14.507812,14.500000,14.390625,14.335938,14.320312
19	6	17897	8.559048	11,16,18,20,17,22,15,21	15.656250,15.359375,15.320312,15.101562,15.070312,14.992188,14.960938,14.921875
19	7	198	1.451721	198,271,320,11460,18,17,22,21	15.835938,14.890625,14.484375,14.304688,14.140625,14.023438,13.898438,13.882812
20	0	1688	10.355747	38,33,30400,7749,6102,27388,40547,53	12.820312,12.195312,11.906250,11.601562,11.554688,11.273438,11.250000,11.226562
20	1	393	10.456642	3325,1546,1985,1455,279,426,420,76036	13.710938,13.546875,12.820312,12.382812,12.312500,12.296875,11.890625,11.546875
20	2	2989	2.341372	73399,28,2989,17249,20526,12,284,1135	13.390625,12.796875,12.757812,11.773438,11.578125,11.343750,11.085938,11.078125
20	3	71608	16.100782	257,220,996,262,415,25,82,2237	10.640625,10.562500,10.078125,9.867188,9.867188,9.742188,9.710938,9.710938
20	4	15906	6.658455	28,25,220,320,11,284,315,12447	10.335938,9.929688,9.875000,9.695312,9.382812,9.328125,9.226562,8.757812
20	5	28	0.813942	28,284,220,320,25,315,11460,11	11.875000,10.484375,10.125000,9.437500,8.953125,8.945312,8.789062,8.500000
20	6	12378	7.294029	605,1041,20,17,220,16,508,15	16.031250,15.859375,15.820312,15.640625,15.625000,15.562500,15.507812,15.429688
20	7	21	0.203094	21,20,17,11,320,22,19,1399	16.078125,13.476562,12.617188,11.859375,11.507812,11.179688,11.156250,10.796875
21	0	420	5.110681	11,25,320,512,198,584,323,279	11.398438,10.781250,10.023438,10.023438,9.882812,9.578125,9.390625,8.929688
21	1	36508	2.545628	374,6835,36508,3135,690,43194,16363,706	14.656250,14.234375,14.164062,13.867188,13.132812,12.945312,12.820312,12.617188
21	2	220	2.621935	264,512,459,220,198,25,393,4056	15.687500,14.601562,14.492188,14.210938,14.195312,14.140625,13.476562,13.148438
21	3	3076	6.489771	15,220,16,17,18,19,20,806	15.156250,14.210938,14.164062,13.742188,13.289062,12.851562,12.789062,12.679688
21	4	2536	7.400236	13,11,27855,11460,74,198,23719,220	14.445312,12.468750,11.843750,11.539062,10.859375,10.726562,10.695312,10.289062
21	5	29352	1.633699	29352,40533,38029,12,10398,61441,3274,16677	15.125000,14.742188,14.695312,14.593750,13.203125,13.203125,12.882812,12.398438
21	6	91719	0.037893	91719,75,16338,90822,278,26372,3713,2922	21.250000,17.359375,16.843750,13.796875,13.218750,13.101562,12.929688,12.460938
21	7	27855	0.615171	27855,11460,220,21282,4037,198,10215,24630	15.984375,13.632812,12.656250,12.578125,12.539062,12.406250,12.195312,12.195312
22	0	345	4.254274	315,198,449,11,320,512,627,13	15.781250,15.195312,14.351562,14.328125,14.132812,13.859375,13.804688,13.265625
22	1	19975	13.215889	9739,4291,778,1073,8370,1688,438,266	12.890625,12.484375,11.984375,11.718750,11.695312,11.578125,11.445312,11.367188
22	2	2915	0.107916	2915,481,11559,287,65,220,398,1570	17.312500,14.289062,13.687500,13.156250,10.484375,10.453125,10.257812,10.250000
22	3	49005	5.382196	27442,2949,3770,1234,2678,304,9333,9967	14.984375,14.484375,14.109375,14.015625,13.187500,13.070312,13.054688,12.914062
22	4	279	0.798145	279,1057,220,264,393,12143,480,5044	14.132812,12.257812,11.914062,11.257812,11.203125,10.609375,10.593750,9.992188
22	5	220	2.049391	220,7340,393,5044,12143,1973,480,4056	13.351562,12.078125,11.570312,11.460938,11.453125,11.406250,11.273438,11.187500
22	6	508	4.464230	1227,12378,843,16,2397,1041,4278,17	17.656250,16.937500,16.265625,16.203125,16.171875,15.921875,15.921875,15.765625
22	7	11843	3.552382	27855,12,74,4,42,11,11843,12143	13.679688,13.351562,13.078125,12.625000,12.593750,12.406250,12.015625,11.960938
23	0	3200	0.114368	3200,15655,81029,70305,1983,575,32983,81	22.390625,20.250000,16.250000,14.726562,14.375000,12.070312,11.945312,11.929688
23	1	16686	5.022952	4017,12447,1973,7340,8582,8187,45379,4827	13.031250,12.085938,11.570312,11.390625,11.304688,10.781250,10.617188,10.398438
23	2	315	2.887894	369,627,382,13,315,311,11,198	15.695312,14.570312,14.507812,14.171875,14.101562,13.890625,13.609375,13.609375
23	3	279	1.057735	279,1057,198,393,420,264,220,510	13.796875,12.640625,11.601562,11.398438,11.265625,10.992188,10.765625,10.375000
23	4	426	5.049291	198,4113,1296,5684,393,10137,3465,30328	12.570312,11.968750,11.945312,11.273438,11.242188,10.867188,10.765625,10.726562
23	5	18	9.104469	1777,3481,4977,3065,2898,3143,7430,3387	16.171875,15.906250,15.726562,14.304688,11.984375,11.882812,11.820312,11.562500
23	6	4367	9.793222	1296,12,5573,29531,198,16865,1646,8815	11.515625,11.195312,10.500000,10.421875,10.250000,10.218750,9.609375,9.406250
23	7	18618	6.567234	18767,198,37057,6767,2585,13186,12447,1296	15.703125,15.109375,13.718750,13.578125,13.398438,13.164062,12.882812,12.601562
24	0	382	1.898048	627,382,198,345,13,4286,320,271	15.601562,14.789062,14.375000,13.687500,13.578125,13.203125,12.726562,12.625000
24	1	2028	4.175756	791,14711,2,419,9290,2028,334,567	11.015625,10.656250,10.515625,10.453125,10.421875,10.343750,10.312500,10.078125
24	2	1052	5.061079	1296,374,43194,10550,828,2612,36508,5039	13.851562,13.578125,13.351562,13.296875,11.554688,11.476562,11.320312,11.242188
24	3	374	1.817097	374,5727,706,574,690,5764,649,1288	14.414062,14.312500,13.250000,13.187500,12.835938,12.828125,12.546875,12.140625
24	4	1511	3.494049	264,279,961,1511,16383,220,304,539	14.531250,13.476562,13.218750,12.875000,12.632812,12.375000,12.367188,12.367188
24	5	439	1.432056	311,439,369,304,555,34167,1193,21742	18.421875,18.109375,17.703125,17.000000,17.000000,15.101562,14.945312,14.929688
24	6	264	1.265366	264,279,1988,1296,459,961,374,1057	15.382812,15.039062,14.828125,14.234375,13.445312,12.476562,12.296875,12.195312
24	7	12790	6.494505	1296,5905,2592,29531,10741,6002,47942,7649	14.898438,13.562500,12.070312,12.054688,12.015625,11.960938,11.835938,11.828125
25	0	369	1.822079	304,369,311,555,323,11,779,13	15.390625,14.898438,14.804688,13.953125,13.554688,13.414062,12.781250,12.656250
25	1	279	1.649070	279,7649,7177,1057,5089,264,1595,420	14.289062,14.234375,12.750000,12.648438,12.171875,12.117188,11.695312,11.507812
25	2	48275	12.799171	1595,1296,7177,426,4367,2768,480,198	12.148438,11.750000,11.671875,11.640625,11.265625,11.210938,10.820312,10.390625
25	3	45320	7.731806	12,3561,34463,38,3263,7177,30653,12914	11.562500,10.687500,10.390625,10.367188,10.085938,9.890625,9.890625,9.867188
25	4	85748	13.953865	7177,1296,3213,372,1463,1646,553,6875	12.132812,11.429688,10.843750,10.695312,10.343750,10.265625,10.156250,10.101562
25	5	6636	5.947238	6221,3637,7177,1296,12,1646,34352,9307	11.320312,10.359375,10.304688,10.234375,10.101562,9.828125,9.804688,9.546875
25	6	74252	11.599445	7177,1296,627,11,198,13,382,323	12.789062,12.734375,12.601562,12.593750,12.585938,12.296875,12.000000,11.992188
25	7	488	0.138571	488,1385,2786,198,275,3225,1968,635	19.218750,17.234375,12.515625,12.476562,12.320312,11.296875,11.164062,10.882812
26	0	18618	6.119081	1296,198,7177,18767,22702,29531,16865,7649	15.234375,15.218750,14.437500,13.375000,12.734375,12.734375,12.671875,12.617188
26	1	198	1.899334	627,198,345,13,382,11,320,1296	15.132812,14.664062,14.171875,13.773438,13.773438,13.289062,12.882812,12.828125
26	2	8793	6.058023	438,258,998,2000,7,33,24781,8370	13.000000,12.968750,12.953125,11.960938,11.867188,11.609375,11.609375,11.312500
26	3	82	2.763208	287,291,82,1162,1704,220,890,12986	13.335938,12.054688,11.484375,9.835938,9.531250,9.484375,9.375000,9.140625
26	4	5640	2.374641	5640,12986,14441,14,369,220,304,430	11.921875,11.765625,11.562500,11.062500,10.703125,10.468750,10.203125,10.148438
26	5	324	0.493984	324,80,9225,74,83,44508,65,66	17.484375,15.968750,15.421875,14.765625,14.429688,13.203125,12.843750,12.804688
26	6	754	0.010654	754,6465,6098,2054,74,31548,17627,38865	23.375000,18.281250,16.609375,16.453125,15.554688,14.945312,14.867188,14.820312
26	7	98166	2.341303	31548,54446,98166,44508,12,80,4803,9153	17.109375,15.507812,15.382812,15.054688,14.007812,13.976562,13.406250,12.718750
27	0	2253	8.507124	11790,623,5796,55898,7345,4552,890,33609	15.093750,14.140625,13.750000,13.718750,13.500000,12.515625,12.179688,11.921875
27	1	17	1.142914	17,20216,65,10692,84,258,71,21264	15.531250,15.031250,13.718750,13.523438,13.265625,12.625000,12.562500,12.453125
27	2	68	0.028891	68,7345,11790,66,69,2176,830,70	18.453125,13.179688,12.039062,11.734375,11.367188,11.054688,10.898438,10.812500
27	3	26721	9.780684	7345,4552,33609,11790,623,41391,55898,558	15.468750,13.453125,12.531250,12.023438,11.945312,11.140625,11.132812,11.117188
27	4	4390	1.928396	570,4390,3677,8,705,323,11,340	15.281250,14.437500,14.171875,14.109375,13.773438,12.890625,12.812500,12.484375
27	5	8780	9.437838	15425,7275,74694,14196,54605,791,34794,12885	15.218750,13.726562,13.500000,13.421875,12.429688,12.335938,12.062500,11.765625
27	6	32905	11.579886	4442,29882,2349,17466,1023,51944,86365,9013	14.351562,13.492188,12.320312,11.828125,11.726562,11.593750,11.445312,11.328125
27	7	1005	3.261555	990,4375,315,1005,477,5829,7177,2082	15.398438,14.359375,13.265625,13.109375,13.054688,12.835938,11.890625,11.851562
28	0	2011	2.132542	315,2011,7612,374,1288,477,320,690	15.460938,14.984375,14.921875,14.859375,14.679688,14.414062,13.875000,13.554688
28	1	14389	4.232197	387,39396,25670,6807,1833,26069,2997,5201	16.859375,16.718750,16.093750,15.820312,15.765625,15.710938,15.531250,15.359375
28	2	420	1.240540	279,420,63124,264,4113,682,459,1202	17.546875,17.078125,15.781250,14.781250,13.765625,13.492188,13.484375,13.429688
28	3	13844	5.375217	63124,5842,5406,7065,2592,4342,5905,4113	15.460938,14.132812,14.117188,13.804688,13.640625,13.281250,13.062500,12.476562
28	4	7866	0.390837	7866,7826,5842,14656,12,555,63124,59418	18.859375,17.109375,16.500000,15.992188,15.179688,14.828125,14.789062,14.531250
28	5	93314	0.011362	93314,16998,12,220,6354,82319,5842,31073	23.031250,17.531250,17.031250,16.843750,16.125000,15.421875,15.140625,13.718750
28	6	220	0.148806	220,5842,63124,5406,12,31073,198,59418	19.984375,17.281250,16.484375,15.601562,15.007812,14.851562,14.500000,14.093750
28	7	18	0.020922	18,19,17,16,220,289,5842,2366	21.390625,17.359375,14.328125,13.554688,12.390625,12.304688,12.265625,12.203125
29	0	13	0.002739	13,5842,63124,14778,59418,627,31073,198	22.625000,15.500000,15.062500,13.765625,13.765625,13.750000,13.656250,12.882812
29	1	15	0.000259	15,220,17,20,931,16,410,21	23.296875,13.835938,12.375000,12.335938,12.179688,11.929688,11.812500,11.468750
29	2	63124	1.953131	5842,63124,5406,198,31073,320,7065,1914	17.093750,15.843750,15.046875,14.789062,14.156250,14.148438,13.679688,13.296875
29	3	382	2.168043	627,382,5406,323,13,198,311,11	15.234375,14.359375,14.078125,13.898438,13.265625,13.015625,12.898438,12.585938
29	4	284	8.472478	791,2,9290,58,2028,15425,14711,567	11.632812,11.226562,11.171875,11.101562,11.078125,10.921875,10.781250,10.679688
29	5	8563	14.704705	12,43205,4060,30328,284,36499,2,46008	13.757812,13.398438,12.429688,11.812500,11.546875,11.281250,11.015625,11.000000
29	6	426	5.259327	64,445,473,596,72325,435,284,622	13.367188,10.695312,10.632812,10.484375,10.367188,10.359375,10.054688,9.820312
29	7	11206	5.456597	13,24366,20487,1286,3916,3204,1037,15345	13.304688,11.789062,11.359375,11.179688,11.023438,10.773438,10.593750,10.539062
30	0	466	3.811892	4091,783,467,1698,466,285,587,70	14.585938,14.335938,12.867188,12.500000,11.820312,11.664062,11.546875,11.335938
30	1	284	2.530815	11,596,284,320,220,482,4125,25	12.984375,12.367188,12.125000,12.031250,11.976562,11.468750,10.992188,10.789062
30	2	720	3.778241	1432,4815,320,220,1038,510,720,271	13.437500,11.890625,11.601562,11.531250,10.984375,10.937500,10.914062,10.515625
30	3	8563	6.337397	14196,74694,15425,2366,12,7,7275,791	11.437500,11.062500,10.804688,10.109375,9.976562,9.921875,9.820312,9.703125
30	4	426	0.323656	426,3842,12656,374,320,7957,574,330	17.093750,12.835938,12.812500,12.781250,12.546875,12.421875,12.265625,12.054688
30	5	11206	0.001043	11206,619,3514,13,5757,2743,5049,24889	23.343750,14.414062,14.382812,14.328125,13.945312,13.820312,13.046875,12.882812
30	6	466	0.009901	466,783,668,2002,1303,55704,339,978	24.015625,19.328125,15.093750,14.929688,14.750000,13.906250,13.726562,13.414062
30	7	374	1.632792	320,374,11,198,220,574,720,507	16.015625,15.382812,14.593750,14.164062,13.718750,13.671875,13.671875,12.375000
31	0	459	1.269873	264,459,279,539,832,1101,3967,5131	19.375000,18.546875,16.875000,13.843750,13.078125,12.796875,12.695312,12.515625
31	1	6498	0.592093	6498,13673,3778,12360,18088,10255,8013,91634	18.140625,17.328125,16.046875,15.085938,14.648438,13.859375,13.015625,12.960938
31	2	4632	5.212109	4846,1589,9141,12360,6721,47550,12707,39844	16.171875,15.679688,15.500000,15.320312,15.140625,13.562500,13.367188,13.226562
31	3	1174	9.535629	7690,323,6576,17276,40550,12360,11,9940	19.296875,18.937500,18.171875,17.984375,17.859375,17.203125,17.156250,15.460938
31	4	12707	0.165627	12707,220,6566,34596,41445,4731,9063,6007	18.734375,15.570312,15.007812,14.882812,14.414062,13.882812,13.726562,13.656250
31	5	323	0.367071	323,1174,11,12360,7690,17276,220,20156	19.718750,18.265625,17.328125,16.031250,15.648438,15.234375,14.796875,14.562500
31	6	34596	0.460985	34596,6566,9063,27803,7899,2835,66333,12707	20.125000,19.250000,17.375000,16.343750,16.125000,15.296875,15.070312,14.726562
31	7	12360	0.936680	12360,7690,17276,40550,5788,6566,720,5222	18.453125,18.171875,17.890625,15.117188,14.265625,14.265625,13.828125,13.750000
32	0	662	1.306551	662,13,1174,889,323,16853,627,11	16.546875,15.617188,15.445312,15.359375,15.289062,15.171875,14.632812,14.585938
32	1	1283	1.258060	1283,720,220,5414,38916,4815,510,1102	15.273438,14.421875,14.117188,13.453125,13.398438,13.023438,12.914062,12.632812
32	2	1047	6.162903	706,374,574,6476,9922,2834,18677,6137	19.781250,19.453125,18.765625,17.578125,17.390625,16.687500,16.250000,16.093750
32	3	264	0.968781	264,813,9922,13073,279,1027,40500,2678	18.015625,17.078125,16.453125,16.250000,15.554688,15.421875,15.406250,15.023438
32	4	8810	6.445673	1317,40500,28289,6992,3560,5199,2678,1396	15.992188,15.156250,14.648438,14.609375,14.554688,14.382812,14.265625,14.187500
32	5	571	13.666880	3560,11341,40500,198,7858,961,720,6917	19.750000,18.312500,16.953125,16.937500,16.546875,16.000000,14.757812,14.453125
32	6	12	4.311996	3560,11341,18588,220,198,5898,12,97755	10.179688,9.320312,8.757812,8.539062,8.367188,8.343750,8.242188,8.054688
32	7	31	4.759179	5898,3560,97755,571,4581,11341,12134,1074	12.234375,11.109375,10.656250,10.484375,10.335938,10.296875,9.976562,9.562500
33	0	40500	4.894089	3560,11341,12,5898,13,571,97755,220	13.609375,13.101562,12.718750,11.250000,10.914062,10.757812,10.539062,10.406250
33	1	3560	0.098038	3560,571,6638,11341,198,961,220,482	19.046875,15.281250,14.539062,14.234375,14.054688,14.023438,13.625000,13.031250
33	2	389	2.266876	304,439,389,220,571,198,320,1174	19.625000,18.421875,17.812500,15.648438,15.601562,15.132812,14.882812,14.593750
33	3	279	0.335114	279,48183,12707,220,264,8013,6007,459	17.281250,14.367188,13.585938,13.226562,12.984375,12.921875,12.890625,12.781250
33	4	12707	1.754217	12707,18588,5526,8013,94455,6007,220,13740	15.429688,15.273438,14.632812,14.523438,14.437500,14.375000,14.273438,13.656250
33	5	4101	0.703175	4101,20156,1501,27883,23160,81466,18629,571	18.390625,17.703125,16.671875,16.187500,15.296875,14.773438,14.726562,14.398438
33	6	578	3.547586	330,220,364,423,721,578,3436,19150	13.835938,13.492188,12.476562,12.398438,12.343750,12.328125,11.867188,11.851562
33	7	8766	1.805013	8766,328,29743,71502,13566,1561,44847,8410	13.875000,12.578125,11.773438,11.726562,11.695312,11.554688,11.492188,11.437500
34	0	304	2.233009	662,323,439,1174,304,220,16853,320	16.203125,15.750000,15.718750,15.664062,15.632812,15.062500,14.835938,14.343750
34	1	220	0.121870	220,279,1202,902,264,198,6186,571	20.593750,18.234375,14.671875,14.343750,14.179688,14.031250,14.031250,13.960938
34	2	1049	0.893160	1049,2550,679,3753,4468,220,5162,571	19.125000,18.906250,18.218750,17.171875,15.804688,14.257812,14.140625,14.125000
34	3	15	2.170065	18,20,15,19,22,17,16,21	20.000000,19.937500,19.906250,19.812500,19.796875,19.765625,19.734375,19.687500
34	4	662	1.543913	662,13,323,1174,627,16853,220,571	16.234375,15.789062,15.734375,15.500000,15.062500,14.695312,14.664062,14.601562
34	5	1115	5.388863	624,763,426,1283,720,510,5414,220	14.312500,14.078125,14.062500,14.000000,13.367188,13.273438,13.140625,13.078125
34	6	574	1.642361	574,374,3560,8272,5178,706,4652,571	14.367188,13.812500,13.453125,12.812500,12.757812,12.210938,12.210938,12.148438
34	7	8272	1.132500	8272,813,264,1306,279,832,539,304	18.078125,17.609375,16.843750,16.406250,16.250000,15.968750,15.312500,15.085938
35	0	555	0.065687	555,304,449,571,709,20193,264,1174	21.203125,17.218750,16.500000,16.375000,16.281250,15.937500,15.453125,14.984375
35	1	264	0.754019	264,27351,813,8810,459,2500,13073,279	18.250000,16.828125,16.171875,16.031250,15.671875,15.656250,15.312500,15.140625
35	2	40500	1.656544	40500,8810,3560,5912,12899,46350,1925,961	16.484375,16.125000,15.835938,15.398438,14.835938,14.765625,14.750000,14.210938
35	3	3560	0.090088	3560,571,961,2543,11341,6638,1174,8810	20.468750,17.531250,16.171875,14.695312,14.625000,14.578125,13.820312,13.562500
35	4	304	0.801556	304,389,439,571,16662,1174,320,220	20.656250,20.343750,19.703125,17.453125,15.898438,15.703125,15.656250,15.585938
35	5	279	0.125019	279,264,220,578,2500,459,13740,16071	17.640625,13.984375,13.875000,12.960938,12.578125,12.570312,11.117188,10.921875
35	6	1514	5.118767	12707,220,4632,18588,6007,94455,8013,13740	16.687500,15.679688,15.023438,14.718750,13.976562,13.781250,13.734375,13.718750
35	7	6385	8.766196	330,578,364,220,362,1174,721,3436	13.898438,12.898438,11.976562,11.718750,11.523438,11.468750,11.093750,10.992188
36	0	2439	4.310564	20941,54838,12538,16591,67344,6295,288,94374	15.078125,14.539062,13.335938,13.164062,12.757812,12.453125,12.359375,12.156250
36	1	5439	6.129198	304,1174,520,320,662,555,902,220	16.156250,15.976562,14.898438,14.609375,14.312500,14.296875,13.984375,13.539062
36	2	555	0.132776	555,323,571,304,369,449,1174,220	20.250000,17.796875,16.296875,15.398438,15.343750,14.039062,13.851562,13.585938
36	3	22021	3.870708	323,26349,6941,279,3842,22021,18587,8096	13.492188,13.453125,13.320312,13.148438,12.937500,12.796875,12.765625,12.695312
36	4	77023	3.347165	9641,452,46211,24255,1050,77023,80327,480	13.570312,13.359375,13.281250,12.906250,12.671875,12.382812,12.031250,11.984375
36	5	1174	1.995701	662,323,1174,304,16853,220,902,520	17.468750,16.843750,16.640625,16.562500,15.531250,15.085938,14.812500,14.523438
36	6	902	1.271091	902,323,304,449,279,520,369,571	16.515625,15.656250,15.460938,14.648438,14.390625,14.390625,14.195312,14.171875
36	7	574	1.737377	9107,574,6476,85170,10837,568,1047,23217	18.093750,17.562500,17.015625,16.859375,16.265625,16.250000,15.937500,15.843750
37	0	10887	0.834080	10887,51157,1176,9124,264,571,10666,15910	18.031250,16.093750,15.945312,15.867188,15.445312,15.265625,15.000000,14.960938
37	1	304	2.001139	520,304,571,555,389,2391,369,449	21.140625,19.437500,18.078125,18.062500,17.296875,16.000000,15.968750,15.882812
37	2	220	1.220612	220,279,7295,19922,264,1561,25715,36937	17.296875,17.156250,16.921875,14.742188,14.210938,13.921875,13.851562,13.593750
37	3	1049	0.253689	1049,679,2550,571,3753,508,7295,2366	20.812500,19.328125,17.843750,14.648438,14.203125,13.117188,13.078125,12.945312
37	4	16	1.832012	16,17,18,20,15,19,21,22	20.859375,20.671875,20.609375,20.468750,20.390625,20.359375,20.171875,20.125000
37	5	520	0.870567	520,662,13,323,304,16853,627,555	18.171875,17.203125,16.984375,16.125000,15.742188,15.320312,15.304688,14.820312
37	6	279	0.042643	279,578,7295,29514,27315,571,36937,19922	20.093750,15.968750,14.671875,13.750000,13.609375,13.203125,13.140625,13.078125
37	7	16591	1.782576	16591,13566,27315,1708,29514,5165,36937,2100	14.781250,14.273438,14.242188,13.695312,13.554688,13.531250,13.367188,12.953125
38	0	7301	0.877098	7301,42482,19224,5165,27315,39679,612,17971	18.421875,17.906250,17.734375,15.937500,15.625000,15.578125,13.843750,13.703125
38	1	27315	0.081764	27315,34596,304,662,1174,16853,323,364	20.921875,17.390625,17.156250,16.765625,14.914062,14.703125,14.625000,13.976562
38	2	662	1.217075	304,662,1174,16853,323,220,6905,7295	18.890625,18.312500,16.562500,16.500000,15.398438,15.007812,14.539062,13.984375
38	3	1283	2.436222	763,426,1283,624,5414,220,510,720	15.406250,14.445312,14.273438,13.515625,13.320312,13.296875,13.281250,13.250000
38	4	1047	2.850910	1101,706,9922,6476,1243,1047,574,374	18.718750,18.453125,18.296875,18.000000,17.578125,17.390625,16.734375,16.640625
38	5	264	0.415785	264,2500,40500,1101,279,4726,13073,459	19.390625,17.234375,16.421875,16.109375,15.843750,15.703125,15.695312,15.359375
38	6	8810	1.740673	8810,40500,3560,12899,46350,9099,2678,6522	16.734375,16.578125,16.484375,16.093750,15.312500,15.000000,14.960938,14.929688
38	7	3560	0.867176	3560,40500,571,11341,6917,482,198,7858	18.375000,18.125000,17.234375,16.328125,14.414062,13.898438,13.835938,13.710938
39	0	304	0.957747	389,304,439,571,1578,220,1174,198	20.859375,20.484375,17.656250,17.140625,15.085938,15.070312,15.062500,14.742188
39	1	279	0.119843	279,220,459,264,578,16071,48183,2500	19.312500,16.218750,15.359375,14.500000,14.437500,13.601562,13.453125,13.273438
39	2	12707	0.441559	12707,18588,220,94455,6007,13740,1514,8013	18.312500,16.171875,16.000000,14.984375,14.804688,14.437500,14.328125,14.296875
39	3	4101	0.304205	4101,20156,1501,23160,18629,27883,571,4632	20.156250,18.781250,16.718750,15.695312,15.687500,15.257812,15.187500,14.335938
39	4	20819	6.421772	54943,578,49922,16071,6460,220,18449,60555	15.054688,13.812500,13.812500,13.367188,13.195312,12.781250,12.750000,12.210938
39	5	3842	0.151237	3842,323,423,55158,596,220,389,571	17.671875,14.250000,13.546875,13.164062,12.765625,12.640625,12.242188,12.203125
39	6	1611	0.031570	1611,571,482,220,323,409,2522,1174	19.328125,15.164062,13.273438,12.625000,12.523438,12.507812,12.343750,12.234375
39	7	291	0.023991	291,6910,19846,34,346,486,16133,551	21.656250,17.703125,15.890625,13.773438,13.562500,12.664062,12.531250,12.140625
40	0	304	0.291716	304,323,1174,662,220,320,439,16853	19.562500,17.078125,16.921875,16.593750,15.765625,15.046875,14.937500,14.625000
40	1	220	0.011564	220,279,430,571,6186,6790,5587,198	23.468750,18.703125,15.039062,14.929688,14.828125,14.789062,14.710938,14.578125
40	2	1049	0.012148	1049,679,2550,220,17,2366,508,510	21.609375,16.843750,15.546875,12.992188,12.156250,12.085938,11.750000,11.375000
40	3	17	0.956812	17,18,16,19,20,21,22,15	20.796875,20.171875,19.750000,19.390625,19.312500,18.406250,17.906250,17.625000
40	4	662	1.023243	662,323,1174,13,16853,220,571,6905	18.062500,17.656250,17.437500,15.914062,15.726562,15.257812,14.765625,14.500000
40	5	763	1.100100	763,426,1283,5414,720,8563,510,624	15.812500,14.570312,14.312500,13.609375,13.546875,13.359375,13.187500,13.187500
40	6	220	0.169743	220,279,5369,813,420,6186,12707,6385	21.046875,18.859375,17.468750,15.554688,15.453125,15.023438,14.953125,14.843750
40	7	1049	0.078493	1049,679,2550,2366,220,3753,508,571	21.453125,18.906250,14.742188,13.523438,13.023438,12.289062,12.250000,12.195312
41	0	19	1.940722	18,19,20,21,22,17,23,24	22.234375,21.046875,20.843750,20.234375,20.140625,19.859375,19.843750,19.812500
41	1	426	4.046295	568,1174,11,426,571,8563,220,813	19.437500,19.281250,16.640625,16.125000,15.718750,15.171875,14.726562,14.703125
41	2	11206	0.000305	11206,5049,6478,571,619,5599,583,31	23.781250,13.335938,13.328125,13.000000,12.617188,12.578125,12.312500,12.179688
41	3	466	0.000154	466,783,668,5153,531,2002,1291,55704	28.109375,18.640625,17.750000,17.453125,16.000000,15.742188,14.773438,14.671875
41	4	27212	4.124514	9922,6476,1047,574,1903,59335,11096,6244	18.765625,18.531250,17.406250,17.234375,16.703125,16.468750,16.250000,16.218750
41	5	264	0.435642	264,279,813,2500,459,389,571,40500	21.578125,20.593750,19.531250,17.125000,16.156250,15.710938,15.703125,15.523438
41	6	3560	1.884050	40500,3560,8810,5912,46350,1925,3682,961	18.625000,17.546875,16.875000,16.859375,16.281250,16.046875,15.500000,15.343750
41	7	439	2.335642	304,389,439,571,1174,5737,16662,220	20.968750,19.531250,18.984375,16.828125,14.960938,14.937500,14.898438,14.765625
42	0	330	5.950792	264,279,56379,6812,2999,4488,832,459	15.007812,13.421875,12.648438,12.000000,11.851562,11.718750,11.710938,11.601562
42	1	29517	6.487700	571,33699,4491,33919,578,4488,8529,19036	10.421875,10.085938,9.960938,9.914062,9.664062,9.617188,9.593750,9.554688
42	2	330	0.447121	330,1,14930,5929,92847,88,279,37514	17.171875,14.000000,13.570312,12.765625,12.343750,12.281250,12.062500,12.039062
42	3	304	0.324141	304,389,571,1174,29517,279,220,320	17.859375,16.343750,14.078125,13.859375,13.804688,13.210938,12.859375,12.726562
42	4	279	0.066885	279,264,13740,459,578,220,53425,48183	19.234375,15.015625,14.562500,14.367188,13.546875,13.164062,12.656250,12.507812
42	5	9417	5.594179	12707,18588,13740,4632,8013,94455,1317,6007	16.968750,15.578125,15.476562,14.992188,14.632812,14.382812,13.976562,13.750000
42	6	330	0.671044	330,315,220,364,578,674,1174,612	14.734375,13.718750,12.062500,11.882812,10.742188,10.367188,10.023438,9.945312
42	7	71166	9.636476	578,220,15371,362,791,571,7238,11717	11.007812,9.390625,9.148438,8.953125,8.640625,8.539062,8.421875,8.351562
43	0	364	4.748823	16576,330,24941,37068,30857,596,323,1	16.421875,16.218750,15.273438,15.265625,15.062500,13.656250,13.023438,13.015625
43	1	82	1.184433	274,82,571,31,364,279,12,320	15.929688,15.195312,11.320312,11.062500,10.546875,10.156250,10.140625,10.140625
43	2	15457	4.026430	11617,16576,426,15013,15457,19508,31917,33621	13.679688,13.164062,12.367188,12.117188,11.765625,11.718750,11.703125,11.695312
43	3	330	0.062731	330,1174,1074,320,220,1,6360,482	19.625000,14.992188,14.523438,14.218750,14.117188,13.953125,13.648438,13.460938
43	4	315	0.219530	315,304,389,505,320,1174,220,369	19.890625,17.156250,16.968750,16.687500,15.914062,15.539062,15.289062,14.757812
43	5	279	0.071232	279,578,49922,54943,16071,6460,220,13740	19.250000,15.671875,13.429688,13.234375,12.843750,12.765625,12.703125,12.687500
43	6	12707	0.489470	12707,18588,4101,5526,1317,20156,8013,6593	17.687500,15.507812,14.679688,14.593750,14.375000,14.335938,14.296875,13.960938
43	7	4101	0.169737	4101,20156,1501,23160,27883,18629,571,25999	20.546875,18.500000,16.578125,15.593750,15.109375,15.000000,14.968750,14.421875
44	0	578	2.529327	54943,49922,578,6460,47802,220,19150,3165	15.164062,13.843750,13.796875,12.875000,12.742188,12.648438,12.351562,12.343750
44	1	5843	5.952719	8766,6825,40324,70192,45595,8155,8410,37618	15.429688,13.210938,12.890625,12.187500,11.734375,11.671875,11.492188,11.492188
44	2	38725	1.266674	478,38725,8166,6588,323,25284,22691,19508	15.804688,15.757812,15.406250,14.015625,12.656250,12.515625,12.312500,11.929688
44	3	2652	4.114243	662,1174,220,16853,40500,2652,323,902	17.796875,16.890625,15.531250,15.406250,15.085938,14.421875,14.398438,14.203125
44	4	568	1.397755	568,420,279,304,323,4869,220,813	15.492188,14.734375,14.687500,14.101562,13.953125,13.718750,13.640625,13.445312
44	5	59335	5.160204	1101,6476,9922,1047,574,1243,45877,3010	18.531250,18.406250,17.968750,17.671875,17.359375,16.703125,16.171875,16.031250
44	6	16662	0.762299	16662,304,439,14329,449,3235,571,1578	19.906250,19.375000,18.703125,16.984375,16.765625,16.593750,16.234375,15.796875
44	7	20142	5.604605	35727,8766,8529,358,35352,279,81349,13558	15.101562,14.625000,14.359375,13.945312,13.726562,13.578125,13.507812,12.953125
45	0	4488	2.592646	8529,35727,4488,358,13558,35352,8766,2493	14.539062,14.382812,14.015625,13.734375,13.531250,13.265625,13.046875,12.843750
45	1	27191	0.857685	27191,93783,2758,8766,21256,13789,36772,3005	15.570312,14.242188,13.906250,12.828125,12.757812,12.609375,12.250000,12.187500
45	2	323	0.235704	323,1174,220,320,571,662,304,612	21.171875,19.687500,16.593750,15.875000,15.820312,15.617188,14.828125,14.773438
45	3	43423	8.204430	11641,8529,8766,81349,30928,37848,35727,19475	14.351562,14.195312,14.125000,13.640625,13.039062,12.757812,12.726562,12.695312
45	4	15385	0.155773	15385,11826,25537,15371,198,435,409,432	17.484375,14.140625,13.179688,12.828125,12.007812,11.984375,11.953125,11.843750
45	5	18843	0.000637	18843,47391,72187,40493,37489,19350,55333,46188	26.328125,18.843750,16.109375,14.828125,14.687500,13.375000,13.125000,12.500000
45	6	662	0.343275	662,304,1174,16853,220,323,6905,320	19.281250,17.156250,16.656250,16.421875,16.281250,14.835938,14.601562,14.531250
45	7	1283	2.621893	763,426,1283,510,220,624,720,5414	15.687500,14.523438,14.273438,13.687500,13.632812,13.570312,13.570312,13.218750
46	0	574	3.554647	9922,1101,1047,6476,706,1243,574,1903	18.687500,18.281250,18.125000,18.078125,17.468750,17.000000,16.609375,16.250000
46	1	6445	1.847338	264,6445,1101,39048,304,279,1243,22034	15.890625,15.789062,15.718750,15.078125,14.390625,14.242188,14.054688,13.539062
46	2	304	1.158894	439,304,369,571,16662,311,1578,1174	21.250000,20.562500,17.640625,16.921875,16.921875,16.515625,15.882812,15.789062
46	3	279	0.307583	279,264,220,459,2500,813,578,420	20.000000,18.140625,17.984375,15.406250,15.382812,14.671875,14.296875,13.976562
46	4	220	2.446051	12707,3560,220,1514,4632,18588,961,9417	17.203125,16.140625,15.726562,14.781250,14.726562,14.695312,14.210938,14.023438
46	5	1049	0.120169	1049,679,2550,3753,571,21,2366,17	20.078125,17.671875,15.742188,13.617188,13.242188,13.125000,13.093750,13.070312
46	6	20	1.096066	20,21,22,19,23,24,18,17	22.015625,21.515625,21.296875,21.203125,20.312500,19.984375,19.437500,18.640625
46	7	34596	5.932505	12707,4632,18588,9417,1514,5788,4101,4668	17.484375,16.593750,15.031250,15.015625,14.929688,14.117188,13.992188,13.976562
47	0	54248	7.246704	5788,1514,5178,34185,57105,6566,7364,1629	20.718750,18.187500,15.593750,15.351562,15.164062,14.992188,14.742188,14.710938
47	1	315	0.230116	315,330,578,1174,364,551,220,362	16.515625,13.656250,12.539062,12.226562,12.015625,11.156250,11.093750,10.851562
47	2	279	1.773417	279,578,330,7553,9777,364,362,11335	14.000000,13.750000,13.359375,11.773438,11.484375,11.476562,11.296875,11.242188
47	3	26241	9.617699	1514,11335,18273,6566,12707,16591,4375,1403	15.617188,15.367188,13.257812,13.093750,12.773438,12.625000,12.226562,12.023438
47	4	93401	1.406645	32928,93401,37512,21396,445,2947,1443,9346	15.187500,14.703125,12.500000,12.203125,12.054688,11.617188,11.562500,11.554688
47	5	1514	0.275066	1514,11335,482,20156,6566,364,5439,23160	18.500000,15.773438,15.484375,15.031250,14.398438,14.351562,14.187500,13.734375
47	6	44662	6.729506	578,330,1174,1443,721,323,435,3092	13.195312,13.046875,12.234375,11.539062,11.429688,10.867188,10.671875,10.507812
47	7	50940	1.184792	50940,27315,596,1174,364,323,220,320	14.031250,13.187500,12.640625,12.000000,11.945312,11.820312,10.859375,10.765625
48	0	1174	1.576256	323,1174,662,520,2652,304,902,320	17.828125,17.343750,16.609375,16.359375,15.781250,15.343750,15.242188,14.843750
48	1	902	1.981789	323,902,16662,5737,304,1405,40500,279	16.203125,15.789062,15.195312,15.031250,14.992188,14.843750,14.640625,14.226562
48	2	574	0.918692	574,6476,568,10837,9107,85170,59335,91713	17.968750,16.421875,16.296875,16.015625,15.929688,15.648438,15.304688,15.070312
48	3	10887	0.738903	10887,51157,743,264,9124,8272,15910,3196	18.171875,16.500000,15.609375,15.531250,15.531250,15.187500,15.164062,14.710938
48	4	520	0.302795	520,304,555,571,389,449,16662,439	21.234375,19.578125,18.218750,17.484375,17.296875,16.765625,16.609375,16.046875
48	5	279	0.026966	279,578,7295,2225,2100,27315,5370,3892	20.734375,16.109375,14.796875,14.570312,14.265625,13.945312,13.695312,13.382812
48	6	46506	8.233021	16591,1708,2100,27315,13566,5165,29514,27453	15.656250,15.156250,14.617188,14.406250,14.109375,14.031250,13.179688,12.781250
48	7	27315	0.095980	27315,34596,17979,304,520,323,12669,38571	18.390625,15.226562,13.281250,13.265625,13.007812,12.882812,12.804688,12.578125
49	0	304	0.199530	304,1174,323,662,2652,320,220,520	20.140625,17.812500,16.843750,16.781250,15.023438,14.812500,14.562500,14.554688
49	1	72098	0.756027	72098,36937,7295,279,61125,45039,41406,220	17.000000,15.843750,14.593750,14.351562,14.007812,13.710938,13.648438,13.632812
49	2	323	1.383720	662,323,1174,2652,16853,304,220,320	19.187500,18.671875,18.281250,16.921875,16.328125,16.234375,15.523438,14.820312
49	3	279	0.900660	279,520,1243,3010,304,1101,59335,6476	16.843750,16.203125,15.046875,14.851562,14.531250,14.460938,13.742188,13.562500
49	4	11258	6.517783	27315,16591,13566,2100,1708,4418,5165,5767	13.546875,13.445312,13.421875,13.367188,12.867188,12.492188,12.109375,12.046875
49	5	1291	0.008762	1291,1435,596,89,42327,571,55039,425	21.109375,15.640625,14.609375,13.078125,12.898438,12.835938,12.601562,12.531250
49	6	39520	0.051668	39520,19853,27315,520,571,58274,662,18414	19.250000,15.453125,13.687500,13.171875,13.164062,12.882812,12.789062,12.757812
49	7	17367	0.019236	17367,27315,1174,52466,304,571,662,38829	21.031250,14.820312,14.773438,14.515625,14.476562,14.429688,14.398438,14.390625
50	0	304	0.162056	304,662,34596,27315,1174,2652,220,16853	20.937500,18.265625,17.562500,17.015625,16.921875,15.882812,15.164062,15.093750
50	1	7295	0.026155	7295,279,220,77475,264,89817,4410,48043	21.687500,17.312500,16.546875,14.773438,14.398438,14.015625,14.007812,13.578125
50	2	662	0.297031	662,1174,16853,2652,220,6905,304,323	19.484375,17.046875,16.921875,16.656250,15.640625,15.281250,15.031250,14.960938
50	3	1283	2.863884	763,426,1283,8563,720,624,510,220	16.156250,15.062500,14.273438,13.820312,13.640625,13.562500,13.492188,13.359375
50	4	574	3.198248	9922,6476,1047,1101,706,574,59335,1243	18.750000,18.531250,18.171875,18.109375,17.187500,17.093750,16.984375,16.796875
50	5	15910	6.082748	6445,1101,264,39048,304,1243,279,961	17.000000,16.703125,16.031250,15.031250,14.742188,14.640625,14.476562,14.257812
50	6	555	0.046976	555,304,571,16662,323,369,311,1578	21.875000,18.421875,15.984375,15.445312,15.398438,15.171875,15.085938,14.734375
50	7	3842	4.658566	279,8096,6941,22021,13142,24565,21077,32618	13.835938,12.250000,12.226562,12.125000,12.109375,12.101562,12.039062,11.992188
51	0	68573	0.927369	68573,98991,83108,95941,10608,52034,27839,45677	15.023438,14.046875,12.414062,12.312500,12.187500,12.007812,11.992188,11.554688
51	1	323	1.336983	323,1174,662,304,889,16853,2652,220	18.937500,18.828125,18.640625,18.125000,17.328125,16.484375,16.312500,16.125000
51	2	59335	1.318691	59335,6476,9922,279,1047,1080,574,10887	16.312500,15.476562,14.921875,14.750000,14.429688,14.320312,14.312500,14.218750
51	3	16662	0.117046	16662,449,304,3235,439,14329,1174,30488	20.312500,16.921875,16.890625,16.359375,15.312500,15.265625,13.750000,13.562500
51	4	7505	4.584131	20142,12360,4488,1023,8529,279,24577,7505	15.578125,13.859375,13.570312,12.890625,12.750000,12.703125,12.242188,12.148438
51	5	1254	0.904442	1254,33267,50635,38747,356,426,44954,39274	15.695312,14.343750,13.632812,13.500000,13.070312,12.898438,12.789062,12.437500
51	6	819	0.001932	819,1468,285,36040,321,11218,16438,1706	23.250000,14.851562,14.843750,14.671875,13.976562,13.710938,13.656250,13.578125
51	7	675	0.000036	675,8805,85277,14406,1384,10196,6513,363	29.468750,18.671875,17.703125,15.921875,15.632812,15.429688,15.414062,14.906250
52	0	1174	1.996416	323,662,1174,304,16853,2652,220,439	20.125000,19.218750,18.750000,17.421875,16.609375,16.515625,15.820312,15.640625
52	1	51075	7.288174	4488,15469,889,323,432,7505,220,8563	14.421875,13.593750,13.382812,13.156250,12.718750,12.710938,12.632812,12.625000
52	2	1901	4.798948	47075,507,7867,55858,386,100074,38206,33107	14.046875,13.531250,13.281250,12.804688,12.375000,12.359375,12.070312,11.898438
52	3	12997	0.146709	12997,472,278,4010,648,10033,1693,1662	18.500000,15.671875,14.601562,13.921875,13.734375,13.046875,12.695312,12.570312
52	4	1174	1.432503	323,1174,220,320,612,662,571,574	21.156250,20.015625,16.093750,15.023438,14.375000,14.289062,13.507812,13.507812
52	5	14253	7.226274	323,4488,15469,220,6941,8529,432,7505	18.562500,13.992188,13.609375,13.523438,13.484375,13.179688,13.148438,13.015625
52	6	18206	11.503443	46296,41493,5250,350,386,7867,4584,1283	17.109375,16.437500,15.523438,14.734375,14.664062,13.937500,13.281250,13.250000
52	7	1174	1.050638	323,1174,263,12,439,662,16014,11	18.218750,17.796875,14.851562,13.953125,13.859375,13.671875,13.203125,13.046875
53	0	56230	8.636652	323,4488,6941,8529,15469,22021,7043,7505	17.406250,13.695312,13.289062,13.117188,12.984375,12.937500,12.867188,12.820312
53	1	24852	1.375765	7957,24852,473,362,4563,50723,1174,19178	15.843750,15.710938,14.664062,14.156250,12.601562,12.187500,12.148438,12.125000
53	2	417	0.033504	417,388,261,783,12841,5599,2392,657	20.328125,15.242188,14.718750,14.484375,14.476562,14.382812,14.031250,13.375000
53	3	1174	0.648855	1174,323,220,662,2652,320,482,13801	20.359375,20.218750,15.648438,15.601562,14.523438,14.414062,13.968750,13.601562
53	4	60410	6.697187	323,4488,6941,7505,15469,8529,22021,7043	16.625000,13.843750,13.226562,13.195312,13.171875,13.046875,13.007812,12.781250
53	5	81764	0.810612	81764,7777,44707,24008,432,26224,386,27738	16.375000,15.492188,13.960938,13.890625,13.757812,13.351562,13.085938,12.914062
53	6	323	0.704298	323,1174,662,220,320,2652,482,612	20.781250,20.765625,16.312500,15.648438,14.726562,14.507812,14.195312,14.023438
53	7	68134	6.253136	4488,7505,15469,3885,6941,8529,8563,3842	13.453125,13.320312,13.046875,13.000000,12.632812,12.609375,12.500000,12.343750
54	0	11166	9.715916	386,24421,4410,72497,11035,6914,14937,2009	16.046875,15.820312,13.921875,13.617188,13.390625,13.375000,13.328125,13.296875
54	1	662	0.397753	662,304,1174,16853,2652,439,220,49978	18.203125,15.945312,15.539062,15.257812,14.648438,14.148438,14.117188,14.101562
54	2	720	3.519579	763,426,1283,8563,720,220,284,510	16.140625,14.632812,14.109375,13.632812,13.523438,13.500000,13.445312,13.429688
54	3	763	3.891989	644,33,14196,35632,1548,419,74694,791	13.281250,12.593750,12.429688,11.726562,11.664062,11.429688,11.429688,11.320312
54	4	220	0.205734	220,279,5369,6186,813,5587,6287,6664	19.796875,17.531250,15.835938,15.046875,14.984375,14.812500,14.789062,14.789062
54	5	1049	0.155704	1049,679,220,2550,2366,508,510,279	20.296875,18.453125,14.203125,13.781250,13.125000,12.429688,11.585938,11.546875
54	6	21	0.902798	21,22,20,23,24,19,18,17	20.984375,20.562500,19.765625,19.531250,19.343750,17.546875,17.218750,16.671875
54	7	1174	1.723213	568,426,1174,8563,44662,220,279,482	18.625000,17.890625,17.859375,17.718750,15.015625,14.906250,14.898438,14.609375
55	0	426	0.827787	426,568,8563,279,44662,264,571,433	18.187500,17.671875,17.296875,15.304688,14.468750,14.218750,13.843750,13.585938
55	1	11206	0.000038	11206,5049,571,662,67948,5599,31258,583	26.593750,14.421875,14.132812,13.742188,13.687500,13.382812,13.195312,12.796875
55	2	466	0.000120	466,668,5153,783,4292,2002,58060,531	29.125000,20.015625,17.031250,14.703125,14.593750,14.343750,13.992188,13.757812
55	3	59335	2.696198	6476,9922,574,1047,59335,27212,3952,2834	19.015625,18.828125,18.078125,17.828125,17.734375,17.687500,17.031250,16.515625
55	4	16662	2.176046	304,439,16662,571,449,389,3235,14329	21.953125,20.921875,20.234375,17.453125,17.328125,16.406250,16.328125,16.296875
55	5	1254	10.540113	12360,20142,4488,24577,7505,8529,279,68134	14.750000,14.726562,14.187500,13.828125,13.617188,13.117188,13.007812,12.781250
55	6	819	0.012978	819,29400,285,1468,450,69935,1224,59919	21.500000,16.125000,14.312500,14.046875,13.890625,13.765625,13.421875,13.109375
55	7	675	0.001591	675,8805,365,10196,309,363,85277,6513	24.812500,17.593750,16.484375,16.281250,14.789062,14.578125,14.523438,14.500000
56	0	304	0.714891	304,323,1174,1578,3131,439,320,220	21.937500,21.359375,20.765625,19.796875,17.703125,17.453125,16.921875,16.671875
56	1	279	0.168039	279,264,44662,2500,578,459,330,26241	18.468750,15.562500,14.625000,14.414062,13.531250,13.125000,12.382812,12.304688
56	2	1514	1.751163	1514,34596,12707,16591,6566,5788,27315,7295	15.132812,14.617188,14.046875,14.023438,13.937500,13.898438,13.546875,13.453125
56	3	94836	12.781965	44662,330,578,1115,364,220,1174,362	13.570312,12.718750,12.554688,10.921875,10.718750,10.640625,10.523438,10.429688
56	4	5439	3.750343	520,1174,315,304,323,662,5439,2652	17.125000,16.375000,14.585938,14.429688,14.210938,14.164062,14.148438,13.968750
56	5	555	0.025297	555,323,571,369,1101,304,520,1578	22.546875,18.250000,16.953125,16.031250,15.648438,15.445312,15.398438,15.367188
56	6	4488	3.212538	22021,6941,4488,3842,323,18587,26241,77023	14.132812,13.421875,13.273438,12.914062,12.781250,12.773438,12.703125,12.562500
56	7	46207	0.537680	46207,507,1443,33104,1283,2009,44632,32580	15.929688,13.226562,12.906250,12.593750,12.007812,12.007812,11.804688,11.601562
57	0	28607	0.000366	28607,43341,76423,71,8270,6798,24898,1174	26.296875,17.906250,16.765625,15.046875,14.953125,14.281250,13.906250,13.453125
57	1	662	2.016375	1174,520,323,662,2652,902,220,304	20.281250,19.609375,19.484375,19.234375,18.203125,17.125000,16.843750,16.718750
57	2	1283	2.064644	763,1115,1283,578,720,426,220,1102	16.562500,15.843750,15.757812,15.312500,15.101562,14.875000,14.460938,14.289062
57	3	9922	1.656982	6476,9922,1047,1101,574,1243,59335,27212	19.125000,19.015625,18.609375,18.453125,18.109375,17.531250,17.406250,16.953125
57	4	389	2.519005	304,439,389,16662,449,520,571,1578	21.203125,19.593750,19.046875,18.062500,17.343750,17.265625,16.406250,15.539062
57	5	264	5.322010	279,12707,6566,4264,220,578,18588,264	18.546875,18.234375,18.171875,15.335938,14.851562,14.656250,14.578125,14.226562
57	6	220	1.774338	220,12707,18588,9417,13740,18584,6566,1396	14.992188,14.625000,14.226562,14.093750,13.507812,13.132812,13.000000,12.843750
57	7	1049	0.267986	1049,679,2550,17,18,571,21,966	18.484375,16.640625,14.132812,13.601562,13.421875,13.406250,13.289062,13.093750
58	0	21	1.489477	22,21,23,24,20,19,18,17	22.000000,21.093750,20.421875,19.562500,18.546875,17.828125,17.750000,17.671875
58	1	9417	0.460493	9417,12707,18588,14002,9063,18584,482,13740	17.125000,15.000000,14.070312,13.539062,13.335938,13.242188,13.148438,12.937500
58	2	315	0.015362	315,571,320,220,389,330,1174,2663	21.546875,15.976562,15.414062,14.937500,14.820312,14.562500,14.109375,13.796875
58	3	279	0.153170	279,578,54943,19150,16071,6460,330,20819	18.265625,15.015625,14.601562,13.039062,12.789062,12.750000,12.656250,12.414062
58	4	12707	0.472631	12707,18588,8013,94455,13740,6593,6007,5526	17.734375,16.062500,14.781250,14.531250,14.460938,14.054688,13.960938,13.640625
58	5	4101	0.186468	4101,20156,1501,18629,25999,23160,2068,9977	20.125000,17.515625,17.312500,16.156250,15.468750,15.390625,15.117188,14.390625
58	6	1174	5.859727	54943,578,89017,16071,49922,19150,1561,220	14.226562,13.023438,12.664062,12.601562,12.460938,12.242188,11.835938,11.789062
58	7	54943	1.962523	54943,578,220,330,3092,279,1561,49922	13.210938,12.226562,12.078125,11.804688,11.593750,11.375000,11.171875,11.171875
59	0	1174	1.295822	662,1174,2652,439,323,220,304,16853	18.046875,17.515625,15.921875,15.226562,15.085938,15.039062,14.625000,14.398438
59	1	8272	5.230932	323,439,5737,304,220,1405,40500,449	17.250000,17.125000,17.125000,15.898438,15.632812,15.437500,14.765625,14.640625
59	2	555	0.043188	555,304,20193,264,571,709,279,449	22.171875,18.046875,16.953125,16.296875,16.203125,15.898438,15.710938,15.562500
59	3	264	0.570642	264,459,27351,2500,279,8810,40500,13073	19.031250,17.453125,16.640625,16.578125,16.234375,16.109375,16.031250,15.484375
59	4	3560	1.791376	220,8810,3560,40500,61808,46350,961,4726	18.812500,18.421875,18.015625,17.453125,15.054688,14.945312,14.828125,14.531250
59	5	304	0.375053	304,439,389,571,315,220,16662,320	22.000000,20.546875,20.343750,17.562500,15.898438,15.750000,15.515625,15.375000
59	6	279	0.174145	279,264,220,459,2500,578,330,54943	19.187500,16.515625,16.046875,15.328125,15.156250,14.148438,13.085938,13.054688
59	7	220	0.772047	220,12707,1514,9417,18588,34596,1890,13740	17.843750,17.062500,15.820312,15.289062,15.289062,14.578125,14.500000,14.085938
60	0	1049	0.033319	1049,679,508,220,2550,17,966,18	20.687500,17.062500,12.875000,12.843750,12.437500,12.429688,12.375000,12.171875
60	1	22	0.283094	22,23,21,24,20,19,18,16	22.500000,20.875000,19.953125,19.453125,16.125000,15.234375,14.820312,14.601562
60	2	34596	3.143629	12707,9417,1514,34596,4632,5788,18588,4101	17.328125,17.140625,15.382812,15.195312,15.000000,14.921875,14.484375,14.289062
60	3	5788	0.049788	5788,54248,1514,5178,34185,6566,1501,24601	21.375000,17.203125,17.156250,16.171875,15.234375,15.031250,14.710938,14.562500
60	4	315	0.085800	315,330,1174,578,220,364,520,721	18.031250,13.281250,13.273438,13.085938,11.773438,11.656250,11.593750,11.273438
60	5	2650	7.865366	279,578,330,44662,42482,6941,26241,3842	15.898438,13.828125,12.312500,11.281250,11.242188,11.210938,11.210938,11.187500
60	6	311	1.397034	311,12838,279,3234,10180,648,21114,75	15.992188,15.320312,14.875000,14.765625,14.757812,14.046875,13.984375,13.945312
60	7	71727	3.024614	23588,13969,387,2175,2893,71727,14549,29878	14.062500,14.031250,13.851562,13.851562,13.679688,13.343750,13.164062,12.812500
61	0	15910	4.196314	1174,5439,662,555,520,304,902,15910	16.890625,16.265625,15.601562,15.453125,15.015625,14.968750,13.890625,13.773438
61	1	555	0.008154	555,571,323,520,1578,369,304,1174	22.187500,16.156250,15.781250,14.640625,14.437500,13.710938,13.640625,13.632812
61	2	28978	6.283497	3842,4488,22021,323,279,6941,32618,8096	13.906250,13.492188,13.367188,12.984375,12.843750,12.734375,12.687500,12.656250
61	3	648	0.591639	648,6672,473,3817,375,6151,8047,325	18.812500,18.546875,14.226562,14.078125,13.132812,12.625000,12.093750,11.898438
61	4	432	1.120632	432,37828,28574,16844,666,423,23074,11355	15.398438,15.000000,13.890625,13.734375,13.203125,12.757812,12.640625,12.546875
61	5	85534	0.000801	85534,19519,532,1605,373,7403,632,525	23.296875,14.312500,14.109375,13.742188,13.625000,12.859375,12.851562,12.234375
61	6	662	0.742205	662,323,520,1174,220,2652,16853,304	19.734375,19.015625,18.218750,17.921875,16.500000,16.468750,16.078125,15.851562
61	7	2650	7.924406	763,720,1283,426,220,578,8563,4815	17.140625,15.898438,15.828125,15.507812,14.625000,14.148438,14.125000,13.882812
62	0	311	0.038671	311,2057,571,656,1550,648,1690,574	20.359375,15.906250,14.570312,13.890625,13.835938,13.507812,13.304688,13.281250
62	1	71727	0.021292	71727,41100,70819,571,387,220,47075,356	20.625000,15.062500,14.039062,14.000000,13.757812,13.539062,13.312500,13.046875
62	2	574	0.885469	574,374,6476,85170,1174,1047,1101,15109	17.750000,16.828125,15.437500,15.187500,15.070312,15.062500,14.671875,14.593750
62	3	10887	0.958536	10887,264,5439,3196,279,1101,8272,9124	17.921875,16.843750,16.046875,15.992188,15.710938,15.500000,15.140625,15.085938
62	4	520	0.185534	520,304,555,389,571,369,439,449	21.890625,19.625000,18.625000,17.718750,17.093750,16.390625,16.375000,16.312500
62	5	14409	11.728727	279,578,27315,2225,7295,42482,2100,5370	21.125000,15.867188,14.531250,14.507812,14.382812,13.890625,13.734375,13.273438
62	6	27315	0.029902	27315,34596,4783,49565,21878,38571,11166,27109	20.703125,15.937500,14.898438,14.554688,14.437500,14.359375,14.328125,14.078125
62	7	304	0.343592	304,323,662,1174,2652,7295,220,320	19.796875,17.843750,17.531250,17.140625,15.312500,15.171875,15.093750,14.703125
63	0	279	5.326376	7295,220,279,4410,14409,59646,473,9909	21.765625,16.546875,16.468750,16.390625,15.359375,15.257812,15.023438,14.718750
63	1	7295	1.115660	7295,4410,6560,3723,7474,9909,6460,4409	16.031250,15.617188,14.328125,13.656250,13.460938,13.078125,12.843750,12.765625
63	2	85303	1.650988	85303,662,4410,66841,323,3158,34596,9474	15.664062,15.539062,14.882812,14.804688,14.765625,14.406250,14.265625,14.125000
63	3	315	0.004217	315,82,5046,323,662,1174,571,7295	22.593750,16.125000,14.656250,14.406250,14.195312,13.828125,13.812500,13.429688
63	4	473	0.061899	473,96833,469,48043,32402,36082,7295,83568	20.750000,16.250000,16.234375,16.000000,15.875000,15.296875,15.023438,14.382812
63	5	43157	0.010115	43157,1656,3329,9162,5599,4214,4786,531	23.593750,18.843750,16.984375,13.070312,12.078125,11.835938,11.671875,11.500000
63	6	44774	0.000246	44774,3258,76,411,1800,662,2465,71	25.125000,15.625000,14.789062,14.757812,13.945312,13.335938,13.117188,12.976562
63	7	323	0.052025	323,662,612,304,1174,2652,719,220	19.984375,15.703125,15.695312,14.734375,13.976562,13.664062,13.460938,13.359375
64	0	48550	0.005293	48550,8797,7295,279,48043,662,30353,220	22.781250,17.015625,14.507812,14.281250,13.953125,13.664062,13.648438,13.601562
64	1	5721	0.000004	5721,74593,28400,71,81667,10118,35401,40617	29.515625,15.343750,15.335938,15.234375,15.140625,14.445312,14.218750,14.015625
64	2	662	0.544456	662,323,1174,16853,2652,304,220,320	19.250000,18.234375,17.125000,15.976562,15.960938,15.882812,15.578125,14.390625
64	3	426	2.404791	763,720,426,1283,220,8563,578,4815	16.531250,16.093750,15.328125,15.242188,14.500000,14.429688,14.273438,13.695312
64	4	11206	0.000120	11206,24889,5049,67948,571,1098,619,31	24.875000,13.820312,13.601562,13.429688,12.914062,12.679688,12.554688,12.445312
64	5	466	0.000204	466,376,5153,66467,668,1169,424,1565	29.500000,20.640625,18.781250,18.578125,17.968750,16.562500,16.546875,15.710938
64	6	59335	2.931713	9922,6476,1047,1101,574,364,59335,27212	18.265625,17.906250,17.703125,17.437500,17.296875,17.140625,17.000000,16.968750
64	7	304	1.959265	16662,304,439,449,3235,14329,1174,1578	21.296875,19.593750,18.343750,17.343750,16.937500,15.929688,15.617188,15.351562
65	0	1403	5.512457	279,264,220,2500,459,420,578,2650	18.031250,15.796875,14.593750,13.851562,13.820312,13.304688,12.953125,12.953125
65	1	12631	5.766466	18243,220,11335,12707,34596,54248,8821,6566	17.484375,16.593750,15.867188,15.390625,15.335938,14.929688,14.531250,14.289062
65	2	304	1.111994	304,551,6004,1174,482,2391,2652,323	17.312500,16.656250,16.265625,16.156250,15.406250,14.710938,14.250000,14.242188
65	3	220	0.025940	220,279,420,1174,902,720,198,430	22.359375,18.390625,15.546875,14.765625,14.742188,14.562500,14.492188,14.421875
65	4	1049	0.115652	1049,679,2550,220,551,510,17,1174	20.562500,18.421875,13.031250,12.726562,12.187500,12.171875,12.039062,11.921875
65	5	23	1.047583	22,23,24,21,20,19,18,17	22.062500,21.703125,20.671875,18.375000,17.156250,16.265625,15.937500,15.703125
65	6	1174	1.578369	551,1174,482,220,662,2652,2001,323	18.187500,17.250000,16.062500,15.898438,15.398438,15.078125,15.070312,14.273438
65	7	6187	8.330523	279,578,330,5737,220,482,832,32125	12.132812,11.515625,10.703125,10.671875,10.601562,10.242188,10.156250,10.125000
66	0	4238	1.112225	4238,315,18811,3861,323,220,13625,1174	16.203125,15.679688,14.976562,14.937500,14.648438,14.546875,12.921875,12.445312
66	1	4997	0.195272	4997,49538,323,1174,58779,14324,44214,320	17.890625,15.273438,14.804688,14.195312,13.273438,13.257812,12.398438,12.234375
66	2	31304	0.080532	31304,655,1941,9745,7881,2788,11284,62386	27.468750,24.828125,23.078125,18.578125,15.515625,14.296875,13.585938,13.164062
66	3	555	7.547344	323,220,320,40500,1174,15910,449,571	19.640625,16.593750,16.515625,16.265625,16.140625,15.375000,15.242188,15.031250
66	4	57337	6.678075	8096,7690,279,7043,6941,15341,13929,220	13.140625,13.070312,12.554688,12.468750,12.031250,11.773438,11.351562,11.304688
66	5	12366	10.278360	8096,15341,6941,22021,8563,33699,9052,15469	13.898438,13.656250,13.445312,13.406250,13.007812,13.007812,12.835938,12.593750
66	6	2009	0.490435	2009,23109,59254,1901,67961,735,393,38642	16.671875,15.820312,12.687500,12.421875,11.804688,11.773438,11.750000,11.671875
66	7	546	0.196932	546,544,288,21446,19568,53377,35515,88873	18.640625,16.765625,13.789062,13.570312,13.218750,13.210938,12.640625,12.281250
67	0	72	3.851757	3422,64044,285,99355,72,85342,43686,61489	18.265625,17.156250,16.656250,14.960938,14.937500,14.359375,13.859375,13.601562
67	1	1174	2.574976	323,3536,1174,220,320,2652,2836,3689	18.843750,18.062500,16.843750,16.015625,15.007812,14.351562,14.296875,14.226562
67	2	323	0.328114	323,220,8272,902,279,720,304,16662	16.375000,13.203125,12.992188,12.664062,12.632812,12.273438,12.218750,12.117188
67	3	4418	7.117794	279,578,304,220,1243,264,3234,2500	13.335938,12.304688,11.234375,10.875000,10.656250,10.609375,10.437500,10.210938
67	4	798	0.031019	798,10786,956,269,364,76952,4889,5422	19.468750,15.195312,14.789062,12.476562,12.453125,12.234375,11.828125,11.046875
67	5	54275	0.309280	54275,16576,662,15028,320,21266,1174,364	16.515625,13.968750,13.437500,13.406250,12.062500,11.976562,11.773438,11.726562
67	6	15910	1.864544	555,15910,1174,662,40500,902,220,2652	18.078125,17.156250,16.828125,16.671875,15.429688,15.296875,14.968750,14.945312
67	7	555	0.008408	555,571,323,220,1101,1174,1578,720	22.234375,16.406250,15.718750,14.117188,14.062500,14.054688,14.031250,13.843750
68	0	12225	6.025871	435,279,1443,220,96657,34221,2009,7690	14.609375,14.515625,12.445312,12.351562,12.265625,12.242188,12.085938,11.976562
68	1	398	0.000214	398,2642,9109,402,33920,3520,61492,63855	24.031250,14.976562,13.250000,12.156250,12.015625,11.523438,11.437500,11.156250
68	2	89453	0.125156	89453,25953,13926,74605,473,9259,96782,22410	17.968750,14.914062,14.601562,13.453125,12.960938,12.359375,12.085938,11.664062
68	3	662	0.337248	662,1174,2652,220,323,16853,482,304	19.625000,17.531250,17.234375,16.281250,16.125000,16.078125,14.578125,14.523438
68	4	763	1.288683	763,720,1283,220,578,426,8563,510	16.312500,16.000000,15.820312,14.632812,14.046875,13.976562,13.484375,13.476562
68	5	3297	6.650551	220,279,5369,4418,430,2225,420,6186	20.359375,18.406250,16.546875,15.453125,14.976562,14.937500,14.882812,14.726562
68	6	220	0.049847	220,315,1174,323,571,482,430,720	22.296875,18.859375,16.953125,16.718750,16.125000,16.093750,15.359375,14.921875
68	7	1049	0.245235	1049,679,2550,2366,220,315,16,17	21.187500,19.875000,14.226562,14.179688,13.773438,13.414062,13.093750,12.898438
69	0	23	0.591843	23,24,22,21,20,19,16,15	23.406250,23.140625,20.015625,17.671875,16.656250,15.921875,15.804688,15.570312
69	1	1174	0.505510	1174,568,426,8563,279,433,220,264	19.328125,18.421875,17.093750,16.093750,14.984375,14.937500,14.593750,14.437500
69	2	426	1.624708	568,426,8563,279,433,264,720,813	19.015625,17.812500,16.468750,15.546875,15.062500,14.585938,14.445312,13.882812
69	3	11206	0.000107	11206,5049,583,5599,8083,5849,67948,24889	26.109375,14.671875,14.523438,14.468750,14.023438,13.937500,13.937500,13.851562
69	4	466	0.000042	466,668,700,655,1820,339,5153,424	29.625000,18.796875,17.984375,17.062500,16.375000,16.281250,16.062500,15.773438
69	5	1903	3.696651	9922,6476,59335,27212,574,1047,11096,3952	18.343750,18.031250,17.593750,17.484375,17.375000,17.218750,16.515625,16.484375
69	6	264	0.696440	264,813,459,27351,279,8810,1403,571	20.625000,20.140625,19.187500,17.546875,16.703125,16.578125,16.281250,15.867188
69	7	8810	0.228415	8810,12707,95156,10015,832,6566,471,3361	18.812500,15.820312,14.984375,14.953125,14.398438,14.156250,13.828125,13.781250
70	0	11341	0.173552	11341,571,40500,3560,482,6917,198,27351	20.875000,18.515625,17.546875,17.312500,15.664062,15.484375,14.484375,14.320312
70	1	389	0.385950	389,304,439,571,520,315,369,1174	22.515625,21.468750,20.046875,18.203125,16.921875,16.406250,16.062500,16.062500
70	2	264	4.162598	279,459,264,578,48183,54943,19150,16071	19.671875,16.671875,15.648438,15.148438,14.968750,14.750000,14.187500,14.078125
70	3	1403	6.098305	220,12707,9417,18588,6007,19150,54943,4101	17.406250,16.312500,16.296875,14.773438,14.320312,14.304688,14.304688,13.914062
70	4	571	3.040630	482,29137,961,12,571,9417,18243,21925	18.328125,17.640625,17.078125,16.250000,16.109375,15.773438,14.781250,14.156250
70	5	12	0.133911	12,482,961,4581,9417,4248,571,313	17.875000,14.617188,13.578125,13.312500,13.265625,13.109375,12.679688,12.226562
70	6	31	0.824953	31,4581,40391,571,9417,961,752,482	16.640625,16.375000,15.242188,13.390625,13.000000,12.968750,12.453125,11.867188
70	7	961	0.615904	961,12,9417,482,571,6596,4581,9568	18.125000,17.437500,15.695312,15.445312,14.578125,14.546875,14.343750,13.804688
71	0	9417	0.591364	9417,12707,4101,3361,51728,20156,3446,220	17.875000,16.843750,15.343750,15.203125,14.468750,14.359375,13.867188,13.804688
71	1	15952	8.813536	315,330,2663,389,320,1174,4101,304	19.312500,15.265625,15.203125,15.132812,14.796875,14.718750,14.632812,14.390625
71	2	315	0.340523	315,389,304,369,1174,320,330,25891	19.765625,18.171875,17.484375,15.492188,15.445312,15.117188,14.867188,14.789062
71	3	279	0.049866	279,578,54943,16071,19150,264,7658,18588	20.046875,15.796875,15.039062,14.000000,13.773438,13.539062,13.328125,13.328125
71	4	12707	0.343264	12707,18588,94455,8013,13740,1317,5526,19150	18.468750,16.328125,15.351562,15.109375,14.875000,14.210938,14.171875,14.023438
71	5	4101	0.137983	4101,20156,1501,18629,27883,23160,571,6275	20.640625,18.125000,17.015625,16.046875,15.328125,15.140625,15.125000,14.148438
71	6	468	5.715185	54943,578,1174,6460,220,14937,19150,4923	13.570312,13.281250,12.382812,12.304688,12.062500,11.929688,11.882812,11.875000
71	7	1802	0.086777	1802,6310,952,15386,4977,19011,25662,1924	18.125000,14.804688,14.218750,12.421875,12.281250,11.914062,11.843750,11.750000
72	0	279	0.008526	279,578,259,3216,662,1174,389,220	22.687500,17.734375,14.132812,13.976562,13.546875,13.234375,13.203125,13.164062
72	1	15371	0.015799	15371,4987,24830,29420,198,662,5710,79169	22.140625,17.843750,14.429688,13.523438,13.367188,13.343750,13.210938,13.000000
72	2	1174	2.306826	662,1174,304,2652,220,16853,323,389	18.546875,16.843750,16.453125,16.343750,15.804688,15.500000,15.039062,15.039062
72	3	8272	2.670523	5737,40500,323,8272,902,304,439,16662	16.375000,15.757812,15.710938,15.445312,15.414062,15.351562,14.820312,14.515625
72	4	555	0.055393	555,304,20193,264,571,3010,7214,449	22.343750,18.671875,17.031250,16.734375,16.625000,16.328125,16.312500,15.960938
72	5	459	2.962723	264,40500,2500,459,27351,279,813,8810	19.843750,17.687500,17.546875,17.328125,16.796875,16.531250,16.390625,16.218750
72	6	11341	0.253790	11341,9417,571,6287,653,15718,220,5936	20.671875,19.015625,16.171875,15.945312,15.804688,15.734375,15.406250,15.281250
72	7	389	0.544085	389,304,439,571,520,315,449,220	22.546875,22.109375,19.281250,17.968750,17.546875,16.734375,16.437500,16.343750
73	0	279	0.628683	279,264,459,2500,578,220,54943,48183	17.828125,16.953125,15.796875,15.203125,13.984375,13.695312,13.445312,13.226562
73	1	12707	0.929701	12707,220,18588,13740,8013,9417,94455,1890	17.140625,16.390625,15.382812,14.187500,14.156250,13.914062,13.882812,13.609375
73	2	4101	0.230289	4101,1501,20156,18629,25999,571,23160,2068	19.765625,17.140625,16.843750,16.515625,15.539062,15.414062,15.148438,14.664062
73	3	29878	5.344235	54943,578,220,386,469,6460,1174,7658	12.945312,12.804688,12.148438,11.820312,11.789062,11.781250,11.632812,11.593750
73	4	86493	0.198702	86493,2299,535,344,2270,18734,1924,43672	21.750000,20.093750,17.984375,16.390625,13.398438,13.117188,11.929688,11.679688
73	5	304	0.655367	304,662,1174,220,571,2652,439,389	18.562500,17.718750,16.234375,15.476562,15.335938,15.140625,14.898438,14.593750
73	6	6841	4.238123	220,279,5651,5887,6664,6287,264,6841	22.500000,20.296875,19.515625,18.921875,18.921875,18.875000,18.703125,18.578125
73	7	220	0.303646	220,315,662,430,571,1174,279,323	22.390625,21.171875,18.250000,17.968750,17.812500,16.765625,16.687500,16.671875
74	0	1049	0.020914	1049,679,12171,220,315,17,16,12652	21.531250,17.515625,13.601562,13.367188,13.359375,12.578125,12.546875,12.148438
74	1	23	0.027258	23,24,22,21,20,15,19,16	25.046875,21.390625,18.078125,17.765625,15.203125,14.039062,13.640625,13.312500
74	2	662	0.253605	662,16853,571,1174,220,2652,6905,323	19.265625,16.343750,16.140625,15.914062,15.789062,15.390625,15.351562,14.875000
74	3	1283	2.040382	763,720,1283,426,220,571,8563,4815	16.796875,16.453125,15.882812,15.023438,14.187500,14.164062,14.164062,14.062500
74	4	1047	2.144316	9922,6476,1047,59335,574,27212,1101,1903	19.000000,18.406250,18.234375,18.062500,17.640625,17.562500,17.531250,17.031250
74	5	264	0.256485	264,40500,13073,2500,8810,459,279,1403	20.406250,18.015625,17.375000,16.781250,16.421875,16.281250,16.140625,15.671875
74	6	46350	3.071756	40500,3560,8810,46350,12899,9099,1925,220	18.734375,18.406250,18.140625,16.734375,16.187500,15.679688,15.273438,15.171875
74	7	3560	0.241045	3560,8810,40500,571,1174,6445,12899,198	20.015625,17.984375,17.250000,16.859375,14.226562,13.976562,13.914062,13.593750
75	0	304	1.086922	389,304,439,571,505,315,2391,1174	20.984375,20.718750,20.031250,17.265625,16.953125,16.343750,16.312500,16.234375
75	1	5899	11.415581	279,220,264,578,54943,3280,13740,1403	20.062500,16.718750,14.851562,13.875000,13.257812,13.093750,13.078125,12.859375
75	2	18243	0.252201	18243,571,220,9417,315,704,5596,24871	19.562500,17.812500,16.437500,15.203125,14.812500,14.507812,13.937500,13.710938
75	3	315	0.066479	315,571,304,389,439,320,505,1174	21.656250,17.343750,17.125000,17.109375,16.484375,16.234375,16.000000,16.000000
75	4	279	0.059933	279,578,220,468,54943,264,14937,16071	19.156250,14.171875,13.757812,13.421875,13.343750,13.125000,12.937500,12.835938
75	5	12707	0.446426	12707,220,18588,94455,4101,13740,8013,20156	18.375000,16.718750,16.140625,14.937500,14.062500,14.054688,14.039062,13.773438
75	6	4101	0.079243	4101,20156,571,1501,18629,23160,27883,6275	20.875000,17.921875,15.976562,15.906250,14.960938,14.382812,13.867188,13.695312
75	7	49922	3.447978	578,21256,54943,14937,468,7658,49922,220	13.031250,12.703125,12.625000,12.406250,12.390625,12.257812,12.226562,12.203125
76	0	1919	0.000278	1919,88,29646,44110,13892,10,489,14221	23.750000,13.617188,13.562500,13.500000,13.078125,12.828125,12.531250,12.117188
76	1	304	0.732344	304,505,1990,1174,439,6041,571,2391	18.875000,17.656250,17.156250,16.515625,16.015625,16.015625,15.757812,15.718750
76	2	220	0.029699	220,279,3389,6790,6186,6841,4216,6664	23.078125,18.937500,16.875000,16.625000,16.312500,16.265625,16.171875,15.406250
76	3	679	1.603029	1049,679,220,2550,17,2366,323,508	20.218750,18.843750,12.562500,12.250000,11.281250,11.203125,11.023438,11.007812
76	4	15	0.338778	15,16,17,18,19,20,21,22	23.453125,22.031250,20.937500,20.328125,19.421875,18.937500,17.781250,17.234375
76	5	1174	1.830219	662,1174,323,482,571,16853,220,439	17.609375,17.015625,16.921875,16.437500,16.437500,15.148438,15.078125,14.812500
76	6	439	3.312454	323,5737,8272,220,439,1405,26449,1243	16.593750,16.390625,16.375000,15.437500,14.968750,14.718750,14.703125,14.664062
76	7	330	2.972260	1664,264,279,330,2999,29517,571,1719	14.789062,14.210938,14.070312,13.328125,12.687500,12.070312,12.054688,11.460938
77	0	735	5.959242	29517,2999,8683,4997,36857,4488,18747,6812	13.101562,12.359375,12.312500,12.265625,12.000000,11.906250,11.898438,11.851562
77	1	40608	2.626570	82481,5230,40608,16414,9188,575,1291,402	15.429688,14.890625,14.015625,13.898438,12.656250,12.578125,12.343750,12.296875
77	2	69168	6.560749	330,23074,364,10690,423,34131,662,52294	16.953125,15.195312,14.726562,13.812500,13.664062,13.421875,13.382812,13.101562
77	3	330	0.080256	330,662,1174,571,6360,2652,6058,482	19.765625,16.125000,15.421875,14.335938,14.062500,13.921875,13.804688,13.718750
77	4	662	0.765751	662,1174,16853,220,2652,323,571,6905	17.703125,16.906250,15.390625,15.328125,15.226562,15.070312,14.226562,14.195312
77	5	426	2.133657	763,720,426,1283,8563,220,571,4815	16.453125,15.820312,15.570312,15.343750,14.726562,14.421875,13.984375,13.914062
77	6	11206	0.000229	11206,571,40437,220,24889,482,31,3514	24.625000,15.390625,13.039062,12.804688,12.773438,12.664062,12.648438,12.335938
77	7	466	0.000782	466,1565,700,668,424,655,531,5153	25.359375,16.734375,16.125000,16.093750,15.820312,15.335938,15.125000,15.125000
78	0	59335	2.673609	9922,1047,6476,1101,59335,27212,574,1903	18.218750,17.703125,17.687500,17.125000,17.109375,16.906250,16.812500,16.625000
78	1	304	0.589247	304,16662,439,449,389,571,3235,1174	20.890625,20.281250,19.156250,16.781250,16.734375,16.500000,16.000000,15.890625
78	2	279	0.317915	279,264,1403,459,3116,2380,220,3892	17.906250,16.031250,14.945312,14.000000,13.843750,13.773438,13.546875,13.007812
78	3	220	0.847239	220,12707,1514,34596,4632,18588,6566,94455	17.171875,15.812500,15.375000,15.117188,14.859375,14.835938,13.687500,13.414062
78	4	679	0.072353	679,1049,2550,220,3753,17,2366,605	20.625000,17.890625,13.750000,12.960938,12.789062,12.679688,12.671875,12.640625
78	5	16	0.981281	16,15,17,18,19,20,21,22	22.312500,22.203125,21.453125,20.718750,19.750000,19.093750,17.921875,17.343750
78	6	4632	1.744011	12707,4632,34596,1514,18588,5788,9417,6566	16.171875,15.976562,15.851562,15.382812,14.546875,14.328125,13.820312,13.601562
78	7	25145	10.315419	578,1174,330,362,2650,6187,3092,4418	12.320312,11.789062,11.437500,10.484375,10.351562,10.304688,10.171875,10.164062
79	0	85375	0.756689	85375,73241,276,519,689,47228,1291,82	16.593750,16.000000,14.195312,14.062500,13.851562,13.757812,13.406250,13.281250
79	1	15910	2.449160	1174,220,323,15910,555,662,40500,16662	16.031250,15.445312,15.390625,15.375000,15.187500,14.937500,14.898438,14.570312
79	2	555	0.009724	555,571,1174,220,323,304,16662,369	22.265625,17.250000,14.359375,14.031250,13.914062,13.500000,13.468750,13.218750
79	3	12366	5.006145	11517,14596,4418,8563,26035,9589,435,4488	14.492188,14.335938,13.671875,13.445312,12.921875,12.187500,12.078125,11.945312
79	4	2009	0.022060	2009,323,17527,1901,514,23109,13972,17638	20.015625,13.757812,13.632812,13.617188,12.960938,12.882812,12.468750,12.445312
79	5	546	0.000259	546,21446,632,354,3935,10443,35515,688	26.203125,16.421875,16.343750,15.882812,15.078125,14.734375,14.562500,14.328125
79	6	72	0.001484	72,285,64044,3422,602,648,307,10462	24.265625,16.656250,15.445312,15.429688,14.648438,14.593750,14.203125,14.171875
79	7	662	0.977009	662,1174,323,220,2652,16853,6905,571	18.921875,18.609375,18.062500,17.109375,16.687500,15.820312,14.882812,14.734375
