kernel,class,roles,port_units,calls,calls_per_token,total_ns,avg_ns,share_pct
"void mlx::core::rocm::qmv_wide_kernel<__half, __half, 64, 4>(__half const*, unsigned char const*, __half const*, __half const*, __half*, int, int, int, bool)",qmv,,,20447,159.74,2832888679,138548,94.812
"void mlx::core::rocm::kernel_sdpav_1pass<__half, false, 128>(__half const*, __half const*, __half const*, __half*, __half const*, mlx::core::rocm::AttnParams)",sdpa,,,4064,31.75,63928915,15731,2.140
"void mlx::core::rocm::rms_norm_kernel<__half, 256, 4>(__half const*, __half const*, __half*, float, unsigned int, long)",rms_norm,add_rms_join;add_rms_join_post_attn,2063,8255,64.49,34238309,4148,1.146
"void mlx::core::rocm::binary_vv<mlx::core::rocm::Add, __half, __half, unsigned int, 4>(__half const*, __half const*, __half*, unsigned int)",binary,add_rms_join;add_rms_join_post_attn,2063,8128,63.5,16540628,2035,0.554
"void mlx::core::rocm::copy_gg_byval<__half, __half, long>(__half const*, __half*, long, mlx::core::rocm::hip_array<int, 10>, mlx::core::rocm::hip_array<long, 10>, mlx::core::rocm::hip_array<long, 10>, int)",copy,rope_append,2063,8256,64.5,15280116,1851,0.511
"void mlx::core::rocm::rope_single_freqs_1d<__half, false, true>(__half const*, __half*, int const*, float const*, float, long, unsigned int, unsigned int, long)",rope,rope_append,2063,8128,63.5,12891275,1586,0.431
"void mlx::core::rocm::Cf2ISigmoidADf2IBroadcastACEf2IBroadcastCAFf2IMultiplyDEGf2IBroadcastFBHf2IBroadcastBFIf2OMultiplyGH_VV_f2f2_6142509188972423790_contiguous<unsigned int, 16>(__half const*, __half const*, __half*, unsigned int)",compiled,,,4064,31.75,8863779,2181,0.297
"void mlx::core::rocm::arg_reduce_partial<__half, mlx::core::rocm::ArgMax<__half>, 256>(__half const*, __half*, unsigned int*, unsigned long, mlx::core::rocm::hip_array<int, 10>, mlx::core::rocm::hip_array<long, 10>, int, long, int, int)",arg_reduce,sampler_tail,2064,127,0.99,713374,5617,0.024
"void mlx::core::rocm::copy_v<__half, __half, unsigned int, 4>(__half const*, __half*, unsigned int)",copy,sampler_tail,2064,127,0.99,388288,3057,0.013
"void mlx::core::rocm::gather_rows_kernel<__half, int>(__half const*, int const*, __half*, long, unsigned int, int)",gather_scatter,,,254,1.98,370163,1457,0.012
"void mlx::core::rocm::gather_axis_kernel<__half, int, 1, true, true>(__half const*, int const*, __half*, long, long, long, mlx::core::rocm::hip_array<int, 10>, mlx::core::rocm::hip_array<long, 10>, mlx::core::rocm::hip_array<long, 10>, int, int, long, long)",gather_scatter,sampler_tail,2064,127,0.99,276394,2176,0.009
"void mlx::core::rocm::arg_reduce_final<__half, mlx::core::rocm::ArgMax<__half>, 256>(__half const*, unsigned int const*, unsigned int*, mlx::core::rocm::hip_array<int, 10>, mlx::core::rocm::hip_array<long, 10>, int, unsigned long, int)",arg_reduce,sampler_tail,2064,127,0.99,245578,1934,0.008
"void mlx::core::rocm::gather_rows_kernel<unsigned int, int>(unsigned int const*, int const*, unsigned int*, long, unsigned int, int)",gather_scatter,,,127,0.99,243372,1916,0.008
"void mlx::core::rocm::scatter_axis_kernel<__half, int, false, 1, true, true>(__half const*, int const*, __half*, long, long, long, mlx::core::rocm::hip_array<int, 10>, mlx::core::rocm::hip_array<long, 10>, mlx::core::rocm::hip_array<long, 10>, mlx::core::rocm::hip_array<long, 10>, int, int, long, long, long)",gather_scatter,sampler_tail,2064,127,0.99,237324,1869,0.008
"void mlx::core::rocm::binary_vv<mlx::core::rocm::Add, float, float, unsigned int, 4>(float const*, float const*, float*, unsigned int)",binary,sampler_tail,2064,127,0.99,199572,1571,0.007
"void mlx::core::rocm::copy_v<__half, float, unsigned int, 4>(__half const*, float*, unsigned int)",copy,sampler_tail,2064,127,0.99,187838,1479,0.006
"void mlx::core::rocm::affine_dequantize_packed_kernel<__half, 4>(unsigned char const*, __half const*, __half const*, __half*, unsigned long, int)",dequantize,,,127,0.99,144035,1134,0.005
"void mlx::core::rocm::copy_s<__half, __half, unsigned int, 4>(__half const*, __half*, unsigned int)",copy,,,64,0.5,132975,2078,0.004
"void mlx::core::rocm::copy_v<float, __half, unsigned int, 4>(float const*, __half*, unsigned int)",copy,sampler_tail,2064,127,0.99,124713,982,0.004
