"Name","Calls","TotalDurationNs","AverageNs","Percentage","MinNs","MaxNs","StdDev"
"void mlx::core::rocm::qmv_wide_kernel<__half, __half, 64, 4>(__half const*, unsigned char const*, __half const*, __half const*, __half*, int, int, int, bool)",23508,3258511471,138612.875234,73.13,58029,2252252,103423.935873
"Cijk_Alik_Bljk_HHS_BH_Bias_HA_S_SAV_UserArgs_MT80x128x64_MI16x16x1_SN_LDSB0_AFC1_AG0_AGGSUA0_AGNTAB0_AFEM1_AFEM1_ASEM1_BL1_BS1_CD1_1_CLR0_CLS0_CADS0_DTLA0_DTLB0_DTLM0_DTVA0_DTVB0_DTVMXSA0_DTVMXSB0_DTVSM0_DPLB0_EPS0_ELFLR0_EMLLn1_FDSI0_GRPM1_GRVWA8_GRVWB8_GSUAMB_GLS0_HPLR0_ISA1151_ICIW0_IU1_K1_LDSTI0_LBSPPA128_LBSPPB128_LBSPPMXSA0_LBSPPMXSB0_LBSPPM0_LPA8_LPB8_LPMXSA0_LPMXSB0_LPM0_LRVW16_LWPMn1_MIAV1_MIWT5_2_MXLIBL_MXSFNS_MO40_MGRIPM1_NTn1_NTA0_NTB0_NTC0_NTD0_NTE0_NTMXSA0_NTMXSB0_NTM0_NTWS0_NVn1_NVA0_NVB0_NVC0_NVD0_NVE0_NVMXSA0_NVMXSB0_NVM0_NVWS0_NEPBS0_NLCA1_NLCB1_ONLL1_PAP0_PGL0_PGR2_PLR0_PKA0_SGROB0_SIA1_SS1_SPO0_SRVW0_SSO0_SVW1_SK0_SKFTR0_SKFDPO0_SKWS0_SKXCCM0_SNLL0_SIP1_SGRO0_TDMI0_TDMIM0_TDMS0_TIN0_THn1_THA0_THB0_THC0_THD0_THE0_THMXSA0_THMXSB0_THM0_THWS0_TLDS1_TLDSM1_ULSGRO0_USL1_USLMX0_UDFMAC0_UIOFGRO0_UPLRP0_USFGROn1_USI0_VSn1_VWA1_VWB1_WSGRA0_WSGRB0_WS32_WG16_8_1_WGMXCC1",192,392570367,2044637.328125,8.81,1240886,2704791,486333.001609
"Cijk_Alik_Bljk_HHS_BH_Bias_HA_S_SAV_UserArgs_MT64x128x64_MI16x16x1_SN_LDSB0_AFC1_AG0_AGGSUA0_AGNTAB0_AFEM1_AFEM1_ASEM1_BL1_BS1_CD1_1_CLR0_CLS0_CADS0_DTLA0_DTLB0_DTLM0_DTVA0_DTVB0_DTVMXSA0_DTVMXSB0_DTVSM0_DPLB0_EPS0_ELFLR0_EMLLn1_FDSI0_GRPM1_GRVWA8_GRVWB8_GSUAMB_GLS0_HPLR0_ISA1151_ICIW0_IU1_K1_LDSTI0_LBSPPA128_LBSPPB128_LBSPPMXSA0_LBSPPMXSB0_LBSPPM0_LPA8_LPB8_LPMXSA0_LPMXSB0_LPM0_LRVW16_LWPMn1_MIAV1_MIWT4_2_MXLIBL_MXSFNS_MO40_MGRIPM1_NTn1_NTA0_NTB0_NTC0_NTD0_NTE0_NTMXSA0_NTMXSB0_NTM0_NTWS0_NVn1_NVA0_NVB0_NVC0_NVD0_NVE0_NVMXSA0_NVMXSB0_NVM0_NVWS0_NEPBS0_NLCA1_NLCB1_ONLL1_PAP0_PGL0_PGR2_PLR0_PKA0_SGROB0_SIA1_SS1_SPO0_SRVW0_SSO0_SVW1_SK0_SKFTR0_SKFDPO0_SKWS0_SKXCCM0_SNLL0_SIP1_SGRO0_TDMI0_TDMIM0_TDMS0_TIN0_THn1_THA0_THB0_THC0_THD0_THE0_THMXSA0_THMXSB0_THM0_THWS0_TLDS1_TLDSM1_ULSGRO0_USL1_USLMX0_UDFMAC0_UIOFGRO0_UPLRP0_USFGROn1_USI0_VSn1_VWA1_VWB1_WSGRA0_WSGRB0_WS32_WG16_8_1_WGMXCC1",128,237320750,1854068.359375,5.33,849072,3328921,855638.656923
"void mlx::core::rocm::affine_dequantize_packed_kernel<__half, 4>(unsigned char const*, __half const*, __half const*, __half*, unsigned long, int)",468,236550377,505449.523504,5.31,1162,1962119,485793.245738
"void mlx::core::rocm::kernel_sdpa_flash_wmma<__half, true, 128, 64, 64>(__half const*, __half const*, __half const*, __half*, float*, mlx::core::rocm::FAWmmaParams)",64,95079814,1485622.093750,2.13,1448356,1533034,18629.596051
"void mlx::core::rocm::kernel_sdpav_1pass<__half, false, 128>(__half const*, __half const*, __half const*, __half*, __half const*, mlx::core::rocm::AttnParams)",4672,67199330,14383.418236,1.51,8175,31500,1447.241482
"void mlx::core::rocm::rms_norm_kernel<__half, 256, 4>(__half const*, __half const*, __half*, float, unsigned int, long)",9620,46739725,4858.599272,1.05,3647,138580,8009.864878
"void mlx::core::rocm::binary_vv<mlx::core::rocm::Add, __half, __half, unsigned int, 4>(__half const*, __half const*, __half*, unsigned int)",9472,26354636,2782.372889,0.5915,1523,301525,6544.860245
"void mlx::core::rocm::copy_gg_byval<__half, __half, long>(__half const*, __half*, long, mlx::core::rocm::hip_array<int, 10>, mlx::core::rocm::hip_array<long, 10>, mlx::core::rocm::hip_array<long, 10>, int)",9792,23482207,2398.101205,0.5270,1001,176090,7785.133664
"void mlx::core::rocm::Cf2ISigmoidADf2IBroadcastACEf2IBroadcastCAFf2IMultiplyDEGf2IBroadcastFBHf2IBroadcastBFIf2OMultiplyGH_VV_f2f2_6142509188972423790_contiguous<unsigned int, 16>(__half const*, __half const*, __half*, unsigned int)",4736,19419893,4100.484164,0.4358,1683,244859,15806.780204
"void mlx::core::rocm::rope_single_freqs_1d<__half, false, true>(__half const*, __half*, int const*, float const*, float, long, unsigned int, unsigned int, long)",9344,15231463,1630.079516,0.3418,1082,10660,934.715642
"void mlx::core::rocm::copy_gg_byval<unsigned int, unsigned int, long>(unsigned int const*, unsigned int*, long, mlx::core::rocm::hip_array<int, 10>, mlx::core::rocm::hip_array<long, 10>, mlx::core::rocm::hip_array<long, 10>, int)",96,11960102,124584.395833,0.2684,26971,645810,139085.822829
"void mlx::core::rocm::rope_freqs<__half, false, true>(__half const*, __half*, int const*, float const*, float, float, mlx::core::rocm::hip_array<long, 3>, mlx::core::rocm::hip_array<long, 3>, long, int, HIP_vector_type<unsigned int, 3u>, long)",128,6480668,50630.218750,0.1454,9698,127760,38833.040938
"void mlx::core::rocm::copy_g_byval<__half, __half, long>(__half const*, __half*, long, mlx::core::rocm::hip_array<int, 10>, mlx::core::rocm::hip_array<long, 10>, int)",64,4404698,68823.406250,0.0989,63439,310743,30826.417261
"void mlx::core::rocm::contiguous_scan<float, float, mlx::core::rocm::Sum, 4, false, false>(float const*, float*, int)",148,4091345,27644.222973,0.0918,26129,135414,8988.056053
"void mlx::core::rocm::unary_v<mlx::core::rocm::Exp, float, float, unsigned int, 4>(float const*, float*, unsigned int)",148,986890,6668.175676,0.0221,6091,33302,2323.682858
"void mlx::core::rocm::ternary_g<mlx::core::rocm::Select, float, long, 4>(bool const*, float const*, float const*, float*, long, mlx::core::rocm::hip_array<int, 10>, mlx::core::rocm::hip_array<long, 10>, mlx::core::rocm::hip_array<long, 10>, mlx::core::rocm::hip_array<long, 10>, int)",148,708281,4785.682432,0.0159,4368,9538,606.327632
"void mlx::core::rocm::copy_v<__half, float, unsigned int, 4>(__half const*, float*, unsigned int)",296,605267,2044.820946,0.0136,1042,8416,983.610781
"mlx::core::rocm::rbitsc_kernel(unsigned int const*, unsigned char*, unsigned int, unsigned int, bool, unsigned int)",296,563666,1904.277027,0.0127,1242,10219,1208.508134
"void mlx::core::rocm::searchsorted_kernel<float, true>(float const*, float const*, unsigned int*, long, unsigned int, long)",148,523224,3535.297297,0.0117,2925,26530,2070.638642
"void mlx::core::rocm::gather_rows_kernel<__half, int>(__half const*, int const*, __half*, long, unsigned int, int)",296,514444,1737.986486,0.0115,1041,21601,1746.541918
"void mlx::core::rocm::all_reduce_kernel<float, float, mlx::core::rocm::Max, 4>(float const*, float*, unsigned long, unsigned long)",296,508073,1716.462838,0.0114,1122,9298,1096.541354
"void mlx::core::rocm::all_reduce_kernel<float, float, mlx::core::rocm::Sum, 4>(float const*, float*, unsigned long, unsigned long)",296,483813,1634.503378,0.0109,1082,6853,754.911520
"void mlx::core::rocm::copy_v<__half, __half, unsigned int, 4>(__half const*, __half*, unsigned int)",148,457663,3092.317568,0.0103,2484,12744,1146.736772
"void mlx::core::rocm::binary_vs<mlx::core::rocm::Subtract, float, float, unsigned int, 4>(float const*, float const*, float*, unsigned int)",148,397577,2686.331081,8.923e-03,2404,7614,721.865133
"void mlx::core::rocm::binary_ss<mlx::core::rocm::Equal, float, bool, unsigned int, 4>(float const*, float const*, bool*, unsigned int)",296,366540,1238.310811,8.226e-03,761,9177,1015.201173
"void mlx::core::rocm::binary_ss<mlx::core::rocm::Multiply, float, float, unsigned int, 4>(float const*, float const*, float*, unsigned int)",296,327043,1104.875000,7.340e-03,721,9778,824.011622
"void mlx::core::rocm::gather_axis_kernel<__half, int, 1, true, true>(__half const*, int const*, __half*, long, long, long, mlx::core::rocm::hip_array<int, 10>, mlx::core::rocm::hip_array<long, 10>, mlx::core::rocm::hip_array<long, 10>, int, int, long, long)",148,318154,2149.689189,7.140e-03,1603,6652,1107.816697
"void mlx::core::rocm::binary_vs<mlx::core::rocm::Equal, float, bool, unsigned int, 4>(float const*, float const*, bool*, unsigned int)",148,310581,2098.520270,6.971e-03,1322,7374,1131.522576
"void mlx::core::rocm::binary_vs<mlx::core::rocm::Divide, __half, __half, unsigned int, 4>(__half const*, __half const*, __half*, unsigned int)",148,298073,2014.006757,6.690e-03,1643,6573,849.985662
"void mlx::core::rocm::gather_rows_kernel<unsigned int, int>(unsigned int const*, int const*, unsigned int*, long, unsigned int, int)",148,289865,1958.547297,6.506e-03,1282,19036,1650.360865
"void mlx::core::rocm::scatter_axis_kernel<__half, int, false, 1, true, true>(__half const*, int const*, __half*, long, long, long, mlx::core::rocm::hip_array<int, 10>, mlx::core::rocm::hip_array<long, 10>, mlx::core::rocm::hip_array<long, 10>, mlx::core::rocm::hip_array<long, 10>, int, int, long, long, long)",148,281169,1899.790541,6.310e-03,1323,7213,1164.470662
"void mlx::core::rocm::copy_s<__half, __half, unsigned int, 4>(__half const*, __half*, unsigned int)",128,267783,2092.054688,6.010e-03,1603,9979,1034.534300
"void mlx::core::rocm::binary_vv<mlx::core::rocm::Add, float, float, unsigned int, 4>(float const*, float const*, float*, unsigned int)",148,254358,1718.635135,5.709e-03,1042,6212,1151.569548
"void mlx::core::rocm::copy_v<bool, float, unsigned int, 4>(bool const*, float*, unsigned int)",148,224426,1516.391892,5.037e-03,1162,7453,1045.963727
"void mlx::core::rocm::binary_ss<mlx::core::rocm::LogicalOr, bool, bool, unsigned int, 4>(bool const*, bool const*, bool*, unsigned int)",148,203983,1378.263514,4.578e-03,722,8656,1130.154197
"void mlx::core::rocm::binary_ss<mlx::core::rocm::Divide, float, float, unsigned int, 4>(float const*, float const*, float*, unsigned int)",148,198731,1342.777027,4.460e-03,962,8897,1007.844780
"void mlx::core::rocm::binary_ss<mlx::core::rocm::Minimum, float, float, unsigned int, 4>(float const*, float const*, float*, unsigned int)",148,185675,1254.560811,4.167e-03,961,5931,566.300661
"void mlx::core::rocm::binary_ss<mlx::core::rocm::Subtract, float, float, unsigned int, 4>(float const*, float const*, float*, unsigned int)",148,185150,1251.013514,4.155e-03,761,7174,942.574337
"void mlx::core::rocm::copy_v<float, __half, unsigned int, 4>(float const*, __half*, unsigned int)",148,172883,1168.128378,3.880e-03,801,6091,786.298910
"void mlx::core::rocm::copy_v<unsigned int, float, unsigned int, 4>(unsigned int const*, float*, unsigned int)",148,168399,1137.831081,3.779e-03,721,7294,755.983824
"void mlx::core::rocm::binary_ss<mlx::core::rocm::Subtract, unsigned int, unsigned int, unsigned int, 4>(unsigned int const*, unsigned int const*, unsigned int*, unsigned int)",148,162665,1099.087838,3.651e-03,721,6693,624.467054
"void mlx::core::rocm::binary_ss<mlx::core::rocm::Add, float, float, unsigned int, 4>(float const*, float const*, float*, unsigned int)",148,155174,1048.472973,3.483e-03,761,1684,175.894273
"__amd_rocclr_fillBufferUnAligned",1,127158,127158.000000,2.854e-03,127158,127158,0.00000000e+00
