# model	models/mlx/meta-llama-3.1-8b-instruct-4bit
# corpus	tests/fixtures/wikitext2_excerpt.txt	tokens	289173
# chunks	2	chunk_tokens	256	topk	8	prefill	0
# columns	chunk	pos	target	nll	top_ids	top_logits
0	0	43205	14.862968	116080,112364,88251,110135,57010,54650,104934,124074	6.480469,5.890625,5.859375,5.730469,5.613281,5.585938,5.574219,5.554688
0	1	275	4.389345	82180,285,689,581,28491,344,258,41042	14.039062,13.523438,12.531250,12.335938,11.781250,11.656250,11.609375,11.250000
0	2	428	0.937556	428,1727,770,6309,1769,454,54583,1286	13.929688,11.890625,11.781250,11.375000,10.835938,10.265625,10.132812,10.039062
0	3	12	5.924221	82,198,271,284,25,482,220,9432	10.179688,9.929688,9.804688,8.312500,8.101562,8.054688,7.945312,7.894531
0	4	17	3.902608	16,17,1721,2377,7423,28683,18,15	9.203125,8.515625,8.132812,7.847656,7.781250,7.582031,7.480469,7.406250
0	5	3475	10.496488	13,198,15585,3592,12,271,35,4924	12.671875,10.906250,10.710938,10.578125,10.554688,10.500000,10.265625,9.429688
0	6	76834	6.708906	198,220,271,11799,47124,5874,24857,12	12.273438,11.554688,11.085938,11.078125,10.617188,10.492188,10.398438,10.101562
0	7	80583	10.211168	198,271,320,11,13,25,220,720	13.546875,12.539062,12.460938,11.914062,11.492188,11.031250,10.914062,10.882812
0	8	3692	7.882067	2028,791,567,2,14711,91,9,32	12.273438,12.156250,12.023438,11.343750,10.820312,10.296875,10.125000,9.882812
0	9	257	8.894547	25,512,315,551,1473,284,12,369	14.789062,11.835938,11.679688,11.398438,11.250000,10.632812,10.578125,10.531250
0	10	551	0.955141	551,765,284,220,11106,2696,7817,7030	13.937500,12.343750,11.804688,11.148438,10.843750,10.492188,10.437500,10.101562
0	11	3788	2.884340	220,3788,256,510,27685,1795,98275,43205	11.515625,10.968750,10.570312,10.320312,10.312500,10.234375,10.117188,10.007812
0	12	1129	0.007536	1129,25,322,551,12,14712,512,198	20.718750,14.312500,13.179688,12.859375,12.445312,12.437500,12.218750,12.039062
0	13	71	4.317148	5316,2185,27637,1059,77,30807,268,71	16.921875,16.046875,14.531250,14.343750,14.218750,13.875000,13.796875,13.710938
0	14	36368	0.179632	36368,4937,773,55017,53461,3036,349,3972	20.296875,18.453125,14.687500,14.000000,13.765625,13.531250,13.515625,13.460938
0	15	1594	0.000708	1594,7760,3663,19109,22974,16680,30188,32085	27.078125,19.078125,18.843750,16.843750,16.671875,16.156250,15.250000,14.968750
0	16	6973	0.000246	6973,11267,41483,23283,916,15965,2726,13	24.625000,15.390625,14.242188,14.148438,13.085938,12.609375,12.289062,12.218750
0	17	3529	0.529346	3529,22964,6458,14,3554,26583,62409,3262	18.703125,16.781250,16.500000,16.187500,15.242188,14.914062,14.882812,14.867188
0	18	77749	0.005663	77749,24760,1029,3168,85,15295,332,52773	21.875000,14.882812,14.265625,13.429688,13.203125,13.203125,12.992188,12.984375
0	19	11628	8.065872	6458,32336,22964,198,14,44882,271,6018	16.203125,14.867188,14.585938,14.320312,14.281250,13.289062,13.109375,12.875000
0	20	3916	7.529950	336,2232,306,45,16737,54,2864,4351	14.148438,13.085938,13.046875,12.453125,12.406250,12.367188,12.195312,11.960938
0	21	9009	1.037546	9009,23366,19085,6780,14,198,1543,2520	13.726562,12.007812,11.742188,11.351562,10.531250,10.421875,10.375000,10.312500
0	22	6458	1.908318	14,6458,22964,10991,3529,12,13299,15836	13.250000,13.195312,12.679688,12.328125,11.812500,11.367188,11.343750,11.328125
0	23	61503	0.001688	61503,1609,15288,7723,8390,98501,275,19195	26.109375,18.875000,18.062500,17.703125,17.453125,15.718750,15.515625,14.882812
0	24	428	0.000259	428,327,2302,478,1727,710,42343,1017	26.968750,17.968750,17.140625,16.562500,15.750000,15.414062,14.828125,14.539062
0	25	198	3.923895	12,17,198,271,62,1432,1355,76838	17.890625,14.515625,14.078125,13.554688,13.406250,12.992188,11.695312,11.351562
0	26	71684	8.115637	34463,5116,310,1730,5755,1835,10028,7279	12.781250,12.734375,12.625000,12.468750,12.210938,11.992188,11.937500,11.726562
0	27	257	0.196350	257,262,8645,415,256,1404,315,220	17.281250,14.882812,13.210938,12.710938,12.617188,12.609375,12.335938,12.187500
0	28	551	0.016800	551,6394,14852,284,197,482,320,35738	20.812500,16.390625,14.343750,12.765625,12.273438,11.851562,11.359375,11.328125
0	29	289	1.528913	98275,289,1296,43205,220,29709,30328,10741	15.742188,15.695312,15.000000,14.945312,14.593750,13.945312,13.375000,13.343750
0	30	61503	0.001078	61503,17,84641,32680,8390,98501,14970,12	25.453125,18.437500,14.898438,14.835938,14.742188,14.187500,13.867188,13.570312
0	31	428	0.000826	428,2302,478,12,327,1727,9529,62	25.171875,17.578125,16.265625,15.515625,15.046875,14.421875,13.820312,13.109375
0	32	12	0.099615	12,62,17,4552,76838,198,6889,10398	18.671875,16.015625,14.164062,12.218750,12.132812,12.007812,11.796875,11.539062
0	33	17	0.013781	17,6889,914,16,1059,1041,605,4645	21.734375,16.687500,15.125000,14.820312,14.492188,13.960938,13.906250,13.617188
0	34	12	4.699257	198,17261,271,4552,1432,320,12,10398	16.140625,14.304688,14.023438,14.007812,12.695312,12.226562,11.945312,11.726562
0	35	1059	0.699505	1059,1296,605,717,16,2323,1272,17	15.507812,13.117188,12.515625,12.414062,12.304688,12.101562,11.898438,11.789062
0	36	8437	1.770286	198,8437,271,1432,12,2325,4552,17261	14.835938,14.000000,13.007812,12.570312,12.117188,11.625000,11.593750,11.367188
0	37	16	0.033115	16,15,17,18,21135,1721,605,19	23.078125,18.937500,18.390625,17.031250,16.562500,16.125000,15.851562,15.476562
0	38	198	0.547812	198,271,62,1432,320,13,220,11	14.875000,13.250000,12.632812,12.078125,11.554688,11.296875,11.007812,10.976562
0	39	20805	4.235767	1730,5116,14126,34463,5755,1061,10028,941	14.343750,13.757812,13.421875,13.015625,12.593750,12.171875,12.164062,12.070312
0	40	415	2.233269	996,415,286,257,8645,260,1303,1404	16.781250,14.859375,12.992188,12.937500,12.281250,12.210938,12.015625,11.929688
0	41	551	0.016748	551,6394,14852,197,284,765,21629,220	21.671875,17.296875,15.828125,12.890625,12.406250,12.343750,11.718750,11.359375
0	42	1296	1.920521	5542,1296,10741,27217,220,3567,3475,2290	16.718750,15.148438,13.312500,12.546875,12.539062,12.203125,12.171875,12.148438
0	43	320	5.689800	198,271,1432,720,1038,4815,320,220	16.734375,15.382812,13.789062,12.117188,11.843750,11.500000,11.382812,10.828125
0	44	19305	8.290207	16,1041,605,15,12564,17,20,11719	10.578125,10.312500,9.875000,9.765625,9.507812,9.492188,9.484375,9.484375
0	45	23	3.750610	16,15,21,17,20,22,18,19	13.843750,13.812500,13.789062,13.710938,13.687500,13.562500,13.335938,13.304688
0	46	7123	3.420631	10688,23719,10507,340,9477,696,13422,5238	13.953125,13.929688,13.562500,13.554688,13.359375,13.000000,12.679688,12.671875
0	47	340	0.671671	340,696,11,3707,8,26,611,2860	16.921875,15.992188,15.437500,14.343750,13.875000,13.203125,13.171875,12.757812
0	48	10028	6.827605	1730,1061,14126,1199,5116,34463,1738,14292	12.921875,12.460938,12.335938,12.046875,11.992188,11.968750,11.570312,11.570312
0	49	262	1.416338	257,262,256,415,220,5665,286,25	18.937500,17.875000,14.453125,14.218750,13.742188,13.734375,13.695312,13.429688
0	50	551	0.010109	551,6394,14852,284,197,482,2652,320	21.703125,16.734375,15.218750,13.289062,13.195312,12.382812,11.734375,11.546875
0	51	13844	1.476484	13844,25248,15210,3788,9091,10311,720,510	15.203125,15.007812,14.554688,13.593750,13.500000,13.437500,13.312500,12.789062
0	52	7866	1.110617	7826,7866,15,220,12,59418,19,18811	19.890625,19.515625,18.437500,17.296875,16.640625,15.773438,14.593750,14.382812
0	53	93314	1.446270	12,220,93314,16998,20660,97042,271,198	21.250000,21.078125,20.703125,16.843750,15.726562,15.539062,15.507812,15.500000
0	54	220	0.042154	220,198,271,320,12,1432,11,4815	20.609375,16.625000,16.156250,14.382812,14.351562,14.351562,13.640625,13.281250
0	55	18	1.001993	19,18,17,16,220,20,15,1272	23.906250,23.390625,20.281250,17.328125,16.328125,15.226562,14.140625,13.882812
0	56	13	0.001299	13,198,271,14778,382,627,320,1432	23.062500,15.078125,15.039062,13.843750,13.468750,13.054688,12.367188,12.289062
0	57	15	0.001116	15,16,410,220,17,931,1721,18	24.765625,17.343750,16.687500,15.039062,14.445312,13.656250,13.625000,12.914062
0	58	320	3.336229	198,271,2326,1432,320,11,1914,4815	17.390625,16.890625,15.171875,14.843750,14.796875,13.828125,13.554688,13.273438
0	59	2485	0.768467	2485,20241,1277,64046,3791,359,3788,4151	15.617188,13.664062,13.070312,12.953125,12.726562,12.421875,12.242188,12.148438
0	60	1129	0.007162	1129,25,322,28,340,14712,696,487	20.546875,14.984375,12.640625,12.515625,11.921875,11.429688,11.406250,10.718750
0	61	86331	0.323519	86331,71,2185,5316,1059,2203,268,49537	19.421875,17.515625,16.625000,16.453125,15.406250,14.539062,14.250000,13.750000
0	62	2726	0.000853	2726,7116,13,739,25268,14778,662,23228	23.218750,14.578125,14.242188,12.789062,12.742188,12.710938,12.164062,12.148438
0	63	7116	0.000118	7116,14,32214,54660,22816,45086,340,6717	26.218750,15.234375,14.835938,14.828125,14.640625,14.625000,14.414062,14.320312
0	64	68833	0.002941	68833,14,54660,6018,3554,16675,8851,340	24.187500,17.687500,15.921875,15.906250,15.359375,14.515625,14.476562,13.695312
0	65	1355	0.013628	1355,14,2754,12,54762,93314,67543,81010	24.515625,20.109375,17.750000,15.882812,13.593750,13.445312,13.351562,12.937500
0	66	64	0.000101	64,5418,3864,14,309,69,1506,70	26.421875,15.453125,15.296875,15.148438,14.851562,14.531250,14.187500,14.015625
0	67	14	0.000879	14,12,54660,340,611,696,4,6018	23.343750,14.078125,13.617188,13.359375,13.328125,13.148438,12.937500,12.406250
0	68	18	0.001453	18,19,220,17,16,696,1131,32318	25.765625,18.765625,17.828125,16.593750,15.046875,14.554688,13.070312,13.039062
0	69	13	0.001284	13,9456,29275,54660,14,340,14778,23253	24.156250,15.875000,15.757812,15.507812,14.984375,14.570312,14.335938,14.304688
0	70	15	0.000032	15,696,3707,16,5235,1763,220,4489	25.453125,13.382812,12.929688,12.601562,12.460938,12.382812,11.281250,10.937500
0	71	54660	1.086029	54660,14,340,696,48136,51907,3707,23365	18.000000,17.984375,17.203125,16.546875,15.726562,14.757812,14.078125,14.062500
0	72	20241	9.182646	1730,5116,14126,34463,1061,22043,11956,15425	12.875000,12.875000,12.828125,12.554688,12.007812,11.914062,11.539062,11.390625
0	73	1516	0.034658	1516,2844,4065,684,4936,9663,38161,82	23.468750,19.671875,19.000000,16.015625,15.109375,14.726562,13.664062,13.554688
0	74	25	0.147757	25,551,220,512,12,262,1473,256	18.531250,16.125000,14.085938,13.906250,13.335938,13.250000,13.078125,12.812500
0	75	27685	3.576564	82035,3788,571,578,1115,510,27685,30328	13.039062,12.640625,12.375000,12.320312,12.132812,11.953125,11.945312,11.789062
0	76	20965	3.023626	271,198,320,11,9908,20965,323,1495	14.445312,14.429688,14.140625,14.062500,13.851562,13.343750,12.984375,12.351562
0	77	11	2.533203	198,271,320,11,13,1432,382,627	15.515625,15.289062,15.070312,14.281250,13.882812,13.640625,13.265625,12.960938
0	78	82035	4.567852	3788,43205,27685,220,13844,3734,320,330	13.914062,13.335938,13.289062,13.039062,12.703125,12.296875,12.140625,11.507812
0	79	15592	2.754691	271,8483,198,11,15592,320,3495,12074	14.359375,14.195312,13.890625,13.640625,13.195312,13.007812,12.078125,11.914062
0	80	8483	0.802865	8483,271,17916,198,10181,11,11868,5114	14.796875,13.195312,12.726562,12.351562,12.195312,11.804688,11.710938,11.671875
0	81	198	2.055248	271,198,320,8068,11868,11,1432,5856	15.945312,14.843750,14.515625,14.132812,13.945312,13.718750,13.664062,13.640625
0	82	1835	5.332375	15425,5116,34463,14126,14196,1061,11956,310	12.343750,12.273438,12.062500,12.007812,12.000000,11.562500,11.289062,11.195312
0	83	320	1.118482	320,3788,510,366,10311,1115,330,220	14.734375,13.648438,12.835938,12.414062,12.250000,12.140625,11.242188,11.156250
0	84	50	4.879158	2485,2366,3692,10031,4151,3788,71,1277	15.578125,13.187500,12.710938,12.234375,11.976562,11.500000,11.335938,11.328125
0	85	13	7.572031	6093,946,607,1768,47572,5726,8362,984	15.234375,14.484375,13.921875,12.617188,11.390625,11.273438,10.703125,10.617188
0	86	8930	6.334604	24214,27992,37120,38805,66050,9671,4673,4323	12.984375,12.257812,12.031250,11.585938,11.523438,10.960938,10.898438,10.750000
0	87	488	0.000332	488,462,2676,1414,768,89,3414,75	23.687500,13.132812,13.039062,12.820312,12.742188,12.500000,12.453125,12.312500
0	88	11	0.219023	11,1880,323,612,340,696,220,26	19.953125,18.250000,16.375000,15.132812,14.460938,14.117188,13.882812,13.710938
0	89	452	0.197319	452,356,386,1880,622,328,220,423	19.437500,16.312500,16.015625,15.710938,15.421875,15.414062,14.734375,14.460938
0	90	13	0.010065	13,815,3587,12898,1006,1345,9259,2112	23.906250,19.171875,15.453125,15.359375,14.859375,14.265625,13.968750,13.859375
0	91	50356	11.565732	60006,38810,473,328,8211,63398,48290,29853	13.476562,12.882812,12.367188,12.328125,12.203125,11.976562,11.945312,11.906250
0	92	819	0.825245	819,3023,303,283,2836,89,3102,575	17.859375,17.812500,15.453125,14.531250,14.468750,14.203125,13.648438,13.234375
0	93	84077	2.388845	11,84077,323,441,612,1880,8148,12841	17.453125,15.328125,14.148438,13.601562,13.296875,12.109375,11.976562,11.906250
0	94	29234	0.067942	29234,11,86,323,404,2850,324,51473	19.843750,16.687500,16.000000,13.585938,13.132812,12.664062,10.765625,10.757812
0	95	11	0.060308	11,323,340,696,345,612,8,1880	20.781250,16.750000,16.484375,15.914062,15.546875,14.859375,14.812500,14.593750
0	96	432	6.334570	426,323,622,328,356,452,362,735	17.796875,17.765625,16.734375,15.828125,15.750000,15.070312,15.054688,14.125000
0	97	13	0.028938	13,815,627,1345,13005,1087,7281,885	19.937500,13.515625,13.390625,13.054688,12.921875,12.710938,12.703125,12.609375
0	98	2100	3.954876	41240,7281,1556,71883,432,3341,328,362	13.710938,13.539062,13.203125,12.640625,12.625000,12.304688,12.265625,12.257812
0	99	9211	0.158113	9211,11,25105,5518,50222,4171,51628,301	17.125000,14.421875,13.632812,12.265625,11.664062,11.554688,11.421875,11.296875
0	100	2001	11.914774	11,340,696,8,345,323,3707,612	19.625000,18.140625,17.468750,15.812500,15.710938,15.187500,14.640625,14.476562
0	101	330	5.887412	82035,220,3788,1518,15592,31788,510,473	13.453125,11.468750,11.421875,11.351562,11.203125,10.937500,10.656250,10.515625
0	102	9261	4.610886	31504,48942,9261,791,1061,54,697,35353	17.328125,13.359375,12.945312,12.765625,12.750000,12.515625,12.406250,12.335938
0	103	57893	1.693291	11,57893,8304,198,39810,345,81878,311	15.750000,14.898438,14.703125,13.507812,13.101562,12.851562,12.203125,12.101562
0	104	386	0.949783	386,198,96409,91148,271,720,9805,702	16.453125,16.375000,15.421875,13.492188,12.710938,12.578125,12.515625,12.507812
0	105	13025	0.044735	13025,96396,877,12252,21088,32202,18077,4992	20.656250,17.453125,12.937500,12.648438,12.585938,12.375000,12.234375,12.046875
0	106	27972	1.775274	25,198,27972,39810,369,271,315,512	16.593750,15.695312,15.625000,13.867188,13.843750,13.359375,13.320312,13.101562
0	107	498	5.006475	369,702,1158,1,1875,5240,10246,761	17.734375,16.234375,15.890625,15.765625,15.492188,15.429688,14.781250,14.640625
0	108	220	0.750950	220,720,802,358,3788,44561,510,320	16.390625,15.539062,14.109375,13.500000,13.484375,13.242188,12.492188,12.367188
0	109	679	0.145435	679,2366,220,16,1049,802,1114,320	20.875000,18.890625,14.968750,13.984375,13.617188,13.531250,13.500000,13.429688
0	110	21	1.289480	23,21,22,24,20,19,18,17	22.656250,22.203125,21.953125,20.593750,19.546875,16.750000,15.703125,14.984375
0	111	340	1.118008	696,340,11,8,9456,345,3707,3677	17.781250,17.546875,15.203125,15.054688,14.992188,14.953125,14.898438,14.546875
0	112	1835	0.852833	1835,14196,5116,14126,1061,34463,15425,310	14.609375,12.039062,11.828125,11.734375,11.492188,11.250000,10.992188,10.859375
0	113	40283	7.563131	320,3788,323,510,3580,27685,1115,10311	17.187500,15.031250,13.804688,12.882812,12.414062,12.250000,12.085938,12.015625
0	114	3786	9.407732	3549,25,9886,58732,12283,34899,30464,374	14.296875,12.953125,12.765625,12.500000,12.484375,12.476562,12.437500,12.062500
0	115	25	0.543493	25,2561,320,520,369,551,555,323	17.203125,15.062500,14.671875,14.609375,14.476562,13.960938,13.914062,13.375000
0	116	3788	0.275614	3788,510,289,320,82035,98275,330,366	17.703125,14.617188,14.312500,13.984375,13.984375,13.781250,13.679688,13.390625
0	117	1129	0.000399	1129,322,25,14712,512,487,551,61996	24.265625,14.906250,14.859375,13.898438,12.914062,12.851562,12.843750,12.781250
0	118	71	0.191067	71,2185,277,48393,47216,48886,22090,5316	19.250000,16.890625,15.648438,14.289062,14.195312,14.007812,13.828125,13.710938
0	119	36368	0.000275	36368,773,13602,13722,3265,2661,20752,11089	26.406250,17.671875,15.789062,15.210938,15.000000,14.531250,14.437500,13.945312
0	120	1594	0.000042	1594,3663,7760,22974,30188,69,32085,3716	29.484375,18.484375,18.406250,17.406250,15.640625,15.093750,14.617188,14.203125
0	121	6973	0.002186	6973,11267,41483,916,23283,1276,13,2726	22.937500,15.804688,15.187500,14.562500,13.000000,12.945312,12.726562,12.687500
0	122	3529	0.011312	3529,27057,11628,2971,62409,14,71989,82437	22.062500,16.250000,15.796875,15.593750,14.687500,14.671875,14.585938,14.343750
0	123	77749	0.001204	77749,8534,4306,30525,5022,751,24760,267	22.890625,14.257812,14.203125,13.492188,13.460938,13.382812,13.359375,12.867188
0	124	11628	0.076597	11628,14,6018,27057,6458,3262,30,8851	20.328125,16.859375,15.500000,14.703125,14.429688,14.156250,14.140625,14.062500
0	125	3916	0.000278	3916,1604,95203,336,321,64,5763,276	26.390625,17.937500,14.781250,14.507812,14.171875,14.156250,13.859375,13.054688
0	126	9009	0.000027	9009,831,19085,1348,5457,16716,10676,198	30.562500,19.093750,18.250000,18.093750,17.937500,17.109375,16.406250,15.906250
0	127	6458	0.253649	6458,2,16586,198,271,22964,26583,14	19.125000,16.843750,15.828125,15.679688,15.445312,15.210938,15.078125,14.843750
0	128	61503	0.000036	61503,1609,98501,97463,15288,32680,7723,275	29.656250,18.453125,18.078125,17.046875,16.843750,16.671875,16.093750,15.742188
0	129	428	0.000006	428,1727,327,1342,24396,710,1327,2302	30.468750,17.343750,16.406250,16.062500,15.851562,15.250000,14.882812,14.281250
0	130	271	1.277077	2,271,198,1432,11,30,1038,320	16.515625,16.125000,15.648438,14.429688,12.218750,12.164062,12.132812,11.968750
0	131	34336	11.442414	2028,791,2,567,1061,14711,10803,419	12.250000,12.203125,12.148438,11.906250,11.664062,11.632812,11.531250,11.398438
0	132	415	1.194268	415,220,315,257,320,279,25,8645	13.710938,12.203125,11.375000,11.210938,11.078125,11.039062,10.937500,10.882812
0	133	551	0.116283	551,6394,14852,220,765,320,284,482	19.906250,17.468750,16.031250,13.382812,13.210938,12.968750,12.843750,12.656250
0	134	2539	5.106928	2290,220,4288,510,720,1176,1296,5542	13.218750,13.187500,12.070312,11.742188,11.640625,11.414062,11.312500,11.125000
0	135	1296	2.503551	198,320,271,1296,10550,16363,1495,1432	15.054688,14.593750,13.882812,13.851562,13.140625,12.906250,12.648438,12.484375
0	136	6859	2.499989	743,43194,198,27084,6859,320,16363,10550	17.640625,17.218750,16.515625,16.500000,16.343750,15.671875,15.531250,15.484375
0	137	320	1.426880	198,320,271,11,1432,449,315,2085	16.500000,15.929688,15.234375,13.937500,13.867188,13.335938,13.023438,12.375000
0	138	543	4.015570	19305,2201,543,4354,3983,25030,1962,15	16.093750,12.640625,12.289062,11.429688,11.265625,10.734375,10.679688,10.414062
0	139	220	0.679079	220,7123,828,10507,10688,23719,340,5238	18.109375,17.671875,15.437500,14.804688,14.546875,13.882812,13.414062,13.281250
0	140	19305	0.019276	19305,19,21299,20165,18,20153,20596,18318	22.468750,17.468750,15.523438,15.460938,15.320312,14.882812,14.320312,13.992188
0	141	23	0.007504	23,24,22,21,17,20,18,19	23.953125,17.984375,17.734375,16.796875,16.156250,16.156250,15.789062,15.765625
0	142	7123	0.144032	7123,10688,10507,23719,10925,5238,3673,9477	18.906250,15.968750,15.093750,14.539062,14.046875,14.000000,13.757812,13.406250
0	143	98634	12.808683	340,696,3707,8,11,705,527,304	18.328125,17.765625,16.187500,16.156250,14.796875,14.140625,13.921875,13.890625
0	144	340	0.929455	340,696,1139,3871,3707,8,304,323	17.500000,17.046875,15.695312,15.406250,15.273438,15.148438,14.750000,14.375000
0	145	38	6.746293	14196,1730,4152,1061,14126,15425,74694,5116	12.289062,11.968750,11.921875,11.773438,11.710938,11.593750,11.546875,11.312500
0	146	2898	2.745150	9563,10169,2898,52031,1894,89,32147,5701	16.281250,14.609375,14.148438,12.968750,12.929688,12.382812,12.359375,12.312500
0	147	12	0.479867	12,286,17,18,996,260,41078,60601	14.984375,13.093750,11.734375,11.601562,11.335938,10.781250,10.367188,10.226562
0	148	17	2.247192	18,19,17,98957,8989,4031,2377,12833	17.062500,15.507812,15.265625,14.476562,12.937500,12.164062,11.671875,11.359375
0	149	426	6.428492	415,5008,1646,7060,12,31253,5688,996	13.390625,12.585938,12.250000,11.898438,11.750000,11.085938,10.937500,10.812500
0	150	1777	0.640808	1777,3481,3065,4977,14080,1785,375,2898	16.828125,15.617188,15.476562,14.867188,12.671875,12.578125,12.367188,11.937500
0	151	11460	5.660452	220,551,256,320,25,1646,82,11418	15.914062,13.664062,13.210938,12.656250,12.593750,12.328125,11.671875,11.632812
0	152	320	2.943892	25,320,512,824,551,198,220,257	14.523438,12.453125,12.335938,12.187500,12.148438,12.117188,11.953125,11.539062
0	153	103589	15.247323	10924,16564,4291,16,716,2880,2201,30096	11.976562,11.460938,10.789062,10.742188,10.726562,10.625000,10.500000,10.328125
0	154	5963	3.636028	89,30694,8,2442,5963,11,4037,53954	12.773438,12.109375,10.687500,10.687500,10.562500,10.343750,10.320312,10.164062
0	155	1680	1.590778	1680,8,6875,3213,47058,11,11418,2065	13.031250,12.804688,11.320312,11.039062,10.929688,10.781250,10.507812,10.445312
0	156	220	0.262581	220,510,720,3788,4056,366,10035,2570	16.296875,12.992188,12.375000,11.718750,11.351562,11.343750,11.179688,11.078125
0	157	16085	6.920118	220,19305,16,4513,4278,7743,6640,7461	15.468750,14.906250,14.539062,14.500000,14.492188,14.382812,14.335938,14.312500
0	158	17897	8.547560	11,16,18,20,17,22,15,21	15.656250,15.351562,15.312500,15.093750,15.054688,14.984375,14.960938,14.914062
0	159	198	1.455002	198,271,320,11460,18,17,22,21	15.835938,14.890625,14.492188,14.312500,14.148438,14.031250,13.906250,13.890625
0	160	1688	10.353466	38,33,30400,7749,6102,27388,40547,53	12.820312,12.187500,11.906250,11.593750,11.546875,11.273438,11.257812,11.226562
0	161	393	10.456511	3325,1546,1985,1455,279,426,420,76036	13.710938,13.531250,12.804688,12.382812,12.304688,12.304688,11.890625,11.539062
0	162	2989	2.346701	73399,28,2989,17249,20526,12,284,1135	13.390625,12.789062,12.750000,11.765625,11.578125,11.343750,11.085938,11.070312
0	163	71608	16.101810	257,220,996,415,262,25,82,2237	10.640625,10.562500,10.085938,9.867188,9.859375,9.742188,9.710938,9.710938
0	164	15906	6.658133	28,25,220,320,11,284,315,12447	10.335938,9.921875,9.867188,9.687500,9.375000,9.312500,9.218750,8.750000
0	165	28	0.813683	28,284,220,320,25,315,11460,11	11.875000,10.484375,10.125000,9.437500,8.945312,8.945312,8.789062,8.500000
0	166	12378	7.295521	605,1041,20,17,220,16,508,15	16.015625,15.843750,15.804688,15.625000,15.601562,15.539062,15.500000,15.421875
0	167	21	0.202971	21,20,17,11,320,22,19,1399	16.078125,13.476562,12.617188,11.859375,11.507812,11.179688,11.156250,10.804688
0	168	420	5.105474	11,25,512,320,198,584,323,279	11.398438,10.773438,10.023438,10.015625,9.882812,9.578125,9.382812,8.937500
0	169	36508	2.542847	374,6835,36508,3135,690,43194,16363,706	14.648438,14.234375,14.164062,13.859375,13.125000,12.945312,12.820312,12.617188
0	170	220	2.627382	264,512,459,220,198,25,393,4056	15.687500,14.601562,14.484375,14.203125,14.195312,14.132812,13.468750,13.148438
0	171	3076	6.488115	15,220,16,17,18,19,20,806	15.156250,14.210938,14.171875,13.742188,13.296875,12.851562,12.789062,12.679688
0	172	2536	7.394157	13,11,27855,11460,74,198,23719,220	14.437500,12.460938,11.835938,11.531250,10.851562,10.726562,10.687500,10.281250
0	173	29352	1.628721	29352,40533,38029,12,61441,10398,3274,16677	15.132812,14.750000,14.695312,14.593750,13.210938,13.203125,12.882812,12.398438
0	174	91719	0.037697	91719,75,16338,90822,278,26372,3713,2922	21.250000,17.359375,16.828125,13.796875,13.210938,13.101562,12.921875,12.453125
0	175	27855	0.614792	27855,11460,220,21282,4037,198,10215,24630	15.984375,13.632812,12.656250,12.578125,12.539062,12.406250,12.195312,12.187500
0	176	345	4.243673	315,198,449,11,320,512,627,13	15.773438,15.195312,14.343750,14.328125,14.125000,13.859375,13.796875,13.273438
0	177	19975	13.216994	9739,4291,778,1073,8370,1688,438,266	12.890625,12.484375,11.976562,11.718750,11.695312,11.570312,11.445312,11.359375
0	178	2915	0.107883	2915,481,11559,287,65,220,398,1570	17.312500,14.289062,13.687500,13.156250,10.484375,10.453125,10.257812,10.250000
0	179	49005	5.385956	27442,2949,3770,1234,2678,304,9333,9967	14.992188,14.492188,14.109375,14.023438,13.187500,13.078125,13.054688,12.921875
0	180	279	0.799223	279,1057,220,264,393,12143,480,5044	14.132812,12.257812,11.921875,11.257812,11.203125,10.609375,10.593750,10.000000
0	181	220	2.049854	220,7340,393,5044,12143,1973,480,4056	13.351562,12.078125,11.578125,11.468750,11.453125,11.406250,11.273438,11.187500
0	182	508	4.463179	1227,12378,843,16,2397,1041,4278,17	17.656250,16.921875,16.265625,16.187500,16.156250,15.914062,15.914062,15.750000
0	183	11843	3.550222	27855,12,74,4,42,11,11843,12143	13.679688,13.343750,13.078125,12.617188,12.585938,12.406250,12.015625,11.953125
0	184	3200	0.114372	3200,15655,81029,70305,1983,575,32983,81	22.375000,20.234375,16.234375,14.703125,14.367188,12.054688,11.937500,11.914062
0	185	16686	5.015360	4017,12447,1973,7340,8582,8187,45379,4827	13.031250,12.085938,11.570312,11.382812,11.304688,10.781250,10.617188,10.398438
0	186	315	2.886564	369,627,382,13,315,311,11,198	15.695312,14.570312,14.507812,14.164062,14.101562,13.890625,13.609375,13.609375
0	187	279	1.060886	279,1057,198,393,420,264,220,510	13.789062,12.632812,11.601562,11.390625,11.265625,10.984375,10.765625,10.367188
0	188	426	5.048676	198,4113,1296,5684,393,10137,3465,30328	12.570312,11.968750,11.945312,11.273438,11.242188,10.867188,10.765625,10.718750
0	189	18	9.093391	1777,3481,4977,3065,2898,3143,7430,3387	16.156250,15.898438,15.710938,14.304688,11.976562,11.882812,11.820312,11.562500
0	190	4367	9.785885	1296,12,5573,29531,198,16865,1646,8815	11.507812,11.179688,10.484375,10.414062,10.250000,10.203125,9.601562,9.406250
0	191	18618	6.572977	18767,198,37057,6767,2585,13186,12447,1296	15.695312,15.117188,13.710938,13.570312,13.398438,13.156250,12.882812,12.601562
0	192	382	1.899092	627,382,198,345,13,4286,320,271	15.601562,14.789062,14.382812,13.687500,13.578125,13.210938,12.726562,12.625000
0	193	2028	4.171030	791,14711,2,419,9290,2028,334,567	11.015625,10.656250,10.515625,10.453125,10.429688,10.351562,10.312500,10.078125
0	194	1052	5.063154	1296,374,43194,10550,828,2612,36508,5039	13.851562,13.585938,13.351562,13.304688,11.562500,11.476562,11.328125,11.250000
0	195	374	1.816174	374,5727,706,574,690,5764,649,1288	14.414062,14.312500,13.242188,13.179688,12.835938,12.828125,12.539062,12.140625
0	196	1511	3.489239	264,279,961,1511,16383,220,539,304	14.539062,13.484375,13.226562,12.882812,12.632812,12.382812,12.375000,12.367188
0	197	439	1.432072	311,439,369,304,555,34167,1193,21742	18.421875,18.109375,17.703125,17.000000,17.000000,15.109375,14.945312,14.929688
0	198	264	1.262486	264,279,1988,1296,459,961,374,1057	15.390625,15.046875,14.835938,14.226562,13.445312,12.484375,12.296875,12.195312
0	199	12790	6.487432	1296,5905,2592,29531,10741,6002,7649,47942	14.898438,13.562500,12.070312,12.054688,12.007812,11.976562,11.828125,11.828125
0	200	369	1.825739	304,369,311,555,323,11,779,13	15.398438,14.898438,14.804688,13.953125,13.562500,13.421875,12.796875,12.664062
0	201	279	1.644649	279,7649,7177,1057,5089,264,1595,420	14.296875,14.234375,12.757812,12.656250,12.179688,12.125000,11.695312,11.507812
0	202	48275	12.794391	1595,1296,7177,426,4367,2768,480,198	12.148438,11.742188,11.671875,11.640625,11.257812,11.203125,10.820312,10.390625
0	203	45320	7.733196	12,3561,34463,38,3263,30653,7177,12914	11.570312,10.695312,10.390625,10.375000,10.093750,9.890625,9.882812,9.875000
0	204	85748	13.953170	7177,1296,3213,372,1463,1646,553,6875	12.132812,11.429688,10.851562,10.695312,10.343750,10.265625,10.171875,10.101562
0	205	6636	5.953747	6221,3637,7177,1296,12,1646,34352,9307	11.328125,10.367188,10.304688,10.234375,10.101562,9.835938,9.812500,9.554688
0	206	74252	11.598071	7177,1296,11,627,198,13,382,323	12.796875,12.742188,12.593750,12.593750,12.585938,12.296875,12.000000,11.992188
0	207	488	0.138462	488,1385,2786,198,275,3225,1968,635	19.234375,17.250000,12.539062,12.484375,12.328125,11.296875,11.171875,10.875000
0	208	18618	6.117521	1296,198,7177,18767,22702,29531,16865,7649	15.234375,15.218750,14.429688,13.367188,12.734375,12.726562,12.671875,12.617188
0	209	198	1.906046	627,198,345,382,13,11,320,1296	15.132812,14.656250,14.171875,13.781250,13.765625,13.289062,12.882812,12.828125
0	210	8793	6.058076	438,258,998,2000,7,33,24781,8370	13.000000,12.968750,12.953125,11.960938,11.867188,11.609375,11.601562,11.320312
0	211	82	2.767357	287,291,82,1162,1704,220,890,12986	13.328125,12.062500,11.476562,9.835938,9.507812,9.484375,9.359375,9.140625
0	212	5640	2.381948	5640,12986,14441,14,369,220,304,430	11.914062,11.765625,11.562500,11.062500,10.710938,10.468750,10.203125,10.148438
0	213	324	0.492706	324,80,9225,74,83,44508,65,66	17.484375,15.960938,15.421875,14.765625,14.429688,13.203125,12.843750,12.804688
0	214	754	0.010717	754,6465,6098,2054,74,31548,17627,38865	23.359375,18.265625,16.609375,16.453125,15.554688,14.953125,14.859375,14.804688
0	215	98166	2.343884	31548,54446,98166,44508,12,80,4803,9153	17.125000,15.515625,15.390625,15.054688,14.007812,13.976562,13.414062,12.718750
0	216	2253	8.509085	11790,623,5796,55898,7345,4552,890,33609	15.101562,14.148438,13.757812,13.726562,13.500000,12.523438,12.171875,11.921875
0	217	17	1.144753	17,20216,65,10692,84,258,71,21264	15.531250,15.039062,13.718750,13.523438,13.265625,12.625000,12.562500,12.460938
0	218	68	0.028477	68,7345,11790,66,69,2176,830,70	18.468750,13.164062,12.039062,11.742188,11.359375,11.054688,10.906250,10.820312
0	219	26721	9.779276	7345,4552,33609,11790,623,41391,55898,558	15.460938,13.453125,12.523438,12.023438,11.945312,11.140625,11.140625,11.117188
0	220	4390	1.927977	570,4390,3677,8,705,323,11,340	15.281250,14.437500,14.171875,14.109375,13.773438,12.882812,12.804688,12.484375
0	221	8780	9.432652	15425,7275,74694,14196,54605,791,34794,12885	15.210938,13.718750,13.492188,13.421875,12.421875,12.335938,12.054688,11.757812
0	222	32905	11.578038	4442,29882,2349,17466,1023,51944,86365,9013	14.343750,13.484375,12.312500,11.820312,11.726562,11.585938,11.437500,11.320312
0	223	1005	3.266058	990,4375,315,1005,477,5829,7177,2082	15.390625,14.351562,13.273438,13.101562,13.054688,12.835938,11.890625,11.851562
0	224	2011	2.128708	315,2011,7612,374,1288,477,320,690	15.453125,14.984375,14.921875,14.851562,14.671875,14.406250,13.875000,13.554688
0	225	14389	4.239185	387,39396,25670,6807,1833,26069,2997,5201	16.859375,16.718750,16.093750,15.812500,15.757812,15.710938,15.531250,15.351562
0	226	420	1.228981	279,420,63124,264,4113,459,682,1202	17.546875,17.093750,15.773438,14.789062,13.757812,13.492188,13.492188,13.437500
0	227	13844	5.381378	63124,5842,5406,7065,2592,4342,5905,45477	15.460938,14.125000,14.109375,13.804688,13.640625,13.289062,13.054688,12.468750
0	228	7866	0.390713	7866,7826,5842,14656,12,555,63124,59418	18.859375,17.109375,16.500000,15.992188,15.179688,14.828125,14.789062,14.523438
0	229	93314	0.011358	93314,16998,12,220,6354,82319,5842,31073	23.031250,17.531250,17.031250,16.843750,16.125000,15.414062,15.140625,13.718750
0	230	220	0.148664	220,5842,63124,5406,12,31073,198,59418	19.984375,17.281250,16.484375,15.593750,15.000000,14.851562,14.507812,14.085938
0	231	18	0.021227	18,19,17,16,220,289,5842,2366	21.375000,17.359375,14.312500,13.539062,12.390625,12.304688,12.273438,12.195312
0	232	13	0.002701	13,5842,63124,14778,59418,627,31073,198	22.640625,15.500000,15.062500,13.773438,13.765625,13.757812,13.664062,12.882812
0	233	15	0.000261	15,220,17,20,931,16,410,21	23.296875,13.851562,12.375000,12.343750,12.171875,11.937500,11.812500,11.468750
0	234	63124	1.952486	5842,63124,5406,198,320,31073,7065,1914	17.093750,15.843750,15.039062,14.789062,14.148438,14.148438,13.679688,13.296875
0	235	382	2.171232	627,382,5406,323,13,198,311,11	15.242188,14.359375,14.078125,13.898438,13.273438,13.023438,12.898438,12.593750
0	236	284	8.483697	791,2,9290,58,2028,15425,14711,567	11.632812,11.226562,11.171875,11.101562,11.078125,10.921875,10.781250,10.679688
0	237	8563	14.708891	12,43205,4060,30328,284,36499,2,46008	13.765625,13.398438,12.429688,11.812500,11.539062,11.281250,11.023438,11.000000
0	238	426	5.257486	64,445,473,596,435,72325,284,622	13.367188,10.687500,10.625000,10.484375,10.359375,10.359375,10.078125,9.812500
0	239	11206	5.442552	13,24366,20487,1286,3916,3204,1037,15345	13.304688,11.789062,11.359375,11.179688,11.023438,10.773438,10.601562,10.554688
0	240	466	3.810991	4091,783,467,1698,466,285,587,70	14.585938,14.335938,12.867188,12.492188,11.820312,11.671875,11.523438,11.328125
0	241	284	2.535216	11,596,284,320,220,482,4125,25	12.976562,12.367188,12.117188,12.023438,11.968750,11.468750,10.992188,10.789062
0	242	720	3.785559	1432,4815,320,220,1038,510,720,271	13.453125,11.906250,11.601562,11.531250,10.992188,10.937500,10.914062,10.546875
0	243	8563	6.330212	14196,74694,15425,2366,12,7,7275,791	11.421875,11.039062,10.781250,10.093750,9.968750,9.906250,9.804688,9.695312
0	244	426	0.324556	426,3842,12656,374,320,7957,574,330	17.093750,12.843750,12.820312,12.781250,12.546875,12.429688,12.265625,12.054688
0	245	11206	0.001038	11206,619,3514,13,5757,2743,5049,24889	23.343750,14.406250,14.375000,14.335938,13.953125,13.796875,13.054688,12.851562
0	246	466	0.009901	466,783,668,2002,1303,55704,339,978	24.015625,19.328125,15.093750,14.929688,14.757812,13.914062,13.726562,13.421875
0	247	374	1.639736	320,374,11,198,220,720,574,507	16.015625,15.375000,14.593750,14.164062,13.726562,13.679688,13.671875,12.382812
0	248	459	1.271002	264,459,279,539,832,1101,3967,5131	19.359375,18.531250,16.875000,13.835938,13.078125,12.789062,12.695312,12.507812
0	249	6498	0.592051	6498,13673,3778,12360,18088,10255,8013,91634	18.140625,17.328125,16.046875,15.085938,14.648438,13.859375,13.023438,12.960938
0	250	4632	5.203991	4846,1589,9141,12360,6721,47550,12707,39844	16.171875,15.679688,15.500000,15.320312,15.132812,13.570312,13.367188,13.226562
0	251	1174	9.535599	7690,323,6576,17276,40550,12360,11,9940	19.296875,18.937500,18.171875,17.984375,17.859375,17.203125,17.156250,15.453125
0	252	12707	0.166168	12707,220,6566,34596,41445,4731,9063,6007	18.734375,15.578125,15.007812,14.890625,14.414062,13.882812,13.734375,13.656250
0	253	323	0.366686	323,1174,11,12360,7690,17276,220,20156	19.718750,18.265625,17.328125,16.015625,15.640625,15.234375,14.796875,14.562500
0	254	34596	0.466341	34596,6566,9063,27803,7899,2835,66333,12707	20.109375,19.250000,17.375000,16.328125,16.125000,15.289062,15.062500,14.718750
0	255	12360	0.936766	12360,7690,17276,40550,6566,5788,720,5222	18.453125,18.171875,17.890625,15.117188,14.273438,14.265625,13.835938,13.742188
1	0	662	13.910444	1839,755,21189,14924,19954,32056,51343,34271	3.923828,3.363281,3.132812,3.119141,2.980469,2.976562,2.970703,2.968750
1	1	1283	4.508146	578,358,220,1102,763,662,1115,2030	10.953125,10.171875,10.140625,9.710938,9.703125,9.648438,9.617188,9.460938
1	2	1047	3.414022	574,374,706,1047,1101,596,6476,753	13.328125,12.929688,12.093750,11.851562,11.578125,11.179688,10.945312,10.851562
1	3	264	2.419916	1027,264,912,311,2744,2646,279,813	13.218750,12.757812,12.148438,11.632812,11.375000,11.343750,11.265625,10.992188
1	4	8810	8.606834	17444,2294,1633,2763,3831,1317,1695,2478	11.664062,11.460938,11.421875,11.406250,11.281250,10.929688,10.867188,10.601562
1	5	571	12.087008	3560,11341,7858,40500,6917,5594,6689,61808	17.421875,16.343750,16.171875,14.695312,13.789062,13.109375,12.882812,12.671875
1	6	12	6.160279	279,220,578,83,3560,791,76,331	7.585938,7.343750,7.238281,7.011719,6.882812,6.832031,6.386719,6.285156
1	7	31	5.820698	5898,287,1074,97755,5102,30348,19164,4711	11.023438,10.101562,9.765625,9.750000,9.671875,9.656250,9.507812,9.414062
1	8	40500	5.282582	3560,11341,12,389,13,7858,304,6917	9.664062,9.210938,9.171875,9.101562,8.460938,8.070312,7.808594,7.707031
1	9	3560	0.133739	3560,11341,304,6638,961,7858,571,2543	16.156250,12.445312,11.671875,11.562500,11.234375,10.968750,10.726562,10.656250
1	10	389	2.261463	304,439,389,11,1174,320,323,13	17.250000,15.945312,15.617188,14.031250,13.820312,13.546875,13.492188,13.320312
1	11	279	0.829434	279,578,264,459,6007,220,7884,571	14.898438,12.367188,12.250000,11.718750,11.382812,11.343750,11.320312,11.296875
1	12	12707	3.114117	6007,220,5526,12707,19921,27883,81466,571	13.828125,13.031250,12.703125,12.585938,12.007812,11.984375,11.984375,11.914062
1	13	4101	0.663509	4101,1501,20156,81466,2068,23160,27883,5818	17.078125,16.265625,15.273438,14.367188,14.164062,14.078125,13.414062,12.187500
1	14	578	2.986431	330,578,11,220,1054,364,571,721	13.171875,12.289062,11.843750,11.765625,11.429688,11.414062,11.062500,11.000000
1	15	8766	6.961264	28082,52145,85733,34644,1630,47102,13566,10919	12.328125,12.203125,12.078125,12.039062,11.960938,11.898438,11.835938,11.515625
1	16	304	2.675232	439,1174,11,662,304,323,320,13	14.656250,14.437500,14.304688,14.078125,13.796875,13.789062,13.570312,13.195312
1	17	220	0.089710	220,279,264,6186,902,1202,6790,5587	21.031250,18.343750,14.968750,14.437500,14.335938,14.226562,14.078125,13.984375
1	18	1049	1.399635	2550,1049,3753,679,4468,5162,2366,6280	19.125000,18.734375,18.328125,18.234375,17.218750,15.562500,13.773438,13.757812
1	19	15	2.060183	15,20,18,16,17,19,21,22	19.390625,19.312500,19.265625,19.187500,19.171875,19.171875,19.109375,18.984375
1	20	662	2.969654	13,11,323,627,662,1174,439,382	16.656250,16.468750,16.062500,15.382812,15.070312,15.039062,14.578125,14.554688
1	21	1115	5.403874	1283,763,220,489,5414,578,720,571	13.718750,13.632812,13.273438,12.531250,12.226562,12.109375,12.015625,11.679688
1	22	574	1.136832	574,3560,374,8272,6197,1060,5178,4101	14.476562,13.125000,12.765625,12.570312,12.390625,11.882812,11.343750,11.109375
1	23	8272	0.467888	8272,264,813,279,539,1306,832,2391	18.000000,16.000000,15.460938,15.265625,14.671875,14.234375,13.742188,13.664062
1	24	555	0.071171	555,449,304,709,264,571,1174,20193	21.187500,17.390625,17.046875,16.953125,15.210938,15.140625,14.960938,14.890625
1	25	264	0.903944	264,27351,813,279,13073,2500,8810,459	16.906250,15.812500,14.968750,14.828125,14.671875,14.507812,14.460938,13.750000
1	26	40500	1.982454	3560,40500,12899,8810,4101,5912,46350,961	15.812500,15.601562,14.859375,14.648438,14.289062,14.281250,14.164062,13.875000
1	27	3560	0.043070	3560,961,571,2543,6638,11341,2361,2683	20.421875,16.109375,15.679688,14.968750,14.242188,13.656250,13.601562,13.140625
1	28	304	0.924541	304,389,439,571,16662,14329,1174,369	20.312500,20.203125,19.671875,16.265625,16.046875,15.609375,15.406250,14.921875
1	29	279	0.115269	279,264,220,578,2500,459,13740,813	17.531250,13.945312,12.890625,12.828125,12.789062,11.781250,11.429688,11.007812
1	30	1514	6.391365	12707,220,18588,4632,8013,6007,23160,94455	16.656250,14.929688,14.757812,14.367188,14.335938,14.203125,13.820312,13.726562
1	31	6385	8.289624	330,578,362,364,1174,220,11717,3436	12.773438,12.460938,11.109375,11.015625,10.562500,10.343750,10.109375,10.070312
1	32	2439	3.933727	54838,20941,18709,65741,288,2439,12538,67344	15.031250,14.765625,12.828125,12.539062,12.445312,12.375000,12.320312,12.296875
1	33	5439	6.760918	304,1174,520,320,555,662,902,16853	16.546875,16.343750,15.656250,14.531250,14.500000,14.140625,13.898438,13.679688
1	34	555	0.089994	555,323,571,369,304,3296,449,11951	20.218750,17.156250,15.929688,15.476562,14.859375,13.554688,13.500000,13.367188
1	35	22021	4.045481	26349,6941,323,3842,279,18587,8096,22021	13.710938,13.343750,13.296875,13.250000,12.992188,12.976562,12.632812,12.578125
1	36	77023	3.746526	9641,24255,46211,1050,51816,80327,20832,452	14.156250,13.945312,13.570312,13.203125,12.515625,12.507812,12.414062,12.406250
1	37	1174	1.640095	662,1174,304,323,520,16853,902,220	17.312500,17.062500,16.921875,16.453125,15.726562,15.382812,15.343750,14.585938
1	38	902	1.201477	902,323,304,520,369,279,449,1405	16.984375,16.531250,15.648438,15.179688,14.757812,14.617188,14.609375,14.328125
1	39	574	1.676256	9107,574,6476,23217,85170,568,10837,2834	17.359375,17.109375,16.656250,16.046875,16.015625,15.804688,15.710938,15.289062
1	40	10887	1.174343	10887,51157,264,9124,3010,1176,15910,743	17.312500,15.664062,15.625000,15.617188,15.539062,15.250000,14.750000,14.710938
1	41	304	2.049223	520,304,555,389,571,439,1022,449	21.375000,19.578125,18.296875,17.421875,17.218750,15.875000,15.867188,15.859375
1	42	220	2.007883	279,7295,220,19922,25715,1561,264,36937	17.000000,16.937500,16.234375,14.828125,14.195312,14.125000,13.976562,13.898438
1	43	1049	0.066801	1049,2550,679,7295,3753,279,717,1032	21.218750,17.796875,17.500000,13.875000,13.835938,13.156250,13.156250,13.132812
1	44	16	0.994156	16,17,15,18,19,20,21,22	21.578125,20.890625,20.718750,20.328125,19.734375,19.562500,19.046875,18.609375
1	45	520	0.426060	520,662,304,323,13,555,16853,1174	19.281250,17.406250,16.937500,16.171875,16.093750,15.796875,15.781250,15.218750
1	46	279	0.052851	279,578,7295,36937,29514,27315,19922,58486	19.859375,15.851562,14.898438,13.796875,13.617188,13.601562,13.453125,13.398438
1	47	16591	1.866871	16591,36937,27315,13566,29514,5165,1708,2100	14.609375,13.953125,13.906250,13.601562,13.375000,13.218750,13.101562,13.062500
1	48	7301	0.725071	7301,19224,42482,5165,27315,39679,16333,323	18.796875,18.265625,17.578125,15.945312,15.843750,14.539062,13.976562,13.640625
1	49	27315	0.106245	27315,34596,304,662,16853,1174,364,3216	20.625000,17.281250,17.187500,16.625000,14.968750,14.906250,14.859375,14.843750
1	50	662	1.367142	304,662,1174,16853,323,220,439,320	19.046875,18.203125,16.703125,16.406250,15.117188,14.132812,13.546875,13.421875
1	51	1283	2.754478	763,489,1283,220,578,720,5414,4497	14.984375,14.234375,13.601562,13.234375,13.226562,12.859375,12.664062,12.593750
1	52	1047	3.305302	1101,1243,9922,6476,706,4024,574,1047	18.390625,18.343750,17.843750,17.750000,17.468750,17.062500,17.031250,16.812500
1	53	264	0.451212	264,2500,279,813,4726,40500,13073,1101	19.078125,16.656250,16.031250,15.976562,15.710938,15.656250,15.515625,15.421875
1	54	8810	2.514208	40500,3560,12899,8810,46350,2678,6522,9099	16.453125,16.359375,16.218750,15.796875,15.328125,15.023438,14.945312,14.617188
1	55	3560	0.894270	3560,40500,571,11341,482,961,6917,7858	18.593750,18.218750,17.906250,16.343750,15.093750,14.617188,14.492188,13.875000
1	56	304	0.924747	389,304,439,571,1578,40500,5737,1174	20.500000,20.234375,18.015625,16.828125,15.531250,15.187500,15.023438,14.914062
1	57	279	0.107311	279,459,220,264,578,2500,16071,48183	18.953125,15.312500,14.835938,14.617188,14.218750,13.140625,12.765625,12.703125
1	58	12707	0.437267	12707,18588,220,6007,13740,8013,94455,4101	18.187500,15.960938,15.554688,15.289062,14.507812,14.492188,14.281250,14.179688
1	59	4101	0.225914	4101,20156,1501,23160,18629,4632,27883,2068	20.671875,18.937500,16.890625,16.484375,15.617188,15.148438,14.921875,14.656250
1	60	20819	5.514112	54943,49922,578,16071,3165,47802,18449,220	13.992188,13.562500,13.398438,12.703125,12.195312,12.179688,12.070312,12.039062
1	61	3842	0.076366	3842,423,323,55158,389,220,11605,571	18.421875,14.554688,14.101562,13.859375,12.273438,12.062500,11.953125,11.632812
1	62	1611	0.007759	1611,571,480,409,1174,482,220,2522	20.234375,14.070312,12.546875,12.484375,12.250000,12.242188,12.171875,12.054688
1	63	291	0.021698	291,6910,19846,346,34,641,1174,1507	22.078125,18.093750,15.593750,14.148438,14.109375,12.937500,12.437500,12.421875
1	64	304	0.239496	304,323,1174,662,279,220,439,16853	20.359375,17.859375,17.671875,16.734375,15.898438,15.617188,15.312500,15.257812
1	65	220	0.026028	220,279,430,6186,6790,5587,6287,5936	24.312500,20.484375,17.140625,16.375000,16.281250,16.250000,15.953125,15.945312
1	66	1049	0.004189	1049,679,2550,220,2366,17,3753,4194	23.265625,17.250000,16.750000,13.179688,12.765625,12.320312,12.187500,11.867188
1	67	17	0.702288	17,16,18,19,20,21,15,22	21.812500,20.812500,20.812500,19.734375,19.343750,18.203125,17.781250,17.484375
1	68	662	1.062471	662,1174,323,16853,220,13,8272,1603	18.453125,18.281250,18.000000,16.765625,14.757812,14.546875,14.507812,14.406250
1	69	763	1.437149	763,1283,5414,489,1115,578,362,4740	14.773438,14.179688,13.492188,13.257812,12.726562,12.492188,12.234375,12.187500
1	70	220	0.109850	220,279,5369,813,420,264,430,6186	21.312500,18.718750,17.031250,15.578125,14.937500,14.890625,14.812500,14.773438
1	71	1049	0.013916	1049,679,2550,2366,3753,220,4468,508	22.843750,18.468750,15.789062,13.171875,13.062500,12.867188,12.218750,12.031250
1	72	19	1.957067	18,19,20,17,21,22,23,24	22.390625,20.984375,20.468750,20.453125,20.000000,19.109375,18.875000,18.531250
1	73	426	9.279345	1174,568,11,323,813,482,279,4235	18.062500,17.812500,14.367188,14.000000,13.460938,13.140625,12.773438,12.304688
1	74	11206	3.589373	1036,6478,1864,11206,5757,10385,3102,15578	12.562500,12.460938,12.257812,11.976562,11.750000,11.671875,11.601562,11.390625
1	75	466	0.062658	466,1303,783,2002,1698,51805,645,273	21.078125,17.765625,17.125000,14.796875,14.718750,14.078125,13.171875,12.734375
1	76	27212	3.461958	9922,6476,574,1903,1047,6137,11096,27212	18.203125,18.093750,17.234375,17.234375,17.031250,16.406250,16.343750,16.281250
1	77	264	0.850996	279,264,813,2500,459,1403,832,40500	21.265625,21.234375,19.875000,16.625000,16.156250,15.992188,15.710938,15.039062
1	78	3560	1.638775	40500,3560,5912,46350,6522,1925,3682,12899	18.453125,17.718750,17.031250,16.296875,15.687500,15.671875,15.664062,15.554688
1	79	439	1.963499	304,389,439,16662,5737,571,14329,315	21.046875,19.906250,19.546875,16.078125,15.757812,15.492188,15.468750,15.421875
1	80	330	6.236428	264,279,56379,2999,4488,832,6812,33699	14.226562,13.085938,11.851562,11.742188,11.367188,11.257812,11.242188,11.140625
1	81	29517	6.366924	33699,578,33919,279,8529,4488,423,4491	9.476562,9.437500,9.328125,9.187500,9.000000,8.953125,8.875000,8.875000
1	82	330	0.290937	330,1,14930,5929,3755,88,3436,37514	17.750000,14.171875,13.046875,12.773438,12.500000,12.492188,12.359375,12.328125
1	83	304	0.344452	304,389,1174,279,264,29517,320,482	18.515625,17.312500,14.648438,14.335938,13.468750,13.265625,13.148438,12.640625
1	84	279	0.110516	279,264,13740,459,220,578,53425,18588	18.765625,15.210938,14.718750,14.046875,13.437500,13.273438,12.531250,12.421875
1	85	9417	5.869894	12707,13740,18588,8013,4632,94455,1317,6007	16.500000,15.507812,15.359375,14.617188,14.078125,13.953125,13.609375,13.250000
1	86	330	0.575520	330,315,364,220,578,612,1174,3436	15.015625,13.890625,12.179688,11.351562,10.812500,10.523438,10.523438,10.296875
1	87	71166	9.490896	578,220,15371,362,791,25681,7238,11717	10.664062,9.093750,8.781250,8.671875,8.460938,8.226562,8.132812,8.015625
1	88	364	5.543993	16576,30857,330,24941,37068,596,1,17627	17.328125,16.359375,15.875000,15.570312,15.539062,13.335938,13.046875,12.937500
1	89	82	1.705238	274,82,364,1174,279,304,220,320	16.796875,15.335938,12.289062,10.406250,10.250000,10.140625,10.078125,9.710938
1	90	15457	4.372065	11617,16576,15013,11452,19508,33621,426,27445	13.585938,13.507812,12.796875,12.195312,11.859375,11.757812,11.671875,11.601562
1	91	330	0.050982	330,1074,1174,1,320,220,315,3436	19.953125,15.187500,14.726562,14.570312,14.093750,13.789062,13.718750,13.695312
1	92	315	0.305614	315,304,389,505,320,1174,369,323	20.234375,18.343750,17.656250,16.968750,16.328125,16.140625,15.703125,15.390625
1	93	279	0.079004	279,578,13740,49922,54943,14598,3280,19150	18.656250,14.414062,13.101562,13.000000,12.789062,12.632812,12.578125,12.476562
1	94	12707	0.717285	12707,18588,8013,5526,13740,4101,20156,1317	17.234375,15.726562,14.578125,14.539062,14.382812,14.343750,14.273438,14.132812
1	95	4101	0.185604	4101,20156,1501,23160,27883,18629,6593,6275	20.781250,18.906250,16.656250,16.156250,15.406250,14.757812,14.570312,14.507812
1	96	578	2.646673	54943,49922,578,47802,88635,19150,6460,9601	14.507812,13.664062,13.359375,12.843750,12.328125,12.218750,12.187500,12.062500
1	97	5843	5.046794	8766,6825,40324,70192,8155,45595,37618,26099	14.492188,13.273438,13.109375,12.476562,11.656250,11.585938,11.476562,11.351562
1	98	38725	0.537733	38725,478,8166,6588,25284,323,22691,7839	16.968750,15.773438,15.281250,13.718750,12.773438,12.687500,12.085938,11.976562
1	99	2652	4.415903	662,1174,40500,16853,323,902,3196,2652	17.859375,17.171875,16.265625,15.664062,15.234375,14.687500,14.468750,14.289062
1	100	568	1.303192	568,279,420,323,4869,304,813,433	16.484375,15.796875,15.648438,15.367188,14.835938,14.617188,14.351562,14.226562
1	101	59335	5.225639	1101,6476,9922,574,1047,1243,8272,4024	18.421875,18.296875,18.187500,17.843750,17.687500,17.406250,16.437500,16.125000
1	102	16662	0.941261	16662,304,439,14329,3235,449,1578,1174	19.968750,19.781250,19.125000,17.343750,17.078125,17.015625,15.523438,15.414062
1	103	20142	6.440168	35727,35352,358,8529,8766,279,13558,81349	15.562500,14.890625,13.867188,13.570312,13.460938,13.085938,13.007812,12.898438
1	104	4488	2.184628	35727,4488,26241,35352,358,8529,2493,13558	14.882812,14.601562,14.218750,14.015625,13.859375,13.523438,13.500000,13.062500
1	105	27191	0.546997	27191,2758,93783,21256,3005,36772,13789,468	16.437500,14.515625,14.164062,13.148438,13.039062,13.031250,12.890625,12.703125
1	106	323	0.227354	323,1174,320,662,220,439,612,304	21.984375,20.562500,15.882812,15.796875,15.656250,14.960938,14.898438,14.742188
1	107	43423	8.322849	30928,11641,445,81349,37848,8096,8529,8766	14.203125,13.984375,13.382812,13.320312,13.296875,12.851562,12.820312,12.757812
1	108	15385	0.052172	15385,11826,25537,15371,52756,83929,432,71290	18.687500,14.007812,13.835938,12.726562,12.507812,12.179688,12.164062,12.148438
1	109	18843	0.000376	18843,47391,72187,37489,40493,19350,55333,33571	27.546875,19.343750,18.156250,15.343750,15.195312,14.390625,13.812500,13.312500
1	110	662	0.277756	662,304,1174,16853,323,220,2652,439	19.609375,17.328125,16.968750,16.843750,15.507812,14.789062,14.179688,14.070312
1	111	1283	2.064331	763,1283,426,5414,489,578,1115,624	15.687500,14.859375,14.195312,13.921875,13.773438,13.773438,13.648438,13.093750
1	112	574	3.174704	9922,1101,6476,1047,1243,574,706,4024	18.531250,18.343750,18.265625,18.062500,17.656250,17.093750,17.062500,16.937500
1	113	6445	1.436394	6445,1101,264,1243,304,39048,279,3010	16.046875,15.375000,15.367188,14.687500,13.968750,13.859375,13.640625,13.312500
1	114	304	1.387041	439,304,369,16662,311,555,1578,1174	21.796875,20.781250,17.984375,17.437500,17.265625,16.656250,16.515625,16.453125
1	115	279	0.277302	279,264,220,813,459,2500,578,1403	20.093750,18.156250,17.796875,15.773438,15.250000,15.000000,14.304688,14.140625
1	116	220	2.651180	12707,3560,220,18588,4632,13740,1514,961	17.093750,16.078125,15.414062,14.812500,14.523438,14.203125,14.156250,14.117188
1	117	1049	0.078041	1049,679,2550,3753,21,19,20,605	21.078125,17.937500,16.343750,14.843750,14.695312,14.593750,14.460938,14.445312
1	118	20	0.895048	20,21,19,22,23,24,18,17	22.765625,22.140625,21.875000,21.578125,20.343750,19.859375,19.296875,18.296875
1	119	34596	6.478069	12707,4632,18588,1514,13740,4101,5788,9417	17.265625,16.218750,15.203125,14.304688,14.078125,13.898438,13.789062,13.773438
1	120	54248	6.583769	5788,1514,34185,57105,7364,6566,5178,1629	20.515625,17.953125,15.843750,15.242188,15.093750,14.968750,14.914062,14.406250
1	121	315	0.152498	315,330,578,1174,364,520,439,362	16.375000,12.656250,12.023438,11.648438,11.398438,10.796875,10.335938,10.304688
1	122	279	1.711176	279,578,330,7553,9777,362,11335,364	13.929688,13.500000,12.578125,11.476562,11.421875,11.281250,11.195312,11.109375
1	123	26241	9.098499	11335,1514,18273,6566,16591,4375,12707,1403	15.203125,15.078125,13.031250,12.898438,12.710938,12.562500,12.273438,11.851562
1	124	93401	1.222992	32928,93401,37512,21396,39593,9346,17882,445	16.218750,15.718750,12.617188,12.523438,12.484375,12.335938,12.179688,12.164062
1	125	1514	0.292555	1514,11335,482,20156,364,6566,5439,23160	18.359375,15.906250,15.031250,14.929688,14.781250,14.148438,13.976562,13.617188
1	126	44662	6.500720	578,1174,330,763,1443,22674,323,11	12.671875,12.320312,12.070312,11.796875,11.742188,11.414062,10.906250,10.898438
1	127	50940	0.680766	50940,27315,596,1174,364,323,42320,57357	14.703125,12.617188,12.328125,12.078125,11.539062,11.507812,11.273438,11.000000
1	128	1174	1.475513	323,1174,520,662,2652,902,304,439	17.703125,17.656250,17.156250,17.000000,15.898438,15.648438,15.562500,15.031250
1	129	902	1.652046	323,902,304,5737,1405,520,16662,40500	16.921875,16.890625,15.898438,15.726562,15.406250,15.398438,15.390625,15.320312
1	130	574	0.875273	574,6476,568,9107,10837,85170,91713,1047	17.921875,16.406250,16.062500,15.859375,15.726562,15.664062,14.914062,14.851562
1	131	10887	0.898861	10887,51157,264,9124,8272,743,1176,15910	18.046875,16.515625,15.875000,15.835938,15.601562,15.476562,15.109375,15.085938
1	132	520	0.291765	520,304,555,389,449,439,2225,369	21.781250,20.171875,18.921875,17.890625,16.750000,16.546875,16.484375,16.421875
1	133	279	0.041361	279,578,2225,7295,2100,5370,3892,29514	20.671875,16.562500,15.437500,14.937500,14.437500,14.210938,14.187500,13.890625
1	134	46506	8.604040	16591,1708,13566,2100,5165,27315,29514,4418	16.281250,15.312500,14.937500,14.914062,14.710938,14.406250,13.562500,12.945312
1	135	27315	0.094584	27315,34596,12669,17979,304,323,38571,520	18.234375,14.679688,13.203125,13.179688,13.125000,13.007812,12.976562,12.968750
1	136	304	0.183254	304,1174,323,662,520,2652,389,320	20.625000,18.265625,17.640625,16.656250,15.304688,15.070312,14.765625,14.687500
1	137	72098	0.430197	72098,36937,921,279,7295,45039,61125,43997	17.750000,15.250000,14.539062,14.398438,14.398438,14.281250,14.265625,13.750000
1	138	323	0.937057	323,662,1174,2652,304,16853,8272,320	19.734375,19.281250,19.203125,17.375000,16.671875,16.484375,15.445312,15.132812
1	139	279	0.901403	279,520,1243,3010,1101,304,578,6476	17.546875,16.953125,16.281250,15.890625,14.906250,14.773438,14.078125,13.875000
1	140	11258	6.678829	16591,13566,27315,2100,1708,5165,4418,87833	14.046875,13.929688,13.890625,13.515625,13.289062,12.914062,12.812500,12.546875
1	141	1291	0.007622	1291,1435,596,89,42327,19380,55039,425	21.562500,16.125000,14.835938,13.031250,12.890625,12.796875,12.718750,12.562500
1	142	39520	0.047400	39520,19853,27315,520,18414,58274,662,2468	19.312500,15.078125,14.476562,13.593750,12.968750,12.851562,12.406250,12.320312
1	143	17367	0.008244	17367,27315,52466,4821,8803,38829,1174,8351	22.343750,15.882812,15.187500,15.164062,14.992188,14.789062,14.757812,14.710938
1	144	304	0.120737	304,662,34596,27315,1174,2652,16853,323	21.375000,18.234375,17.812500,17.328125,17.234375,16.078125,15.257812,15.210938
1	145	7295	0.026434	7295,279,220,264,77475,4410,12366,89817	22.234375,18.015625,17.078125,14.890625,14.882812,14.265625,14.234375,14.179688
1	146	662	0.265879	662,1174,16853,2652,323,304,320,220	19.609375,17.359375,16.828125,16.765625,15.234375,14.781250,14.414062,14.234375
1	147	1283	2.273554	763,1283,426,578,489,5414,1115,624	15.726562,14.585938,14.570312,13.750000,13.609375,13.500000,13.414062,12.890625
1	148	574	2.854336	6476,9922,1101,1047,574,1243,59335,4024	18.656250,18.578125,18.328125,18.156250,17.593750,17.484375,17.281250,16.906250
1	149	15910	5.623604	6445,1101,264,1243,39048,304,961,22034	17.062500,16.296875,15.625000,15.203125,14.593750,14.242188,14.179688,14.117188
1	150	555	0.052597	555,304,389,369,1578,16662,311,323	22.437500,19.140625,16.406250,16.234375,15.984375,15.929688,15.687500,15.578125
1	151	3842	4.573317	279,8096,13142,24565,6941,22021,26241,21077	13.742188,12.429688,12.421875,12.171875,12.140625,12.117188,12.039062,12.031250
1	152	68573	0.732405	68573,98991,83108,27839,10608,95941,52034,45677	15.250000,13.335938,12.820312,12.351562,12.203125,12.187500,11.953125,11.632812
1	153	323	1.407158	1174,323,662,304,889,16853,2652,320	19.453125,19.265625,19.078125,18.093750,17.984375,17.000000,16.734375,16.078125
1	154	59335	1.749079	59335,6476,279,9922,574,1080,813,1047	16.015625,15.750000,15.320312,15.125000,14.531250,14.476562,14.437500,14.437500
1	155	16662	0.142807	16662,449,3235,304,14329,439,30488,4315	20.500000,17.515625,17.078125,17.031250,15.875000,15.500000,13.882812,13.843750
1	156	7505	5.074316	20142,12360,24577,4488,279,8529,1023,30928	15.867188,14.484375,13.531250,12.914062,12.882812,12.765625,12.539062,12.085938
1	157	1254	1.044043	1254,33267,356,38747,50635,426,41208,44954	15.570312,14.343750,13.679688,13.460938,13.421875,13.062500,12.804688,12.804688
1	158	819	0.000792	819,1468,36040,321,285,11218,16849,21168	25.046875,16.734375,15.265625,14.992188,14.976562,14.859375,14.664062,14.289062
1	159	675	0.000010	675,8805,85277,14406,363,10196,14757,365	31.859375,19.640625,18.484375,17.281250,16.812500,16.656250,16.343750,16.265625
1	160	1174	1.942339	323,662,1174,304,16853,2652,439,889	20.250000,19.515625,18.968750,17.343750,16.843750,16.718750,15.593750,15.335938
1	161	51075	7.488398	889,323,4488,304,15469,902,449,432	14.156250,14.015625,13.703125,12.882812,12.828125,12.812500,12.796875,12.593750
1	162	1901	4.785557	47075,507,7867,386,55858,100074,23750,33107	14.101562,13.976562,13.304688,12.531250,12.257812,12.210938,11.960938,11.921875
1	163	12997	0.161798	12997,472,278,648,4010,10033,1394,36110	18.875000,16.343750,14.718750,14.562500,14.140625,13.539062,13.367188,13.250000
1	164	1174	1.345169	323,1174,320,220,662,574,612,11	21.531250,20.500000,14.929688,14.882812,14.671875,14.406250,14.296875,14.195312
1	165	14253	7.629299	323,4488,6941,15469,8529,22021,3842,432	19.140625,14.046875,13.789062,13.601562,13.531250,13.476562,13.281250,13.242188
1	166	18206	11.691736	41493,46296,5250,350,386,7867,4584,1283	17.015625,16.953125,15.593750,15.390625,14.421875,13.953125,13.640625,13.390625
1	167	1174	0.998993	323,1174,263,11,439,17472,12,662	18.859375,18.437500,15.031250,14.046875,13.789062,13.476562,13.234375,13.109375
1	168	56230	8.931101	323,4488,6941,8529,22021,15469,7043,3842	17.984375,13.640625,13.429688,13.226562,13.148438,13.039062,13.015625,12.906250
1	169	24852	2.164162	7957,473,24852,362,53596,10690,19178,8595	16.218750,15.484375,15.070312,13.492188,12.632812,12.507812,12.343750,12.234375
1	170	417	0.038927	417,388,783,12841,5599,261,2392,2396	20.453125,15.406250,14.992188,14.992188,14.726562,14.570312,14.554688,13.968750
1	171	1174	0.750706	323,1174,662,2652,320,439,220,304	20.812500,20.734375,16.312500,15.085938,14.429688,14.343750,14.304688,14.265625
1	172	60410	6.769983	323,4488,6941,22021,8529,15469,7505,7043	17.296875,13.757812,13.468750,13.390625,13.296875,13.117188,13.070312,13.062500
1	173	81764	1.305939	7777,81764,24008,432,44707,26224,386,27738	15.750000,15.750000,14.296875,13.703125,13.617188,13.437500,13.062500,12.843750
1	174	323	0.618225	323,1174,662,2652,320,439,220,612	21.312500,21.125000,16.828125,15.093750,14.507812,14.492188,14.453125,14.085938
1	175	68134	6.071791	4488,7505,15469,3885,6941,8529,30928,22021	13.101562,12.953125,12.625000,12.601562,12.601562,12.554688,12.460938,12.429688
1	176	11166	9.196819	386,24421,11035,6914,4410,72497,2009,50532	15.843750,15.648438,13.796875,13.679688,13.609375,13.562500,13.523438,13.437500
1	177	662	0.340227	662,304,1174,16853,2652,439,49978,323	18.359375,15.765625,15.656250,15.515625,14.515625,14.007812,13.968750,13.937500
1	178	720	5.565754	763,426,1283,578,489,5414,1115,12220	15.929688,14.562500,14.296875,14.070312,13.656250,13.296875,13.148438,12.875000
1	179	763	5.697086	644,1548,33,34363,8880,791,16366,220	14.914062,13.367188,13.242188,13.054688,13.000000,12.460938,12.085938,11.625000
1	180	220	0.099903	220,279,5369,6186,5587,813,6664,6250	21.250000,18.390625,15.984375,15.632812,15.507812,15.492188,15.390625,15.250000
1	181	1049	0.058989	1049,679,220,2550,2366,3753,21,508	21.484375,18.625000,14.531250,14.500000,12.609375,12.046875,11.640625,11.632812
1	182	21	0.829029	21,22,20,23,24,19,18,17	21.921875,21.296875,20.765625,20.546875,19.812500,18.468750,17.890625,17.046875
1	183	1174	1.464983	568,1174,426,279,323,482,813,433	17.593750,16.921875,16.671875,14.351562,13.515625,13.429688,13.179688,12.726562
1	184	426	0.872955	426,568,279,813,264,6941,4488,7505	17.031250,17.031250,14.398438,12.687500,12.609375,12.328125,12.226562,12.054688
1	185	11206	0.000093	11206,619,5049,5599,3023,3102,3514,6478	25.640625,14.289062,14.070312,13.375000,13.312500,13.203125,13.101562,12.906250
1	186	466	0.000340	466,783,668,1303,55704,3751,2024,2002	26.921875,18.703125,16.515625,14.664062,14.578125,14.468750,14.109375,13.929688
1	187	59335	2.807058	6476,9922,574,27212,1047,59335,1903,11096	18.625000,18.421875,18.062500,17.953125,17.796875,17.468750,16.578125,16.578125
1	188	16662	2.108891	304,439,16662,449,389,14329,3235,1174	21.859375,21.140625,20.312500,17.359375,17.171875,16.812500,16.609375,16.375000
1	189	1254	10.952581	12360,20142,24577,4488,7505,8529,279,8096	15.007812,14.554688,13.867188,13.734375,13.101562,13.039062,12.843750,12.726562
1	190	819	0.006433	819,29400,59919,450,1468,285,69935,411	22.890625,16.781250,14.640625,14.617188,14.484375,14.476562,14.109375,14.000000
1	191	675	0.000919	675,365,8805,363,10196,14406,2933,1494	25.000000,16.578125,16.562500,16.515625,14.781250,14.617188,14.164062,14.000000
1	192	304	0.665686	304,323,1174,1578,3131,439,389,520	21.953125,21.171875,20.593750,20.218750,17.734375,17.265625,17.046875,16.640625
1	193	279	0.247406	279,264,2500,578,44662,459,3842,813	17.937500,15.601562,14.382812,13.406250,13.335938,12.992188,12.742188,12.320312
1	194	1514	1.819229	1514,12707,34596,16591,5788,6566,1890,27315	14.953125,14.054688,14.046875,13.945312,13.890625,13.835938,13.718750,13.312500
1	195	94836	12.039457	44662,578,330,1115,220,362,1174,364	12.773438,12.429688,12.015625,11.132812,10.648438,10.531250,10.492188,10.453125
1	196	5439	2.663076	520,1174,5439,315,902,662,323,555	16.921875,16.343750,15.125000,14.085938,14.078125,13.976562,13.953125,13.804688
1	197	555	0.030546	555,323,1101,1578,369,571,520,304	22.703125,18.687500,16.953125,16.921875,16.125000,15.781250,15.531250,15.335938
1	198	4488	3.295296	22021,6941,26241,4488,3842,323,18587,24150	14.023438,13.664062,13.359375,13.265625,13.242188,13.062500,13.031250,12.265625
1	199	46207	0.539932	46207,507,1443,33104,2009,1283,32580,44632	16.078125,13.500000,13.007812,12.976562,12.421875,12.117188,12.109375,11.898438
1	200	28607	0.000511	28607,43341,76423,8270,71,24898,6798,482	27.156250,19.250000,17.828125,16.171875,16.015625,14.679688,14.437500,13.664062
1	201	662	2.147604	1174,520,662,323,2652,902,304,369	20.421875,20.234375,19.265625,19.093750,18.046875,17.531250,17.000000,16.515625
1	202	1283	1.729998	763,1283,578,1115,426,1102,720,220	16.640625,16.281250,16.062500,15.992188,14.664062,14.546875,14.531250,14.078125
1	203	9922	1.780243	6476,9922,1047,1101,574,1243,59335,27212	19.187500,18.984375,18.609375,18.421875,18.343750,17.750000,17.718750,17.187500
1	204	389	2.257036	304,439,389,16662,520,449,1578,14329	20.984375,19.609375,19.250000,18.671875,18.203125,17.765625,16.078125,15.718750
1	205	264	5.603880	12707,279,6566,4264,18588,220,13740,9063	18.578125,18.500000,18.343750,15.726562,14.828125,14.656250,14.601562,14.437500
1	206	220	2.637651	12707,18588,220,9417,13740,1396,18584,6566	14.562500,14.054688,13.929688,13.617188,13.375000,13.164062,13.046875,12.945312
1	207	1049	0.273109	1049,679,17,966,18,21,605,22	18.640625,15.820312,14.531250,14.398438,14.390625,14.367188,14.125000,14.046875
1	208	21	1.187201	22,21,23,24,20,19,18,17	22.250000,21.671875,20.531250,19.281250,18.437500,17.328125,17.078125,16.890625
1	209	9417	0.625172	9417,12707,18588,9063,18584,14002,6566,13740	16.765625,14.945312,14.203125,13.867188,13.421875,13.242188,13.171875,13.125000
1	210	315	0.017736	315,389,320,330,2663,571,1174,220	21.390625,15.304688,15.289062,15.015625,14.921875,14.765625,14.609375,14.320312
1	211	279	0.102037	279,54943,578,16071,19150,7658,6460,49922	18.546875,14.476562,14.273438,13.218750,13.023438,12.867188,12.796875,12.460938
1	212	12707	0.417080	12707,18588,8013,13740,6593,94455,6007,5526	17.906250,16.015625,14.921875,14.718750,14.328125,14.304688,14.007812,13.796875
1	213	4101	0.165222	4101,20156,1501,18629,23160,9977,25999,2068	20.500000,18.140625,17.093750,15.851562,15.523438,15.437500,15.289062,15.054688
1	214	1174	6.381756	54943,16071,578,49922,89017,19150,1561,18449	14.195312,12.882812,12.851562,12.742188,12.625000,12.203125,12.101562,11.882812
1	215	54943	2.449620	54943,578,89017,1561,220,279,330,3092	12.718750,12.414062,11.843750,11.757812,11.609375,11.601562,11.570312,11.539062
1	216	1174	1.488060	662,1174,439,2652,323,220,5737,304	18.406250,17.609375,16.156250,15.835938,15.734375,15.054688,14.890625,14.460938
1	217	8272	4.951670	323,5737,439,304,1405,40500,25891,902	17.812500,17.687500,17.546875,16.437500,16.062500,15.585938,15.421875,15.148438
1	218	555	0.060806	555,304,20193,264,279,449,709,3010	22.609375,19.062500,17.250000,17.203125,16.875000,16.843750,16.734375,16.546875
1	219	264	0.634705	264,459,27351,2500,279,8810,13073,40500	19.031250,17.687500,16.875000,16.703125,16.656250,15.742188,15.695312,15.609375
1	220	3560	1.481251	220,3560,8810,40500,46350,961,4726,12707	18.531250,18.203125,17.890625,17.593750,15.375000,15.351562,14.937500,14.851562
1	221	304	0.387072	304,439,389,16662,571,315,40500,1174	22.125000,20.703125,20.515625,16.906250,16.421875,16.250000,16.078125,16.046875
1	222	279	0.139727	279,264,220,459,2500,578,330,9417	18.609375,15.546875,15.210938,14.554688,14.390625,13.343750,12.085938,12.046875
1	223	220	0.943056	220,12707,1514,18588,9417,4632,13740,34596	17.562500,17.187500,15.656250,15.281250,14.687500,14.507812,14.281250,14.109375
1	224	1049	0.018841	1049,679,966,220,508,21,2550,17	21.171875,16.578125,13.593750,13.507812,13.468750,13.171875,13.070312,13.023438
1	225	22	0.254480	22,23,21,24,20,19,18,15	23.171875,21.406250,20.718750,19.687500,16.218750,14.914062,14.531250,14.281250
1	226	34596	3.502558	12707,9417,1514,4632,5788,18588,34596,4101	17.109375,15.835938,15.273438,15.164062,14.828125,14.710938,14.460938,14.000000
1	227	5788	0.052141	5788,54248,1514,5178,34185,6566,24601,1501	21.375000,17.453125,17.156250,15.804688,15.593750,15.132812,14.750000,14.453125
1	228	315	0.085409	315,1174,578,330,520,364,220,362	17.109375,12.359375,12.070312,11.648438,11.289062,10.406250,10.320312,10.187500
1	229	2650	7.737423	279,578,330,22021,42482,3842,6941,26241	15.703125,13.609375,11.531250,11.375000,11.273438,11.187500,11.179688,11.062500
1	230	311	0.936611	311,279,648,12838,10180,21114,3234,2402	16.453125,14.906250,14.539062,14.453125,14.414062,14.304688,13.945312,13.687500
1	231	71727	3.847555	387,23588,2893,13969,2175,12468,29878,328	14.632812,14.531250,14.328125,14.023438,13.828125,13.632812,13.234375,12.960938
1	232	15910	4.057707	1174,5439,555,662,520,304,15910,264	17.046875,16.390625,15.500000,15.484375,15.242188,15.117188,14.007812,14.000000
1	233	555	0.008085	555,323,1578,520,571,369,1174,1101	22.343750,16.343750,15.257812,14.867188,14.609375,14.531250,13.890625,13.835938
1	234	28978	6.256918	3842,22021,4488,279,8096,323,6941,13142	13.929688,13.359375,13.125000,12.843750,12.812500,12.789062,12.781250,12.578125
1	235	648	0.384323	648,6672,473,3817,375,6151,325,8047	19.093750,18.234375,14.984375,14.140625,13.765625,13.343750,12.445312,12.132812
1	236	432	0.910400	432,37828,28574,16844,666,23074,423,11220	15.835938,14.867188,14.015625,13.843750,13.351562,13.273438,13.101562,12.843750
1	237	85534	0.000740	85534,373,19519,532,1605,632,525,7403	23.562500,14.140625,14.015625,13.820312,13.789062,13.414062,12.929688,12.921875
1	238	662	0.936756	662,323,520,1174,2652,304,220,902	19.968750,19.453125,19.140625,18.625000,16.859375,16.406250,16.171875,16.109375
1	239	2650	9.037014	763,1283,426,720,578,220,4815,1115	16.921875,16.046875,15.007812,14.929688,14.539062,14.226562,14.093750,14.085938
1	240	311	0.052652	311,2057,648,1550,656,1174,1690,75	20.031250,16.234375,14.195312,13.867188,13.632812,13.203125,13.203125,13.117188
1	241	71727	0.004873	71727,41100,70819,356,47075,387,1174,13182	22.906250,16.671875,15.359375,15.023438,14.906250,14.296875,13.554688,13.296875
1	242	574	0.724653	574,374,59335,6476,1174,15109,1101,1047	18.375000,17.093750,16.000000,15.851562,15.578125,15.492188,15.218750,15.187500
1	243	10887	0.976784	10887,264,5439,3196,279,1101,9124,51157	17.968750,17.140625,16.078125,16.062500,15.820312,15.367188,15.273438,14.945312
1	244	520	0.163506	520,304,555,389,439,369,2391,449	22.328125,19.984375,18.812500,18.140625,17.093750,16.609375,16.593750,16.500000
1	245	14409	11.392773	279,578,7295,27315,2225,42482,2100,29514	20.859375,15.992188,14.710938,14.429688,14.382812,14.343750,13.804688,13.625000
1	246	27315	0.019735	27315,34596,38571,11166,578,323,49565,4783	21.437500,16.656250,15.015625,14.742188,14.640625,14.531250,14.507812,14.101562
1	247	304	0.292326	304,323,662,1174,2652,7295,220,449	20.500000,18.531250,17.906250,17.671875,16.046875,15.554688,14.921875,14.742188
1	248	279	4.860231	7295,279,4410,220,473,9909,14409,59646	22.156250,17.328125,17.078125,17.015625,15.570312,15.515625,15.343750,15.335938
1	249	7295	1.085306	7295,4410,6560,3723,7474,14409,9909,27315	16.156250,15.835938,14.507812,13.820312,13.289062,13.125000,13.023438,12.882812
1	250	85303	2.815937	662,323,4410,34596,85303,27315,3158,66841	16.031250,15.359375,15.171875,15.078125,14.640625,14.546875,14.398438,14.093750
1	251	315	0.003183	315,82,323,5046,662,7295,1174,304	23.328125,16.781250,14.984375,14.984375,14.632812,14.367188,14.234375,13.781250
1	252	473	0.011663	473,469,96833,7295,36082,48043,32402,47431	22.218750,15.945312,15.851562,15.390625,15.390625,15.046875,14.828125,14.414062
1	253	43157	0.004467	43157,1656,3329,60086,5599,4214,9162,4786	25.843750,20.421875,15.500000,13.148438,13.054688,13.046875,12.593750,11.679688
1	254	44774	0.000071	44774,76,3258,411,1800,662,71,2465	26.671875,15.851562,15.429688,14.875000,14.101562,13.601562,13.296875,13.140625
1	255	323	0.020990	323,662,612,304,1174,719,2652,473	20.984375,15.765625,15.695312,15.054688,14.320312,14.007812,13.750000,13.343750
