# model	models/mlx/mixtral-8x7b-instruct-v0.1-4bit
# corpus	tests/fixtures/wikitext2_excerpt.txt	tokens	326253
# chunks	80	chunk_tokens	8	topk	8	prefill	512
# columns	chunk	pos	target	nll	top_ids	top_logits
0	0	12217	10.528704	1247,422,1186,3660,22478,726,7299,589	12.046875,10.273438,9.781250,9.515625,9.265625,8.937500,8.726562,8.421875
0	1	570	4.681443	28707,313,21861,515,593,321,278,309	14.101562,13.734375,13.625000,13.328125,13.187500,13.039062,12.968750,12.203125
0	2	510	0.057486	510,338,28744,28729,8440,314,28717,28708	18.984375,15.796875,14.132812,12.914062,11.765625,11.656250,11.203125,11.085938
0	3	28733	6.447875	28745,564,8323,3929,28732,28723,5896,13	12.234375,11.640625,11.617188,11.414062,11.148438,11.000000,10.984375,10.593750
0	4	28750	4.389587	532,8323,11465,3839,28740,5527,28750,5041	10.609375,10.562500,10.242188,10.046875,10.031250,9.671875,9.617188,9.429688
0	5	3735	9.042591	28734,28733,28723,28745,13,325,28782,28725	14.406250,13.992188,13.007812,12.656250,12.445312,12.398438,12.171875,11.757812
0	6	3198	5.899668	3286,13,9888,5284,325,28705,288,673	15.421875,15.234375,14.875000,14.703125,14.179688,13.882812,13.859375,13.500000
0	7	20272	0.005680	20272,267,28720,19445,21380,12992,1079,715	18.703125,11.585938,11.507812,10.828125,10.679688,10.664062,10.289062,10.210938
1	0	327	0.727131	327,13,325,28705,28747,354,387,28725	19.437500,18.859375,18.000000,16.187500,15.703125,15.625000,15.343750,15.289062
1	1	13	1.609526	851,13,415,859,8070,2772,23713,12217	19.093750,18.828125,18.140625,18.093750,17.234375,16.906250,16.656250,16.578125
1	2	13	0.359425	13,3260,1014,585,28780,28746,15537,28736	16.218750,14.226562,13.125000,12.937500,12.484375,12.445312,12.179688,11.296875
1	3	4220	6.385569	3260,1014,585,28736,13,28746,28780,15537	13.507812,11.992188,11.890625,11.562500,11.148438,11.132812,11.101562,10.773438
1	4	260	7.515656	28747,2696,9066,2245,714,13,325,5373	19.687500,16.343750,16.250000,16.187500,15.773438,15.710938,15.679688,15.609375
1	5	714	0.642088	714,342,327,12,3550,733,523,4449	17.812500,16.578125,15.867188,15.007812,14.835938,14.148438,14.140625,13.898438
1	6	4449	2.828756	3550,8070,733,523,4449,28705,12217,732	18.000000,17.343750,17.218750,16.609375,16.343750,15.734375,15.359375,14.890625
1	7	1508	0.001091	1508,28747,714,564,28789,13,421,28723	22.890625,15.578125,13.664062,13.195312,13.015625,12.773438,12.343750,11.640625
2	0	28716	5.087482	6222,269,2849,28715,1507,11338,1394,8301	15.976562,15.539062,15.250000,14.351562,13.617188,13.421875,13.085938,13.046875
2	1	786	3.214918	468,28721,988,786,1416,1067,28750,26527	16.812500,15.992188,15.203125,14.257812,13.789062,12.984375,12.531250,12.257812
2	2	3080	0.000315	3080,6207,2053,265,28709,4082,288,4754	23.406250,14.437500,12.960938,12.593750,12.000000,11.585938,11.539062,11.406250
2	3	1797	0.000137	1797,9288,2105,23744,20107,28678,28723,28733	24.703125,14.421875,14.382812,13.937500,13.539062,13.296875,12.734375,12.187500
2	4	28723	0.000019	28723,28733,28748,13,28725,1115,28750,842	24.781250,13.406250,11.632812,11.507812,10.703125,10.078125,9.484375,8.929688
2	5	1115	0.000332	1115,675,4798,9538,2591,1001,450,6222	24.593750,16.125000,14.953125,13.281250,13.195312,12.492188,12.070312,11.726562
2	6	28748	0.000078	28748,13,421,28723,1922,28747,11912,3849	24.625000,13.898438,13.898438,13.195312,12.093750,11.687500,11.382812,11.312500
2	7	4201	0.053120	4201,4754,10038,11338,13241,17066,28715,28707	17.968750,13.257812,13.187500,13.000000,11.960938,11.539062,11.398438,11.390625
3	0	20363	0.000002	20363,555,25716,6591,293,375,6491,25436	28.687500,14.039062,13.742188,13.523438,12.828125,12.460938,12.421875,12.281250
3	1	28748	0.001143	28748,13,11912,421,22237,28723,28730,17713	21.656250,13.882812,12.328125,12.046875,12.007812,11.835938,11.593750,11.500000
3	2	28735	7.697807	18509,28727,28717,28768,28713,28716,28780,28719	12.945312,12.218750,11.390625,11.218750,11.148438,11.117188,11.039062,11.023438
3	3	2230	2.761848	1189,2190,2230,377,364,7855,595,1169	13.359375,12.882812,12.804688,12.367188,12.148438,11.890625,11.843750,11.710938
3	4	5712	0.119333	5712,2314,19714,9701,2383,14787,7226,1294	16.781250,13.960938,13.335938,11.226562,11.218750,11.070312,11.062500,10.226562
3	5	28748	0.027012	28748,28733,1146,13,28730,7982,1151,896	18.031250,12.835938,12.781250,12.656250,12.070312,11.937500,11.382812,10.640625
3	6	18509	1.073316	18509,28780,13845,28727,15941,4754,4555,23954	13.085938,12.781250,11.476562,11.125000,10.609375,9.968750,9.921875,9.914062
3	7	570	0.014061	570,279,473,294,3790,5379,4371,278	22.171875,16.812500,15.804688,15.296875,15.125000,15.093750,14.765625,14.718750
4	0	510	0.000002	510,28744,1205,338,8440,772,1568,23049	30.437500,17.015625,15.140625,14.593750,12.468750,12.234375,12.195312,12.109375
4	1	13	2.620876	28733,13,28730,28750,28748,14048,325,28705	18.625000,16.140625,15.226562,14.171875,12.562500,12.539062,12.445312,11.867188
4	2	3540	6.264961	13,9428,4841,4818,28758,7301,1963,5056	15.812500,13.492188,12.492188,12.101562,11.765625,11.703125,11.601562,11.406250
4	3	673	0.728305	673,10286,14254,6591,1123,6306,28733,8692	14.562500,12.523438,12.523438,12.515625,12.382812,12.312500,11.328125,10.734375
4	4	260	0.469398	260,2287,355,259,28705,273,5390,28747	18.312500,17.656250,14.156250,14.007812,13.710938,13.250000,12.906250,12.546875
4	5	714	0.000082	714,12,29000,2753,387,325,464,28994	25.453125,15.039062,13.937500,13.398438,13.062500,12.640625,12.234375,12.218750
4	6	275	1.417015	275,28705,1369,5835,12217,464,3716,18509	17.125000,16.671875,16.531250,16.281250,15.523438,15.226562,14.578125,14.445312
4	7	849	0.085625	849,7137,28707,2630,28710,28750,14579,336	21.656250,19.218750,14.585938,13.640625,12.898438,12.734375,12.523438,11.546875
5	0	570	0.006012	570,13189,279,473,536,4371,772,412	21.796875,16.296875,13.992188,13.562500,12.859375,12.421875,12.328125,12.250000
5	1	510	0.000010	510,28744,1205,28775,310,1071,28315,338	30.171875,18.546875,15.359375,13.164062,12.992188,12.109375,11.953125,11.851562
5	2	28733	0.061815	28733,13,28730,28723,28750,28725,28705,28748	19.171875,15.796875,14.515625,13.851562,13.750000,13.234375,12.718750,12.390625
5	3	28750	0.049084	28750,28740,9310,16962,1507,1613,15730,269	18.000000,14.820312,11.242188,10.578125,10.320312,10.257812,10.242188,9.859375
5	4	28733	0.993254	13,28733,28725,325,28723,28748,28730,28705	17.468750,17.031250,13.867188,13.343750,12.906250,12.562500,12.140625,11.546875
5	5	1507	0.106602	1507,28728,28740,2398,15730,370,980,1613	17.515625,14.359375,13.515625,13.210938,12.007812,11.796875,11.664062,11.328125
5	6	28733	0.072023	28733,13,28748,28725,28723,325,28730,376	19.984375,17.234375,14.273438,13.554688,13.515625,13.140625,12.656250,12.156250
5	7	28728	0.000841	28728,1389,11961,9501,28740,11484,391,19457	21.453125,13.539062,12.710938,11.523438,11.335938,11.265625,10.476562,10.140625
6	0	28740	0.016808	28740,28750,28734,28770,28782,28783,28781,28787	20.812500,16.328125,15.078125,13.882812,12.578125,12.328125,12.109375,11.789062
6	1	13	0.064686	13,325,28723,28725,28748,28733,28705,28745	20.609375,16.390625,16.328125,16.296875,16.109375,14.429688,14.203125,13.695312
6	2	16990	3.022084	4841,13,2171,9428,16990,4818,7301,5343	14.046875,13.843750,13.101562,12.773438,12.640625,12.156250,12.078125,11.984375
6	3	355	0.780146	428,355,5390,1212,260,273,28705,2287	17.843750,17.828125,13.539062,13.507812,13.460938,13.351562,13.335938,12.906250
6	4	714	0.000074	714,12,29000,2753,387,732,325,1200	26.937500,16.828125,15.937500,13.937500,13.359375,13.234375,13.062500,12.835938
6	5	1369	1.292095	5835,1369,15150,8435,28705,4154,27035,275	21.562500,20.703125,17.703125,17.140625,16.625000,16.562500,16.468750,16.375000
6	6	325	4.436716	13,28723,325,28725,28730,28733,808,28748	20.312500,16.015625,15.914062,14.359375,14.171875,13.664062,13.273438,13.148438
6	7	28781	4.486835	28740,28750,28782,4081,455,28784,370,28770	12.867188,11.437500,10.820312,10.468750,10.453125,10.398438,10.351562,10.335938
7	0	28770	4.394060	28734,28774,28750,28740,28783,28781,28782,28770	18.218750,15.179688,14.656250,14.546875,14.281250,14.218750,14.148438,14.039062
7	1	28782	2.504166	28783,28784,28725,28782,28750,28787,28740,28734	15.789062,15.632812,15.507812,15.390625,15.304688,15.296875,15.179688,15.109375
7	2	28783	2.135439	28783,28734,28784,28750,28787,28774,28782,28781	15.312500,15.257812,15.109375,15.093750,14.960938,14.859375,14.804688,14.796875
7	3	11926	6.996054	28731,28783,28774,28782,28784,1369,10181,28787	14.382812,13.500000,13.367188,13.296875,13.234375,13.078125,13.039062,12.992188
7	4	28731	0.278700	28731,28725,442,28745,732,557,302,1318	21.828125,19.953125,18.578125,17.656250,17.343750,17.265625,17.218750,17.046875
7	5	13	0.007168	13,442,325,28705,387,648,342,304	22.843750,16.156250,15.781250,15.445312,14.828125,14.781250,14.648438,14.570312
7	6	9428	2.620479	13,4841,5056,9428,28758,13843,2171,2269	13.734375,13.000000,12.945312,12.765625,12.179688,11.765625,11.757812,11.515625
7	7	2287	0.019398	2287,260,259,355,28705,28732,12,28747	21.937500,17.718750,15.765625,14.164062,14.156250,14.000000,13.601562,13.546875
8	0	714	0.000040	714,12,29000,325,2753,6210,733,28747	26.437500,14.945312,14.460938,13.828125,13.773438,13.500000,12.539062,12.351562
8	1	16900	0.335276	16900,23626,17156,733,8958,18535,4449,935	22.375000,20.593750,19.281250,19.234375,18.765625,18.187500,18.093750,17.921875
8	2	11732	0.280050	11732,28733,5288,14188,486,2463,28734,14343	21.406250,20.156250,17.953125,14.718750,14.289062,14.140625,13.945312,13.140625
8	3	28733	0.090717	28733,14188,28705,14343,387,13,5530,28730	22.750000,20.203125,18.578125,14.937500,14.203125,13.125000,12.867188,12.867188
8	4	5530	0.003834	5530,9419,14188,28781,3820,6916,28750,28735	21.234375,15.593750,12.734375,9.570312,8.781250,8.781250,8.781250,8.640625
8	5	28705	0.007345	28705,13,325,523,14343,28733,28725,733	23.671875,18.140625,16.828125,15.640625,15.507812,15.171875,15.046875,14.976562
8	6	28770	0.377506	28770,28781,28750,13,28734,28740,325,28782	21.515625,20.734375,14.226562,11.046875,10.539062,10.515625,9.773438,8.890625
8	7	28723	0.000477	28723,13,325,28725,28733,28705,28747,842	24.234375,16.234375,13.789062,13.250000,13.015625,12.757812,12.132812,11.789062
9	0	28734	0.000181	28734,13,28705,28709,325,28723,28744,28762	25.328125,16.140625,15.304688,14.585938,12.429688,11.523438,11.304688,11.125000
9	1	325	2.312346	13,325,304,28725,395,567,387,648	20.796875,18.812500,18.796875,17.468750,17.390625,15.203125,14.960938,14.921875
9	2	3887	0.942915	3887,2872,28780,370,28792,1733,28789,16346	14.921875,13.414062,13.031250,12.882812,12.750000,12.382812,12.093750,11.718750
9	3	1508	0.000671	1508,13,28747,421,714,28723,589,28800	22.562500,13.773438,13.562500,13.125000,12.820312,11.984375,11.609375,11.429688
9	4	16346	0.100485	16346,269,28716,2849,6222,15941,2415,18509	19.140625,16.546875,14.304688,13.843750,13.828125,13.257812,12.890625,12.429688
9	5	495	0.000010	495,449,535,294,1771,18388,28710,333	27.640625,14.828125,14.296875,13.882812,13.320312,13.164062,13.164062,13.140625
9	6	26527	0.000114	26527,901,1805,21470,28733,13,675,588	26.234375,16.187500,16.078125,14.171875,14.132812,14.070312,13.953125,13.421875
9	7	28723	0.000101	28723,1952,28733,842,13,28756,28792,28748	23.734375,13.515625,12.953125,12.625000,11.554688,10.882812,10.578125,10.437500
10	0	1909	0.000051	1909,2247,271,13,675,28723,8974,476	24.109375,13.171875,12.046875,11.687500,11.328125,11.242188,10.742188,10.195312
10	1	28748	0.000134	28748,421,19840,28731,28723,13,28747,9146	24.890625,15.093750,14.281250,13.921875,13.414062,13.296875,11.734375,11.476562
10	2	9146	0.001816	9146,577,10959,16576,2415,19984,11338,13	19.625000,11.906250,11.257812,11.210938,10.703125,10.281250,9.929688,9.898438
10	3	28748	0.000393	28748,19840,28731,28733,13,421,22237,28723	23.140625,14.570312,13.406250,12.976562,11.953125,11.929688,11.343750,11.335938
10	4	1403	0.000349	1403,28726,486,17664,1816,13,16576,28804	21.656250,13.031250,12.382812,10.289062,9.585938,9.343750,9.046875,8.703125
10	5	28733	0.000601	28733,28748,28730,13,637,27682,387,28723	22.921875,15.437500,11.539062,10.820312,10.789062,10.031250,9.625000,9.117188
10	6	3820	0.000107	3820,14770,637,13,2,1816,5530,28713	25.046875,15.632812,13.812500,12.882812,11.218750,10.593750,10.539062,10.312500
10	7	28748	0.000151	28748,19840,28733,28731,421,13,28730,732	25.312500,16.312500,13.742188,12.937500,12.296875,12.210938,11.507812,11.414062
11	0	28770	0.000126	28770,28781,28750,13,28789,28740,3820,28705	22.968750,13.718750,11.117188,10.773438,10.257812,10.171875,9.843750,9.484375
11	1	28723	0.000080	28723,28748,3849,19840,28734,28731,2974,13	23.609375,13.273438,11.859375,11.859375,11.835938,11.406250,11.398438,10.968750
11	2	28734	0.000090	28734,13,28709,28705,2,28782,28740,28774	24.796875,14.929688,13.257812,12.609375,12.304688,11.726562,11.484375,10.984375
11	3	19840	0.059366	19840,28731,28748,557,25574,609,27581,421	21.343750,18.265625,17.046875,13.710938,13.390625,12.203125,12.109375,11.406250
11	4	13	0.022543	13,304,567,28705,325,395,442,342	22.812500,18.359375,16.531250,16.234375,16.171875,16.093750,15.765625,15.375000
11	5	2517	8.881958	13,4841,5343,10143,14265,20582,28743,17590	14.937500,14.523438,13.054688,13.000000,12.968750,12.367188,12.210938,12.031250
11	6	1030	0.008389	1030,2148,595,28711,3310,758,593,2694	21.812500,16.750000,14.484375,14.250000,13.328125,12.578125,12.539062,12.406250
11	7	296	0.002653	296,594,286,28723,259,266,28707,352	22.250000,15.992188,14.390625,12.679688,12.515625,11.937500,11.718750,11.320312
12	0	28747	0.714363	714,28747,28705,259,2287,325,28733,14243	19.718750,19.687500,13.382812,13.023438,12.820312,12.625000,12.460938,12.171875
12	1	21740	4.278961	16377,851,415,12217,345,4449,523,8070	18.125000,16.921875,16.734375,16.406250,16.093750,16.093750,16.031250,15.929688
12	2	26091	1.721464	325,26091,13,28725,304,20826,11739,28723	18.562500,17.609375,17.531250,16.171875,15.476562,15.023438,15.000000,14.687500
12	3	28725	1.750978	325,13,28725,28723,523,28745,8070,304	19.140625,18.859375,18.546875,18.437500,16.562500,15.898438,15.890625,15.820312
12	4	16377	6.871914	345,9842,7482,14264,6726,567,6647,8070	18.234375,17.578125,17.437500,17.140625,15.890625,15.414062,15.226562,15.195312
12	5	5712	0.004375	5712,19714,994,1392,4274,902,10017,18783	23.062500,17.437500,14.687500,14.554688,13.757812,13.273438,12.882812,12.835938
12	6	16107	4.484316	7982,13,325,28725,5671,28723,3332,28747	18.218750,18.015625,17.843750,17.000000,16.296875,16.234375,16.078125,15.062500
12	7	7982	0.094221	7982,3332,325,13,1918,6867,28725,10076	22.328125,19.296875,18.093750,18.031250,16.390625,16.312500,16.203125,16.171875
13	0	13	1.041649	325,13,28725,28723,523,567,1918,6867	18.968750,18.906250,17.515625,16.500000,16.406250,15.687500,15.601562,15.523438
13	1	558	8.876257	13,17590,4841,5343,7301,28743,15948,14265	16.125000,13.078125,12.992188,12.710938,11.937500,11.765625,11.523438,11.296875
13	2	325	0.680313	325,4449,523,3550,345,8070,733,21740	19.640625,18.281250,18.140625,16.968750,16.468750,16.125000,16.000000,15.609375
13	3	28735	7.423647	3887,28789,28792,20582,2872,5343,4020,7992	15.476562,13.578125,13.140625,12.390625,11.554688,11.335938,11.234375,11.195312
13	4	28723	9.845304	2230,1087,423,1086,17497,2190,1169,2109	19.015625,15.835938,14.882812,12.210938,12.109375,12.078125,11.359375,11.171875
13	5	5625	9.866745	6444,399,550,17038,1091,21072,25405,6684	16.328125,15.859375,15.789062,15.460938,14.648438,14.179688,13.804688,13.632812
13	6	472	0.000126	472,11746,4966,884,4298,2045,11021,21184	23.531250,13.578125,12.710938,12.078125,11.453125,11.125000,11.000000,11.000000
13	7	28725	0.047079	28725,911,304,325,28731,733,557,28745	20.515625,17.171875,15.007812,14.093750,13.796875,13.757812,13.281250,12.937500
14	0	418	1.444565	334,418,351,399,475,420,318,330	17.421875,17.421875,16.750000,15.937500,15.851562,15.820312,15.804688,15.687500
14	1	28723	0.003172	28723,14902,28733,842,2063,28725,391,550	20.843750,14.078125,13.765625,12.796875,11.351562,11.218750,10.898438,10.765625
14	2	25959	8.821278	6678,365,25405,1537,24442,650,318,382	13.984375,13.351562,12.945312,12.937500,12.453125,12.429688,12.359375,12.273438
14	3	789	4.244059	4499,1585,28728,4279,491,789,19628,912	16.203125,14.593750,14.398438,13.828125,13.187500,12.460938,12.390625,12.265625
14	4	524	0.340212	524,491,28796,28725,28729,9763,22754,849	16.921875,15.257812,14.640625,14.390625,12.109375,11.359375,10.945312,10.070312
14	5	274	0.000360	274,1643,10327,22221,283,9366,1785,316	23.859375,14.820312,13.718750,13.703125,13.609375,12.671875,12.570312,12.476562
14	6	13600	0.002226	13600,8832,18872,7645,494,276,265,1900	22.843750,16.531250,14.046875,13.984375,11.921875,11.132812,11.046875,10.984375
14	7	28725	0.002234	28725,304,28731,911,28745,13,557,325	23.343750,16.296875,15.937500,14.320312,14.242188,13.984375,13.492188,13.429688
15	0	399	1.190742	399,420,351,13,475,318,330,304	17.796875,17.625000,16.515625,16.406250,16.265625,16.140625,15.984375,15.273438
15	1	28723	0.006435	28723,2786,1145,6449,357,469,5044,28725	21.062500,15.476562,13.468750,13.070312,12.843750,12.492188,12.468750,11.703125
15	2	1537	0.900064	1537,25405,11794,26926,1500,1343,15006,318	17.406250,16.421875,15.429688,15.218750,14.648438,14.601562,14.570312,14.101562
15	3	6113	0.000801	6113,4770,12913,8136,18707,2341,16151,5295	24.875000,17.578125,14.750000,14.218750,14.054688,13.156250,12.539062,12.531250
15	4	1040	12.123825	28725,28731,304,28745,609,557,567,2974	21.000000,20.687500,17.765625,17.250000,17.000000,16.796875,15.843750,15.578125
15	5	345	4.198217	6292,28705,4449,13,418,16377,20258,17156	17.171875,16.812500,16.125000,16.078125,15.984375,15.976562,15.976562,15.898438
15	6	8638	0.303113	8638,13843,12357,2861,4277,12978,10045,4164	15.570312,13.085938,12.281250,12.179688,11.796875,11.687500,11.445312,11.406250
15	7	318	0.066805	318,13,28733,2766,9488,13609,26802,2662	20.312500,17.281250,16.125000,14.273438,13.257812,12.453125,12.320312,12.070312
16	0	23149	0.019176	23149,308,17474,2341,10338,17128,11465,2431	23.218750,19.234375,15.757812,13.781250,13.296875,11.437500,11.375000,11.320312
16	1	301	-0.000000	301,1190,13,3222,4403,2,1101,2980	32.218750,18.609375,17.656250,16.734375,14.812500,14.125000,13.859375,13.820312
16	2	13609	0.266001	13609,13,351,19630,28705,17808,9488,259	20.953125,19.703125,15.820312,15.703125,14.914062,13.625000,13.296875,13.148438
16	3	8440	0.006544	8440,23049,510,28814,13,25078,28758,13609	27.828125,22.796875,17.531250,13.414062,12.187500,12.023438,11.109375,11.015625
16	4	3813	1.236412	13,3813,9488,8871,28739,354,28705,15394	19.968750,19.140625,16.671875,15.500000,14.062500,13.882812,13.828125,13.687500
16	5	1190	0.000008	1190,13,8855,2464,3572,6179,28705,28733	28.234375,16.156250,13.562500,13.257812,12.398438,11.687500,11.625000,11.406250
16	6	548	4.218891	1243,28739,1599,548,611,17169,13,4145	21.125000,17.812500,17.515625,17.031250,16.593750,16.250000,16.046875,16.031250
16	7	28705	0.829805	28705,13,597,20258,418,4449,523,8070	19.953125,19.375000,18.500000,17.703125,17.312500,17.203125,16.062500,15.726562
17	0	28750	0.021301	28750,13,597,28740,12,28770,28734,418	22.062500,17.296875,16.171875,16.000000,15.632812,15.156250,14.695312,14.406250
17	1	28734	0.002541	28734,28783,28782,28784,28787,28774,28740,28750	23.531250,15.742188,15.343750,15.343750,15.179688,15.164062,15.132812,15.039062
17	2	28740	0.000275	28740,28750,28734,28784,13,362,28787,28774	23.593750,14.968750,14.101562,11.757812,10.539062,10.242188,9.648438,9.625000
17	3	28784	0.069096	28784,28787,28783,28774,28782,28781,13,28770	23.859375,21.000000,19.234375,18.406250,14.601562,13.101562,12.289062,11.875000
17	4	28731	0.146254	28731,28725,28745,13,609,28733,2974,28723	20.953125,17.250000,17.203125,17.156250,17.125000,16.640625,16.468750,16.046875
17	5	13	0.005899	13,325,28705,304,354,28789,523,387	23.093750,16.296875,15.578125,15.312500,15.132812,15.132812,15.085938,15.062500
17	6	558	4.029511	13,17590,558,4841,28743,7301,5343,3929	15.562500,12.023438,11.835938,11.773438,11.429688,11.375000,11.335938,10.929688
17	7	9888	6.368322	325,4449,523,345,415,3550,420,418	19.859375,17.000000,16.828125,16.109375,15.664062,15.468750,15.445312,15.312500
18	0	7369	0.123678	7369,20363,375,293,673,5786,377,808	19.515625,17.421875,13.921875,12.882812,12.281250,11.617188,11.289062,10.976562
18	1	4148	3.049944	3859,1191,4148,2751,5442,28747,8564,9313	16.687500,16.593750,16.203125,16.015625,15.937500,15.929688,15.898438,15.804688
18	2	28747	0.316833	28747,3859,2632,325,486,541,802,354	20.468750,18.718750,17.281250,16.296875,15.992188,15.898438,15.710938,15.601562
18	3	4449	0.128632	4449,523,8070,3550,733,802,13,28705	21.187500,17.796875,17.343750,16.500000,16.437500,15.953125,15.617188,15.554688
18	4	1508	0.000036	1508,28747,421,13,714,564,28723,9941	25.281250,14.515625,13.187500,12.187500,11.929688,11.250000,10.695312,10.546875
18	5	28716	0.284389	28716,2849,26990,283,6222,22464,2432,5538	16.812500,15.125000,14.140625,12.875000,12.492188,11.789062,11.054688,10.679688
18	6	786	0.000021	786,468,3389,28721,326,3683,941,1485	27.500000,16.546875,13.390625,13.117188,12.367188,12.250000,12.070312,12.054688
18	7	3080	-0.000000	3080,6207,1576,18700,1495,13,1262,28723	31.484375,16.156250,15.148438,14.195312,14.140625,13.585938,12.679688,12.609375
19	0	1797	0.000044	1797,2105,561,28678,28723,7197,23744,20107	25.453125,14.742188,13.390625,12.625000,12.500000,12.273438,11.914062,11.890625
19	1	28723	0.000017	28723,13,28748,28733,842,28747,28725,2	24.015625,11.906250,11.703125,10.515625,10.078125,9.640625,9.421875,9.250000
19	2	1115	0.000492	1115,691,675,1001,2432,450,4798,28717	22.968750,14.695312,14.046875,12.257812,11.765625,11.671875,11.539062,10.867188
19	3	28748	0.000095	28748,421,11912,13,1922,23762,26882,28723	23.968750,13.953125,12.968750,12.273438,11.351562,11.226562,11.218750,10.843750
19	4	4201	0.017044	4201,11338,28735,4196,4754,6591,18509,28711	18.796875,14.546875,11.406250,11.210938,10.781250,10.234375,9.898438,9.656250
19	5	20363	-0.000000	20363,25716,6591,293,323,6491,25436,5946	30.937500,16.125000,14.765625,14.492188,13.375000,13.187500,13.093750,12.312500
19	6	28748	0.000053	28748,13,17713,25415,11912,421,28723,22237	25.328125,14.429688,13.710938,13.554688,12.976562,12.734375,12.062500,11.929688
19	7	28735	0.565994	28735,28713,18509,23954,28780,28727,15941,1507	18.281250,17.390625,17.140625,13.757812,13.343750,12.132812,10.960938,10.757812
20	0	2230	0.000010	2230,1086,867,6292,9874,3120,883,13	27.406250,14.875000,14.101562,13.523438,13.343750,13.148438,12.906250,12.406250
20	1	5712	0.000059	5712,19714,4274,994,1392,13,2,902	28.265625,17.859375,17.406250,15.484375,15.406250,15.281250,12.882812,12.875000
20	2	28748	0.000282	28748,13,28730,28733,28723,2,28756,28823	24.031250,15.468750,13.820312,13.046875,11.968750,11.515625,11.500000,10.867188
20	3	18509	0.000429	18509,28780,23954,15941,12217,13,4201,28713	22.265625,14.234375,12.132812,11.039062,10.453125,9.898438,9.882812,9.468750
20	4	570	0.000078	570,13,1296,279,13189,536,412,4690	26.390625,15.929688,14.765625,14.445312,14.132812,14.078125,13.937500,13.742188
20	5	510	-0.000000	510,28744,1205,310,13,28814,1568,5735	35.281250,21.921875,19.718750,17.875000,16.578125,14.523438,14.507812,13.492188
20	6	13	0.114691	13,28748,28771,325,28723,28733,28725,28705	19.343750,16.453125,15.609375,14.445312,14.132812,14.117188,13.328125,13.250000
20	7	13	0.385751	13,558,7301,359,17422,17590,4841,23941	15.039062,13.851562,10.867188,10.507812,10.179688,10.179688,9.914062,9.812500
21	0	21202	12.085318	3260,7301,13,585,1014,1963,28746,23941	13.421875,12.875000,12.812500,12.484375,12.296875,11.500000,11.312500,11.164062
21	1	355	2.282368	28705,355,428,302,28747,260,1669,477	17.546875,16.796875,16.703125,16.578125,16.390625,16.234375,16.046875,15.742188
21	2	714	0.005249	714,342,28740,325,28734,387,6210,12	22.593750,16.078125,15.226562,14.882812,14.726562,13.945312,13.781250,13.445312
21	3	2173	6.348431	28705,1369,733,4205,732,275,13,3635	18.890625,16.406250,15.414062,15.375000,15.242188,14.968750,14.773438,14.656250
21	4	1369	1.972595	13,1369,325,1178,1275,13466,7925,28730	17.265625,16.140625,15.664062,15.453125,15.156250,15.046875,13.828125,13.828125
21	5	7925	1.025009	808,7925,13466,13,1178,19804,325,1275	17.734375,17.703125,16.031250,15.773438,15.453125,15.007812,15.000000,14.906250
21	6	325	1.495836	13,325,28725,302,477,390,395,28723	20.859375,19.703125,16.937500,16.906250,16.250000,15.687500,15.101562,15.085938
21	7	455	3.936543	28781,28740,455,1510,3541,28750,28770,28734	14.859375,11.601562,11.242188,10.773438,10.710938,10.625000,10.289062,10.039062
22	0	28705	0.656944	28705,11926,2632,1369,4715,1178,10437,28632	18.468750,17.953125,14.953125,14.742188,14.648438,14.554688,14.523438,14.187500
22	1	28781	0.035694	28781,28770,28740,28782,28784,28750,28783,28787	21.265625,16.750000,16.500000,16.093750,15.710938,15.289062,14.828125,14.429688
22	2	28770	0.004282	28770,28725,28734,28750,28781,28782,28783,28787	23.671875,17.187500,16.562500,16.031250,15.460938,15.312500,15.164062,14.914062
22	3	28782	0.000755	28782,28784,28783,28781,28750,28787,28770,28774	25.937500,17.625000,17.578125,16.890625,15.804688,15.539062,15.367188,15.179688
22	4	28783	0.000557	28783,28787,28784,28774,28782,28750,28740,28770	27.468750,19.093750,18.437500,18.156250,16.968750,16.703125,16.546875,16.515625
22	5	11926	0.133974	11926,11714,10181,9254,4715,10437,18438,28731	19.609375,15.765625,15.500000,15.421875,15.250000,15.250000,14.429688,14.414062
22	6	3078	12.395758	28731,28725,302,477,297,28745,442,609	22.218750,18.265625,17.500000,17.312500,16.953125,16.203125,16.046875,15.921875
22	7	6486	0.005405	6486,270,601,11985,23905,23601,269,572	24.203125,18.484375,17.515625,16.250000,15.531250,15.062500,14.687500,13.875000
23	0	601	0.000185	601,14610,380,1077,270,7266,352,27210	24.890625,14.882812,14.468750,14.117188,13.656250,13.523438,13.203125,12.992188
23	1	28731	0.641747	28731,778,2553,297,390,1671,395,28725	21.562500,20.578125,19.500000,19.296875,19.296875,18.359375,18.265625,18.078125
23	2	13	0.004992	13,325,354,297,395,28705,390,387	23.390625,15.460938,15.398438,15.375000,15.359375,15.343750,15.312500,15.062500
23	3	28777	8.327986	13,5056,2269,2171,4841,3856,15948,7522	14.367188,12.429688,12.289062,11.406250,11.234375,11.226562,11.171875,10.828125
23	4	6316	4.663569	279,3212,5811,6804,13249,392,8142,322	14.859375,14.679688,13.156250,11.804688,11.726562,11.476562,11.460938,11.421875
23	5	28733	0.673153	28733,28750,28770,5390,8871,428,2229,3147	16.140625,15.609375,13.687500,13.046875,12.882812,12.539062,11.742188,11.601562
23	6	28750	0.561374	28750,28770,28798,6947,28781,28768,3839,3034	14.710938,13.750000,12.671875,12.265625,10.562500,10.148438,10.125000,9.500000
23	7	365	8.208273	355,8871,13909,1669,21748,28733,2229,260	16.468750,15.679688,14.773438,14.367188,14.250000,14.070312,13.875000,13.453125
24	0	1767	3.792919	1046,2995,855,11257,1767,2287,1180,3843	14.984375,14.171875,13.375000,12.273438,11.859375,11.742188,11.648438,10.593750
24	1	16246	8.414782	714,28705,28747,28713,325,12925,259,12	17.921875,17.156250,14.695312,13.914062,12.460938,11.773438,11.765625,11.664062
24	2	325	2.209333	28747,714,325,2287,259,260,28705,2113	18.312500,17.500000,17.015625,16.109375,15.921875,15.882812,15.843750,15.593750
24	3	21573	13.508533	28740,3603,3415,886,28721,14561,28781,28728	12.375000,12.117188,11.437500,11.414062,11.406250,11.398438,11.289062,11.273438
24	4	5263	0.049204	5263,370,1646,28748,28718,28713,6029,5892	16.937500,12.500000,11.937500,11.890625,11.562500,11.265625,10.835938,10.367188
24	5	1329	1.464014	28731,1329,363,28733,28705,28725,28748,28723	17.359375,16.906250,16.390625,16.109375,15.054688,14.289062,13.851562,13.195312
24	6	28705	0.102739	28705,259,5913,13,2287,12,260,359	20.812500,17.375000,16.765625,16.015625,15.953125,15.429688,15.414062,14.859375
24	7	28750	1.343109	28750,28740,28770,28781,28782,28784,28783,28787	17.406250,17.218750,16.828125,16.484375,16.328125,15.945312,15.554688,15.531250
25	0	28783	2.349005	28750,28782,28781,28784,28787,28740,28783,28770	16.218750,16.187500,16.156250,16.156250,16.125000,16.093750,16.046875,16.000000
25	1	28770	2.468687	28782,28787,28784,28750,28774,28781,28783,28740	15.640625,15.625000,15.578125,15.531250,15.523438,15.523438,15.523438,15.398438
25	2	28750	2.367899	28783,28782,28784,28781,28787,28725,28750,28774	15.390625,15.281250,15.281250,15.234375,15.234375,15.218750,15.203125,15.203125
25	3	28783	2.205547	28782,28783,28750,28787,28784,28781,28740,28774	15.921875,15.906250,15.890625,15.882812,15.859375,15.851562,15.734375,15.695312
25	4	28787	2.387983	28750,28782,28783,28784,28781,28787,28740,28734	15.921875,15.812500,15.812500,15.742188,15.734375,15.687500,15.679688,15.632812
25	5	13	0.204233	13,325,28750,28770,28781,28783,28782,28784	19.000000,15.695312,15.171875,14.835938,14.812500,14.812500,14.796875,14.773438
25	6	3167	11.035158	13,28777,1470,28769,28780,5010,10240,20582	14.171875,13.585938,10.562500,10.515625,10.289062,10.234375,10.101562,10.070312
25	7	367	8.572271	2429,272,7412,28705,5185,11215,1080,456	15.156250,15.015625,14.500000,14.195312,14.031250,13.960938,13.734375,13.601562
26	0	3898	2.031819	5770,3898,3843,6152,546,492,3985,8384	10.843750,10.757812,10.000000,9.984375,9.953125,9.281250,9.187500,9.023438
26	1	28730	7.738096	28747,28705,260,355,302,5657,28733,727	14.851562,14.726562,14.132812,13.968750,13.140625,13.101562,13.101562,13.015625
26	2	2305	7.464927	28740,28777,28782,28750,16039,1613,28760,28781	12.437500,12.101562,11.703125,11.007812,10.710938,10.476562,10.179688,10.015625
26	3	18571	1.737522	28796,18571,23143,28747,2889,962,28762,28754	14.906250,13.570312,11.289062,11.265625,10.921875,10.859375,10.671875,10.437500
26	4	28730	0.335407	28730,28735,28747,325,1669,28746,5145,327	17.312500,15.210938,14.515625,14.101562,13.937500,13.781250,13.289062,12.851562
26	5	8880	3.188879	5145,3151,8880,28735,9732,17307,5578,14167	15.937500,13.117188,13.007812,12.835938,11.390625,11.367188,11.296875,11.164062
26	6	28746	1.591860	325,28746,327,28747,28705,16246,302,28725	16.750000,16.312500,15.687500,15.445312,14.859375,14.710938,14.359375,14.164062
26	7	28781	2.629517	28740,28750,28782,28781,28770,28784,28783,28787	15.039062,14.843750,14.539062,13.523438,12.765625,12.703125,12.554688,12.000000
27	0	28734	0.203838	28734,28782,28774,28740,28750,28770,28781,28783	19.109375,15.796875,15.531250,15.414062,15.414062,15.242188,15.164062,15.046875
27	1	28774	0.186167	28774,28734,28725,16246,28747,28783,28784,28750	19.531250,17.734375,14.468750,14.359375,14.031250,13.718750,13.632812,13.367188
27	2	28784	0.008743	28784,28783,28782,28750,28787,28781,28734,28774	23.578125,17.828125,17.031250,16.875000,16.875000,16.671875,15.593750,14.273438
27	3	456	4.184942	28725,28747,13,325,304,456,16246,5944	17.437500,17.078125,15.187500,15.093750,14.265625,14.078125,13.953125,13.625000
27	4	18934	4.041229	682,622,349,4347,5212,16535,2903,7925	17.109375,17.015625,16.921875,16.562500,16.515625,16.406250,16.375000,15.812500
27	5	28705	0.448818	28705,28747,264,5913,367,684,10870,6523	18.328125,16.593750,15.328125,15.078125,14.992188,14.851562,14.492188,14.335938
27	6	28784	0.176416	28784,28787,28781,28782,28770,28740,28750,28783	17.875000,15.523438,14.093750,14.031250,13.796875,13.671875,13.460938,12.671875
27	7	28774	0.182634	28774,28783,28787,28784,28782,28781,28770,28750	21.859375,19.968750,18.078125,17.203125,16.437500,16.375000,15.906250,15.718750
28	0	1843	6.675299	28632,484,420,365,9753,1369,367,16246	15.914062,13.445312,13.023438,12.921875,12.640625,12.500000,12.312500,12.195312
28	1	28733	0.084120	28733,1483,4977,8981,28709,13712,3576,4606	18.421875,15.078125,15.031250,13.421875,11.929688,11.476562,11.437500,11.351562
28	2	1483	0.940248	4977,1483,6560,8981,3576,13712,5992,23068	16.250000,16.000000,13.406250,12.828125,12.617188,12.031250,11.375000,11.234375
28	3	28714	0.019108	28714,15578,2220,3925,282,455,16847,12312	21.546875,17.578125,12.359375,11.210938,11.195312,10.734375,10.210938,10.015625
28	4	3925	0.001818	3925,13887,3854,763,7319,2917,1882,16364	22.828125,15.687500,15.640625,14.382812,12.078125,10.929688,10.453125,9.773438
28	5	28632	0.211939	28632,367,20105,12458,420,16246,365,17341	17.609375,14.312500,13.835938,13.367188,13.312500,13.234375,13.078125,12.906250
28	6	28725	3.156473	28723,13,302,325,354,28725,395,298	19.531250,19.328125,18.125000,17.937500,17.406250,17.390625,16.796875,16.156250
28	7	13	1.942669	13,395,1430,3285,442,354,28705,690	18.343750,18.343750,17.921875,17.531250,17.500000,17.031250,16.953125,16.937500
29	0	12248	11.675941	3415,28710,271,8365,391,6974,1392,1237	13.773438,12.750000,12.726562,12.445312,12.406250,12.406250,12.289062,12.265625
29	1	1907	0.065685	1907,522,288,13747,346,375,4912,28726	21.890625,19.187500,13.421875,12.796875,12.406250,11.835938,11.554688,11.539062
29	2	12436	5.748457	20068,2373,2108,13974,9836,7000,3624,16244	18.875000,16.187500,15.625000,15.492188,15.359375,15.265625,15.226562,15.023438
29	3	288	0.005367	288,28713,286,13917,272,817,21458,420	24.109375,18.640625,16.687500,15.148438,14.398438,13.921875,13.695312,13.398438
29	4	272	0.481972	272,420,367,2666,813,28705,11386,11651	18.343750,16.078125,15.148438,15.093750,14.867188,14.789062,14.703125,14.289062
29	5	28705	1.855129	28705,7968,2718,420,11785,11572,2666,7228	16.859375,16.250000,15.812500,15.585938,15.460938,15.132812,15.117188,15.078125
29	6	28750	2.297279	28784,28782,28770,28750,28740,28781,28783,28774	17.343750,16.937500,16.500000,16.140625,16.093750,15.765625,14.328125,13.546875
29	7	28734	1.383812	28782,28734,28781,28783,28784,28740,28733,28787	16.921875,16.515625,15.726562,14.679688,14.226562,13.882812,13.835938,13.812500
30	0	28733	1.374575	28733,3030,28632,28823,1843,3236,7968,28734	15.195312,14.164062,13.882812,13.687500,13.500000,13.273438,13.117188,13.015625
30	1	13567	0.394420	13567,28750,28770,13943,28782,28781,28784,26729	14.468750,11.773438,11.601562,11.593750,11.281250,11.257812,10.328125,9.851562
30	2	16169	1.593256	16169,7968,3607,2718,14053,6661,26077,4787	17.281250,17.109375,16.296875,15.820312,15.468750,15.304688,14.882812,14.851562
30	3	302	2.867249	354,28723,302,13,325,298,297,28725	21.234375,20.859375,19.109375,18.906250,17.937500,17.593750,17.265625,17.234375
30	4	272	0.731314	272,420,456,367,264,1369,28705,319	19.312500,18.015625,17.593750,16.140625,16.046875,15.468750,15.437500,15.351562
30	5	365	5.442118	1369,420,11984,12217,11510,8995,8035,3638	17.843750,17.312500,16.593750,16.375000,15.656250,15.328125,15.226562,15.218750
30	6	28770	9.312412	2153,4199,12020,4538,12656,4100,28753,1763	15.007812,13.140625,13.125000,12.398438,12.281250,12.171875,11.968750,11.562500
30	7	4045	9.552119	28734,28770,1369,11984,28750,28784,28733,3735	13.750000,13.062500,12.882812,12.171875,11.960938,11.953125,11.921875,11.742188
31	0	9862	8.573763	12463,1369,2229,3190,13,11984,15117,15197	15.695312,15.546875,14.914062,14.765625,14.703125,14.593750,14.320312,14.218750
31	1	28723	0.252653	28723,13,1128,28725,325,354,28808,1369	19.265625,17.265625,16.656250,15.570312,14.726562,14.445312,13.562500,13.539062
31	2	13	0.009573	13,2,325,28705,327,415,851,6096	23.578125,18.703125,15.398438,15.289062,14.960938,14.835938,13.835938,13.453125
31	3	13	0.106831	13,1014,3260,12205,28777,17124,28753,28732	16.921875,12.242188,11.726562,11.656250,11.437500,11.210938,11.171875,10.984375
31	4	3260	2.450455	13,3260,585,14203,1014,17124,28746,3929	12.312500,12.132812,11.546875,11.531250,11.421875,11.140625,11.062500,10.875000
31	5	1729	2.316212	349,1275,12217,1729,1369,2245,13466,3248	17.375000,16.859375,16.625000,16.531250,16.359375,16.109375,15.875000,15.226562
31	6	349	1.372154	5876,349,403,659,1023,5312,5532,622	20.406250,20.265625,19.671875,18.296875,18.000000,17.750000,17.656250,17.484375
31	7	1307	3.751287	264,272,297,8926,1221,354,23174,1307	18.000000,17.515625,17.078125,16.781250,16.515625,16.468750,16.125000,16.031250
32	0	390	1.687824	354,298,390,297,486,865,5090,395	21.593750,21.015625,20.875000,20.187500,20.062500,17.437500,17.234375,17.218750
32	1	264	1.440989	272,264,2787,1369,396,744,28733,12217	17.875000,17.562500,17.140625,16.093750,15.281250,15.078125,15.070312,14.750000
32	2	20284	6.096838	1369,5633,12217,2692,4045,420,2832,4154	17.671875,15.914062,15.476562,15.054688,14.773438,14.710938,14.585938,14.320312
32	3	354	0.891598	354,297,298,486,304,28725,325,28723	21.296875,20.921875,20.281250,18.937500,18.312500,17.921875,17.546875,17.531250
32	4	272	1.177258	272,8260,365,12217,11984,5028,420,1369	18.343750,18.250000,16.531250,15.921875,15.718750,15.421875,15.406250,15.351562
32	5	6372	11.073742	365,1552,2296,12217,420,1369,8070,464	17.406250,16.468750,16.468750,16.468750,16.062500,15.562500,15.468750,15.195312
32	6	1798	0.244291	1798,3907,8328,3665,262,3430,364,2314	17.093750,15.273438,13.734375,12.703125,12.687500,11.906250,11.757812,11.648438
32	7	19701	8.492872	1285,1963,10143,3856,28733,28777,365,28738	13.640625,12.679688,12.640625,12.515625,12.492188,12.429688,12.304688,12.179688
33	0	524	8.322656	383,4024,1369,28748,1837,365,28733,2229	13.109375,12.992188,12.007812,11.773438,11.578125,11.554688,11.515625,11.492188
33	1	28790	4.175838	28777,28760,3110,11234,20563,6453,681,9564	10.953125,10.890625,10.812500,10.562500,10.046875,9.507812,9.218750,8.914062
33	2	7532	3.338179	28770,1369,4143,28733,7532,2229,11984,8079	14.625000,13.851562,13.632812,13.421875,13.109375,12.984375,12.898438,12.507812
33	3	660	9.078049	1369,28723,8079,11984,297,28725,304,13	15.851562,15.578125,15.085938,14.937500,14.648438,14.632812,14.492188,14.335938
33	4	8899	2.958878	28733,3244,8899,3842,272,1392,2547,632	16.718750,15.921875,14.789062,14.648438,14.203125,14.070312,13.882812,13.750000
33	5	472	0.000929	472,1218,28733,884,13,8236,5758,1369	22.671875,15.234375,12.609375,12.093750,11.953125,11.554688,11.257812,11.187500
33	6	9862	6.640968	1369,13,8079,11984,8260,18011,304,325	17.562500,16.625000,16.359375,15.648438,14.359375,14.054688,13.929688,13.742188
33	7	13	2.330624	28723,28725,13,1369,8079,297,1128,28747	18.421875,17.234375,16.828125,16.437500,15.835938,15.460938,15.453125,15.148438
34	0	28732	2.824766	391,262,13,28732,1392,532,1613,16735	13.695312,12.601562,12.312500,12.218750,12.070312,11.812500,11.625000,11.453125
34	1	16735	5.823818	3887,3245,28760,28753,6974,28710,1613,28777	13.953125,12.242188,12.023438,11.640625,10.984375,10.812500,10.703125,10.679688
34	2	28748	0.098841	28748,28723,28756,28730,272,354,460,297	20.968750,16.906250,16.500000,15.789062,15.710938,15.601562,15.539062,15.460938
34	3	28707	2.049335	28707,487,1613,28721,14817,16273,28726,13896	12.414062,12.187500,12.093750,12.093750,11.820312,11.281250,11.195312,11.062500
34	4	324	0.194130	324,5354,28775,329,814,303,19259,2626	18.187500,16.125000,15.226562,12.578125,11.890625,11.867188,11.562500,11.421875
34	5	1798	0.000082	1798,2329,364,3622,2858,25658,2290,25343	25.406250,15.554688,13.437500,13.359375,12.664062,12.507812,12.453125,11.781250
34	6	28730	3.525936	13896,28730,28748,28733,28775,28723,4664,19701	18.484375,15.023438,14.765625,13.117188,11.968750,11.187500,11.070312,11.062500
34	7	23546	2.703695	13896,23546,5319,487,28707,7999,28721,1613	16.531250,14.070312,12.984375,12.648438,12.578125,12.171875,11.796875,11.695312
35	0	28730	0.561695	28730,28748,28723,5319,564,28733,609,28770	17.062500,16.562500,14.937500,11.906250,11.093750,10.929688,10.343750,10.031250
35	1	28706	9.617923	5319,487,28720,7999,1613,28721,28717,13896	15.132812,13.898438,13.804688,12.539062,12.492188,12.054688,11.570312,10.820312
35	2	28750	0.289663	28750,1126,28782,385,28740,350,5826,262	17.765625,15.109375,14.953125,14.937500,14.187500,13.421875,13.367188,13.242188
35	3	28706	0.012005	28706,299,615,274,301,28730,269,286	19.140625,13.156250,12.726562,12.445312,11.992188,11.789062,11.554688,11.546875
35	4	28723	0.806696	28723,28730,28748,609,28733,28731,787,8079	17.500000,17.437500,16.234375,11.820312,11.304688,11.171875,10.023438,9.937500
35	5	4586	4.197916	2834,4586,811,1613,1082,1644,26121,508	18.046875,13.906250,13.054688,12.726562,12.609375,12.390625,12.359375,12.179688
35	6	609	0.647352	609,28731,557,28747,28725,304,297,564	19.750000,19.000000,17.875000,17.687500,16.390625,16.250000,15.500000,15.257812
35	7	13	0.512783	13,661,415,28705,851,2,1791,7267	21.312500,19.640625,19.234375,18.984375,17.703125,17.359375,17.343750,16.578125
36	0	9653	8.299168	13,1313,1014,3260,1551,28737,2565,12069	17.109375,13.843750,13.648438,12.640625,12.101562,11.898438,11.578125,11.562500
36	1	25355	9.509289	4435,1382,2268,26470,11756,967,19574,5864	18.562500,16.421875,16.250000,16.078125,15.968750,15.687500,15.304688,14.945312
36	2	938	4.725300	771,3791,442,5373,1729,302,1178,4435	17.625000,16.750000,15.445312,15.281250,14.835938,14.773438,14.507812,14.445312
36	3	1580	1.944626	6948,302,1580,1023,442,349,325,354	19.968750,19.546875,19.468750,19.000000,18.765625,18.703125,18.296875,17.859375
36	4	16815	3.653940	3024,27439,6836,347,3116,277,534,835	19.343750,19.312500,18.953125,18.765625,18.671875,18.218750,18.203125,18.156250
36	5	456	0.987915	272,456,544,871,19096,1167,3493,304	19.062500,18.875000,16.953125,16.046875,16.046875,15.554688,15.007812,14.617188
36	6	16900	8.028706	7735,19096,5640,6801,9934,4517,6588,1729	17.750000,16.812500,16.750000,16.437500,15.843750,15.664062,15.039062,14.007812
36	7	11732	0.047527	11732,28733,6801,28734,19096,6588,28781,28806	22.062500,18.171875,17.968750,16.734375,15.109375,14.953125,14.343750,14.234375
37	0	28733	0.002523	28733,14188,6801,11732,28705,28730,6588,28748	25.593750,19.421875,16.171875,16.109375,15.867188,15.070312,14.859375,14.437500
37	1	5530	0.000267	5530,9419,28770,28735,14188,28781,28741,1383	22.843750,13.609375,13.039062,11.968750,11.757812,11.515625,10.828125,10.468750
37	2	28705	0.105486	28705,6801,6588,19096,28733,5640,304,363	21.718750,19.312500,16.703125,16.046875,15.171875,15.085938,14.984375,14.250000
37	3	28770	0.000713	28770,28781,28750,6801,28734,13,28740,28782	23.250000,15.859375,12.765625,12.351562,11.757812,11.078125,10.671875,10.531250
37	4	28723	0.000154	28723,6801,19096,28734,28725,13,28733,28748	24.937500,14.546875,14.445312,14.398438,13.726562,13.015625,12.718750,12.664062
37	5	28734	0.000029	28734,13,28705,28709,28740,28762,17409,2229	24.062500,12.117188,10.976562,10.578125,9.734375,9.656250,9.546875,9.453125
37	6	19096	2.012999	6801,19096,6588,5640,304,2319,325,9934	18.984375,17.390625,16.718750,15.976562,15.234375,15.093750,15.046875,14.906250
37	7	296	0.000753	296,594,352,1479,495,266,28707,691	23.406250,15.960938,13.414062,12.351562,12.312500,12.156250,12.132812,11.406250
38	0	28723	0.516766	28723,304,28725,13,5640,6801,28808,1407	20.640625,19.156250,18.500000,18.156250,17.515625,16.687500,16.359375,16.093750
38	1	13	0.049490	13,2,28705,415,851,325,4922,1047	23.640625,20.515625,16.953125,16.000000,15.992188,15.851562,15.460938,15.234375
38	2	13	0.091087	13,3260,1014,9653,3047,12069,14203,7992	17.218750,12.757812,12.070312,11.812500,11.796875,11.484375,11.234375,11.164062
38	3	327	8.506607	13,3260,585,1014,14203,7395,28746,3047	12.906250,12.562500,11.976562,11.804688,11.671875,11.421875,11.367188,11.343750
38	4	5606	10.758268	3047,3735,12217,13158,965,23628,27797,327	16.781250,16.218750,15.156250,15.148438,15.078125,14.992188,14.570312,14.421875
38	5	365	3.925827	18760,413,401,330,334,1609,26625,6698	16.890625,15.398438,15.367188,15.296875,15.046875,15.015625,14.945312,14.875000
38	6	3619	8.696606	28723,7547,580,638,1826,346,19220,2230	15.367188,15.070312,14.976562,14.945312,12.757812,12.648438,12.460938,12.382812
38	7	360	0.037413	360,1158,1706,3689,339,270,20149,440	21.281250,16.781250,16.781250,16.203125,15.914062,14.656250,14.171875,13.601562
39	0	327	0.626007	327,325,387,13,28705,28725,259,28747	18.750000,18.109375,16.671875,15.304688,15.304688,14.593750,14.289062,14.242188
39	1	28705	6.307547	13,5606,325,2,28705,23713,8070,2772	21.203125,16.515625,15.625000,15.203125,14.921875,14.523438,14.437500,13.820312
39	2	13	0.094337	13,28750,502,28740,325,5606,1177,859	19.140625,14.968750,14.921875,14.718750,14.679688,14.351562,14.007812,13.671875
39	3	5606	2.996901	13,5606,28705,28754,20109,859,399,28760	18.562500,15.726562,14.375000,14.359375,13.945312,13.585938,13.070312,12.953125
39	4	365	0.045534	365,2215,349,4797,4246,8070,6427,325	20.281250,14.429688,14.109375,13.976562,13.937500,13.828125,13.734375,13.523438
39	5	3619	0.000040	3619,406,474,6753,28705,28792,1072,28723	25.312500,14.320312,12.757812,12.687500,11.882812,11.648438,11.570312,11.531250
39	6	360	0.000063	360,1532,1158,424,3636,29000,1210,8900	25.843750,14.937500,14.148438,13.679688,13.515625,13.492188,13.351562,12.242188
39	7	349	0.838232	325,349,403,28725,5381,28705,993,13	17.953125,17.859375,14.843750,14.320312,13.609375,13.437500,13.398438,13.375000
40	0	396	0.937174	264,396,8070,272,23713,624,28705,2651	21.343750,20.921875,16.406250,15.195312,14.429688,14.335938,14.210938,14.015625
40	1	4300	0.224089	4300,8070,10964,4409,2556,23713,733,7619	20.843750,18.468750,18.234375,17.234375,16.515625,15.812500,15.398438,15.250000
40	2	2966	2.688770	10964,8070,5430,2966,8575,3233,733,18635	18.000000,17.359375,16.671875,16.109375,15.375000,14.976562,14.171875,13.476562
40	3	1200	5.732166	28725,304,10964,1200,28705,6859,8070,733	20.015625,19.265625,15.882812,14.695312,14.101562,13.945312,13.734375,13.414062
40	4	8575	0.280491	8575,5430,28705,18635,5046,17363,8070,733	18.562500,16.750000,15.710938,15.531250,14.343750,13.687500,13.578125,12.875000
40	5	304	0.219233	304,1200,28725,28705,10964,13,567,733	20.765625,19.093750,17.640625,15.773438,13.375000,13.132812,12.906250,12.812500
40	6	18635	1.126474	5430,18635,28705,17363,6480,8070,3441,259	18.953125,18.343750,15.695312,15.460938,14.593750,14.585938,13.890625,13.195312
40	7	10964	0.083160	10964,28705,264,960,733,8070,259,18334	20.437500,17.265625,15.320312,15.007812,14.882812,14.265625,14.226562,14.070312
41	0	842	0.712902	842,28723,693,1200,28725,1489,5381,2651	19.031250,18.312500,17.046875,16.828125,16.109375,15.757812,15.726562,15.710938
41	1	650	0.820187	650,28705,13,20109,259,560,365,2354	20.125000,19.656250,18.953125,17.953125,16.734375,16.109375,16.062500,15.929688
41	2	553	6.869717	403,349,659,10898,9604,28705,3125,4226	19.265625,19.046875,18.921875,17.812500,16.609375,16.531250,16.484375,16.375000
41	3	264	0.898315	264,516,28705,12426,396,5374,2935,272	19.250000,18.125000,18.062500,17.843750,16.421875,15.921875,15.773438,15.703125
41	4	11683	6.425718	28705,18901,4392,3905,1474,5374,6817,1736	15.726562,15.343750,14.789062,14.757812,14.546875,14.367188,14.367188,14.304688
41	5	802	12.131006	3905,9293,28733,28705,4580,744,387,954	18.500000,18.312500,16.171875,16.093750,15.328125,15.062500,14.625000,14.500000
41	6	28733	0.324259	28733,9606,28818,28816,3905,7890,387,311	15.890625,13.335938,12.812500,12.234375,11.953125,11.828125,11.578125,11.093750
41	7	28818	0.765827	28818,466,6301,7178,9606,28720,4095,501	15.812500,15.773438,12.570312,11.968750,11.929688,11.828125,11.171875,10.875000
42	0	4580	6.043476	3905,9293,28705,9606,954,13,12426,6553	17.203125,14.960938,14.945312,14.140625,13.726562,13.710938,13.375000,13.359375
42	1	699	0.041151	699,802,3905,9293,893,28705,297,28818	21.109375,17.484375,15.789062,14.804688,14.796875,14.781250,13.179688,13.046875
42	2	3905	0.351171	3905,802,28705,12426,9293,13,744,297	19.296875,17.828125,16.515625,16.078125,15.164062,15.148438,14.296875,14.132812
42	3	356	2.570736	297,390,356,802,28705,13,4543,13291	20.390625,18.859375,18.171875,16.937500,16.656250,15.640625,15.007812,14.757812
42	4	272	0.789740	272,16505,8070,802,9842,28705,23713,16309	17.437500,15.468750,15.250000,15.171875,15.078125,14.679688,14.507812,14.460938
42	5	8575	1.576641	8575,16309,802,28705,6691,4409,2556,4387	17.875000,17.625000,16.968750,16.625000,16.484375,16.468750,16.296875,16.140625
42	6	3518	0.509804	3518,1347,13792,802,5714,14441,28705,2007	19.828125,18.703125,16.968750,16.718750,16.515625,16.187500,15.898438,15.890625
42	7	415	4.038065	802,9842,28705,23713,16505,464,8070,523	15.359375,15.281250,14.656250,14.609375,14.531250,14.500000,14.421875,14.250000
43	0	6502	1.096418	6502,8650,802,9465,28705,24154,3797,320	16.828125,15.875000,15.414062,14.632812,14.585938,14.351562,14.023438,14.015625
43	1	297	1.340591	297,390,304,1200,842,802,28705,325	18.781250,18.515625,18.421875,17.828125,17.453125,17.000000,16.687500,15.984375
43	2	28705	0.166998	28705,272,871,802,2246,690,4624,4117	21.390625,19.093750,17.046875,17.015625,15.867188,15.820312,15.484375,15.445312
43	3	28750	1.795854	28740,28750,13,28705,12,802,259,304	13.945312,12.351562,9.609375,7.605469,6.378906,6.097656,5.578125,5.425781
43	4	28734	0.002741	28734,28705,13,802,28774,28740,28782,28750	20.375000,13.101562,11.796875,11.609375,11.453125,11.328125,11.265625,11.070312
43	5	28734	0.013962	28734,28740,28705,802,13,28750,259,2287	20.562500,16.281250,11.312500,10.429688,9.812500,9.257812,8.460938,7.886719
43	6	28734	1.642754	28740,28734,28750,28770,28781,28782,28784,28787	17.921875,17.781250,17.750000,17.250000,17.062500,16.875000,16.390625,16.000000
43	7	842	0.888678	842,304,1200,390,28723,28705,28725,4543	19.250000,18.828125,18.171875,17.796875,16.531250,16.031250,15.679688,14.554688
44	0	851	7.388664	650,560,13,365,28705,2354,5606,4577	22.406250,20.312500,19.312500,18.984375,18.656250,18.078125,17.921875,17.562500
44	1	403	0.550190	403,4163,3905,9293,349,4961,4397,879	21.125000,20.328125,19.109375,17.406250,17.062500,16.921875,16.718750,16.500000
44	2	4961	0.106749	4961,516,802,272,264,3403,16434,459	22.562500,19.968750,17.812500,17.515625,16.765625,16.515625,16.015625,15.687500
44	3	486	0.021456	486,297,802,395,264,28705,16434,272	23.390625,18.781250,17.968750,17.906250,15.906250,15.828125,15.390625,15.304688
44	4	264	0.625656	264,12426,516,21190,272,3629,18901,11683	19.562500,18.312500,17.406250,17.046875,16.875000,16.328125,16.140625,15.953125
44	5	4580	2.888117	4392,3905,18901,1736,3518,4580,5374,1474	17.390625,16.921875,16.687500,16.296875,16.234375,16.031250,15.898438,15.460938
44	6	699	0.001072	699,802,1527,9293,3905,28733,28818,4875	24.187500,17.046875,15.335938,14.132812,13.539062,12.445312,12.023438,11.562500
44	7	3905	0.007431	3905,802,9293,13,28705,12426,1527,4397	22.000000,16.234375,15.468750,14.398438,14.281250,14.070312,13.843750,13.023438
45	0	297	0.498539	297,356,390,802,13291,9089,28705,302	21.421875,20.437500,20.046875,16.375000,15.718750,15.226562,14.437500,14.296875
45	1	272	0.096836	272,264,28705,415,8862,8070,733,16309	20.390625,16.078125,15.734375,15.718750,15.203125,15.140625,14.570312,14.523438
45	2	1156	6.975546	8575,28705,16309,8862,14250,4409,13660,2966	18.140625,17.921875,17.562500,17.312500,16.843750,16.218750,15.929688,15.867188
45	3	2584	6.251610	415,9842,464,8070,330,28705,398,1366	18.546875,17.406250,17.203125,16.203125,16.000000,15.937500,15.703125,15.515625
45	4	1053	0.732862	1053,418,21649,6620,14395,6323,274,28721	19.312500,19.015625,16.828125,16.312500,16.031250,15.835938,15.703125,15.585938
45	5	4241	6.289242	438,486,1200,297,10666,325,802,842	20.218750,19.937500,18.234375,18.203125,17.015625,16.609375,16.453125,16.187500
45	6	486	0.019833	486,304,28705,802,13,354,2463,297	23.046875,18.843750,16.734375,16.125000,15.539062,15.523438,15.015625,14.218750
45	7	10590	0.272799	10590,802,2544,28705,399,4151,619,4709	17.187500,14.656250,14.328125,14.257812,13.851562,13.234375,12.414062,11.906250
46	0	7268	0.023922	7268,12332,9977,3707,23699,1200,2349,802	23.234375,19.453125,15.179688,15.070312,14.945312,14.265625,13.289062,13.250000
46	1	7533	0.000126	7533,265,2053,1294,802,842,663,1037	27.890625,18.109375,17.640625,16.656250,14.750000,14.703125,14.625000,14.554688
46	2	1200	2.583138	438,297,304,842,1200,354,690,802	20.343750,19.546875,19.406250,19.312500,18.765625,17.812500,17.671875,17.640625
46	3	690	0.483250	690,10666,297,354,7885,304,970,6763	21.234375,19.640625,19.000000,18.796875,18.375000,18.078125,17.765625,17.109375
46	4	403	1.019203	403,9877,4923,5591,400,1747,4226,12839	20.156250,19.937500,18.296875,18.265625,18.203125,18.140625,17.796875,17.640625
46	5	7885	0.255823	7885,341,6763,907,9877,802,10666,7567	20.203125,18.125000,17.000000,16.578125,16.359375,16.015625,15.984375,14.820312
46	6	297	3.724073	438,802,297,2943,390,356,477,354	22.703125,21.062500,19.187500,16.453125,15.804688,15.742188,15.664062,15.445312
46	7	28705	1.133221	272,28705,4222,4118,17533,264,1560,802	18.968750,18.828125,18.625000,14.601562,14.195312,13.796875,13.796875,13.664062
47	0	28750	0.003714	28750,13,4222,28740,8070,12,272,342	21.234375,14.710938,14.070312,13.234375,12.718750,12.500000,11.742188,11.242188
47	1	28734	0.000017	28734,28705,13,28740,464,292,802,28782	24.437500,11.929688,11.250000,10.453125,10.398438,9.546875,9.523438,9.507812
47	2	28734	0.000252	28734,28740,13,28705,802,1101,3850,2	24.484375,15.992188,13.437500,12.976562,12.367188,10.882812,10.679688,10.601562
47	3	28740	0.032551	28740,28750,28734,28770,28781,28782,28787,28784	22.078125,18.468750,16.203125,15.929688,14.367188,13.617188,13.007812,12.507812
47	4	438	0.285593	438,842,802,297,304,28723,390,28705	21.437500,19.765625,18.609375,18.140625,17.656250,16.031250,15.765625,15.507812
47	5	272	0.003021	272,415,4222,802,17681,13,382,8413	22.937500,16.515625,15.796875,13.867188,12.859375,12.828125,12.828125,12.757812
47	6	8413	0.050903	8413,9465,10319,13668,382,3189,17533,3610	20.093750,15.835938,15.601562,15.242188,14.187500,13.796875,13.570312,13.554688
47	7	6924	0.008337	6924,3610,21162,13,28705,5073,28743,5484	22.984375,17.734375,15.734375,15.265625,15.031250,14.851562,14.351562,14.257812
48	0	15209	0.020590	15209,5505,4324,297,18635,842,1200,9465	22.906250,17.781250,17.234375,17.140625,17.000000,16.296875,16.203125,15.695312
48	1	842	2.315660	4324,297,842,1200,304,8560,582,28723	20.546875,20.359375,19.031250,17.609375,17.375000,17.203125,15.507812,15.257812
48	2	650	0.674852	650,560,365,13,415,5606,2354,28705	21.234375,20.500000,19.203125,18.578125,18.140625,18.078125,17.984375,17.984375
48	3	553	5.368343	659,835,868,2068,349,2062,403,4226	21.234375,21.046875,19.750000,19.046875,18.781250,18.593750,18.546875,18.515625
48	4	264	0.310099	264,1698,3629,516,12426,835,11683,18901	20.937500,19.015625,17.921875,17.609375,17.312500,17.125000,16.609375,16.250000
48	5	11683	1.368210	11683,18901,11787,1741,4580,7626,3905,4392	18.234375,18.031250,17.359375,17.062500,16.890625,16.296875,16.234375,16.218750
48	6	3905	3.426270	802,4580,9293,3905,28733,6297,13144,28705	20.109375,18.250000,17.796875,16.968750,16.140625,13.656250,13.507812,13.406250
48	7	297	0.858475	356,297,390,802,9293,4543,1076,4580	21.265625,21.031250,18.406250,16.562500,15.570312,14.273438,14.000000,13.320312
49	0	272	0.250647	272,396,1670,28705,264,16505,8194,4170	19.734375,17.062500,16.187500,15.460938,15.406250,15.351562,15.328125,15.218750
49	1	8575	0.425152	8575,5046,16309,8862,28705,3518,1676,14250	19.109375,16.203125,16.125000,16.062500,16.062500,16.031250,15.695312,15.656250
49	2	3518	0.018126	3518,13792,1347,5714,1187,13660,14441,4758	23.703125,18.468750,18.343750,17.468750,17.406250,16.640625,16.328125,15.945312
49	3	20979	5.020325	1670,2378,4170,8194,6044,394,415,5802	17.671875,17.453125,17.109375,16.875000,16.625000,16.562500,16.062500,15.859375
49	4	2215	0.003710	2215,384,7404,802,14964,475,351,28705	25.609375,19.875000,16.531250,16.156250,16.046875,15.585938,15.515625,15.015625
49	5	1343	0.000273	1343,3337,28705,384,14292,802,13,13611	27.156250,18.156250,17.203125,16.296875,15.929688,15.726562,15.648438,15.257812
49	6	286	0.000441	286,5947,20124,28706,6497,7264,13170,24436	29.406250,21.250000,19.968750,19.437500,18.250000,17.625000,16.640625,15.390625
49	7	297	0.090637	297,304,272,1200,390,1444,2062,477	22.500000,18.890625,18.125000,18.078125,17.781250,17.609375,17.218750,17.062500
50	0	28705	0.005037	28705,272,4925,13,4117,4349,4624,4527	25.218750,19.812500,15.492188,15.437500,14.710938,14.546875,14.539062,14.492188
50	1	28750	0.000109	28750,28740,13,28734,733,342,12,304	25.046875,15.062500,14.679688,12.804688,12.679688,11.640625,11.468750,11.304688
50	2	28734	0.000050	28734,28705,28740,13,28774,28750,28783,1101	25.734375,14.968750,13.625000,13.507812,13.218750,13.117188,12.171875,11.664062
50	3	28734	0.000084	28734,28740,28705,13,1101,28750,2,28723	26.031250,16.218750,14.773438,14.632812,12.203125,12.171875,11.281250,10.875000
50	4	28750	0.839981	28750,28770,28740,28781,28782,28784,28787,28734	20.031250,19.562500,19.203125,17.921875,17.906250,15.445312,13.375000,13.031250
50	5	842	0.562780	842,304,1200,28705,390,1159,28723,4961	20.453125,19.625000,19.125000,16.187500,16.093750,15.406250,14.890625,14.687500
50	6	560	1.093145	650,560,851,2354,5606,13,3672,365	21.296875,20.968750,19.328125,18.281250,18.171875,17.968750,17.734375,17.625000
50	7	28705	0.037279	28705,272,4518,369,4925,5391,2246,4117	23.437500,20.046875,17.359375,15.429688,14.664062,14.609375,14.312500,14.312500
51	0	28750	0.000057	28750,28740,13,28734,733,28770,272,3406	25.515625,15.398438,13.437500,11.765625,11.445312,11.328125,11.210938,10.750000
51	1	28734	0.000008	28734,28740,28774,28750,28705,13,28782,1101	26.328125,12.976562,12.492188,12.320312,12.054688,11.750000,11.492188,11.484375
51	2	28734	0.002302	28734,28740,28705,13,28750,1101,2,3850	23.281250,17.203125,10.687500,10.406250,10.093750,9.687500,8.140625,8.007812
51	3	28781	1.759024	28770,28781,28782,28784,28787,28750,28783,28774	21.250000,19.796875,18.859375,17.328125,16.187500,15.421875,14.953125,14.531250
51	4	365	6.484371	1200,400,304,5606,28725,365,28705,387	20.625000,19.453125,16.296875,15.960938,15.304688,14.437500,13.687500,13.539062
51	5	3619	0.000053	3619,406,518,474,2456,6753,1068,28705	25.218750,14.687500,12.445312,12.296875,12.257812,12.093750,11.937500,11.757812
51	6	360	0.000042	360,1532,795,3636,424,1210,1158,20291	26.046875,15.148438,13.312500,13.171875,13.031250,12.875000,12.554688,11.828125
51	7	16787	4.229427	4226,6178,553,4580,403,1269,2248,7885	20.468750,20.062500,20.031250,20.000000,18.875000,18.343750,18.078125,18.015625
52	0	264	0.530998	264,516,272,1698,18901,624,12426,5374	21.421875,20.359375,20.265625,16.765625,16.390625,16.375000,15.976562,15.710938
52	1	3905	2.327139	4580,18901,1736,3905,5374,4392,3014,11787	18.468750,18.343750,17.421875,17.421875,17.390625,16.812500,16.500000,16.265625
52	2	390	2.236565	297,390,356,13291,4543,802,9089,302	22.953125,20.890625,20.046875,16.937500,16.765625,16.234375,15.406250,14.796875
52	3	345	8.734432	264,272,624,2985,25158,12751,2215,4797	19.203125,17.468750,16.703125,15.960938,15.601562,15.585938,15.281250,15.250000
52	4	21260	8.566561	28798,1014,28777,18590,28757,28755,28760,28735	15.078125,14.648438,14.500000,14.218750,14.195312,14.109375,13.914062,13.898438
52	5	345	0.839451	345,382,21191,11285,3283,17378,451,9370	17.203125,14.601562,14.226562,13.859375,13.781250,13.726562,13.687500,13.687500
52	6	297	0.368004	297,356,1200,325,21260,272,28705,354	20.796875,19.875000,17.406250,14.929688,14.000000,13.906250,13.414062,13.187500
52	7	272	0.055071	272,415,14250,8862,1295,264,8070,10264	20.250000,14.960938,14.875000,14.671875,14.640625,14.523438,13.679688,13.640625
53	0	9560	9.335411	8575,14250,4409,16309,2966,8862,1043,4387	18.640625,17.578125,17.468750,17.140625,16.984375,16.593750,16.140625,16.015625
53	1	345	0.723448	345,302,464,415,9842,28705,21508,15583	19.843750,18.437500,18.000000,17.812500,17.250000,16.406250,16.046875,15.843750
53	2	15268	8.758148	415,330,14292,1014,382,1450,401,318	18.875000,16.546875,16.421875,16.375000,15.898438,15.867188,15.828125,15.757812
53	3	4689	0.365444	4689,345,12583,304,1962,28742,28705,1200	18.265625,16.390625,15.828125,15.679688,14.015625,13.851562,13.718750,13.648438
53	4	464	3.604603	345,21425,365,11036,28742,464,689,272	19.531250,17.921875,17.406250,17.375000,17.156250,16.531250,16.437500,15.804688
53	5	28713	0.079092	28713,268,15268,318,334,1200,399,345	21.859375,19.312500,14.296875,13.921875,13.468750,13.429688,13.414062,13.125000
53	6	13689	3.292776	23326,6636,11432,13689,6795,4571,10850,21425	17.203125,16.937500,15.742188,15.601562,15.265625,15.140625,15.054688,15.031250
53	7	345	0.037079	345,28739,1081,7717,9842,23264,28705,11955	22.562500,18.703125,16.765625,16.250000,16.218750,16.109375,15.492188,15.265625
54	0	302	0.188881	302,356,477,297,354,1200,325,802	22.234375,19.828125,19.281250,19.062500,17.281250,17.234375,16.265625,15.179688
54	1	272	0.067587	272,14250,415,26375,8862,1295,4170,16309	20.468750,15.789062,15.671875,15.054688,14.945312,14.617188,14.617188,14.546875
54	2	8575	0.774654	8575,4409,14250,16309,4387,5714,3518,13792	19.484375,18.343750,17.687500,17.375000,16.906250,16.875000,16.828125,16.515625
54	3	3518	0.038094	3518,13792,1347,1187,5714,2007,20019,13660	23.500000,19.546875,19.078125,17.062500,16.968750,16.593750,16.546875,16.375000
54	4	415	2.830847	394,4170,415,2263,4777,1670,1295,26375	16.656250,16.656250,15.828125,15.796875,15.773438,15.757812,15.609375,15.476562
54	5	6428	2.822542	12809,8650,6502,2530,6428,9465,10224,26375	16.171875,15.953125,15.304688,14.960938,14.640625,14.156250,13.640625,13.507812
54	6	401	0.070250	401,6320,1200,11509,802,28705,9168,399	17.828125,13.687500,13.070312,12.695312,12.531250,12.367188,12.296875,12.140625
54	7	2780	0.000353	2780,2089,1994,492,644,479,2857,980	25.015625,16.328125,15.710938,15.367188,12.750000,12.742188,12.398438,12.218750
55	0	2753	6.382273	842,1200,304,356,690,28705,10666,4580	19.796875,17.984375,17.296875,15.718750,15.304688,15.085938,15.031250,15.023438
55	1	400	1.751125	456,400,304,297,272,264,650,516	20.390625,19.656250,19.375000,19.140625,18.359375,18.234375,17.562500,17.484375
55	2	4580	6.499004	835,2062,403,868,312,553,4226,6178	22.296875,20.281250,19.796875,19.562500,19.437500,19.437500,19.296875,18.859375
55	3	893	0.000256	893,699,267,1800,390,2760,12466,1382	23.359375,14.312500,12.210938,11.984375,11.382812,11.351562,11.281250,11.164062
55	4	13291	1.266375	297,13291,390,9089,395,1076,2267,802	21.171875,20.625000,20.140625,18.500000,17.281250,16.218750,15.953125,15.585938
55	5	16760	5.280119	3655,4797,384,14467,272,16760,4417,9142	18.437500,16.281250,15.671875,13.609375,13.531250,13.414062,13.085938,13.046875
55	6	3655	0.334234	3655,1259,737,4797,2490,384,4417,5529	19.171875,17.125000,16.640625,16.312500,15.640625,15.554688,13.726562,13.710938
55	7	23516	0.013142	23516,22094,420,399,19068,394,26290,320	19.750000,14.304688,13.820312,13.781250,13.382812,12.078125,11.539062,11.367188
56	0	304	0.285221	304,1200,28725,28705,325,390,842,13	21.046875,19.906250,15.546875,15.242188,14.257812,12.796875,12.750000,12.320312
56	1	384	1.505627	10590,384,4797,382,5376,399,393,4157	17.343750,16.703125,16.453125,14.234375,14.125000,13.914062,13.882812,13.734375
56	2	21499	0.606325	21499,2516,554,784,720,322,10087,628	15.460938,14.375000,12.617188,12.570312,12.492188,12.218750,12.093750,11.984375
56	3	12615	0.332766	12615,399,382,18779,394,6756,28705,464	21.000000,20.062500,13.812500,12.960938,12.843750,12.304688,12.210938,11.734375
56	4	28710	0.000782	28710,613,28724,842,1200,2773,28723,28737	25.562500,18.281250,14.851562,14.765625,14.039062,13.609375,13.335938,12.875000
56	5	842	0.118631	842,297,1200,28705,304,390,28723,13	21.312500,18.984375,16.406250,16.078125,15.710938,15.546875,15.476562,14.367188
56	6	650	0.838253	650,560,365,415,851,3672,13,11680	21.078125,20.687500,19.859375,18.500000,18.218750,17.359375,17.234375,17.203125
56	7	403	3.499777	835,553,659,4226,868,6178,403,2068	20.843750,19.953125,19.234375,18.765625,18.703125,18.515625,18.203125,17.937500
57	0	4815	2.739853	835,264,4815,2062,868,27242,297,12526	19.937500,18.000000,17.718750,17.312500,17.234375,17.203125,16.937500,16.750000
57	1	297	0.632238	297,390,13291,1076,486,354,298,369	22.390625,22.203125,18.437500,17.796875,17.437500,17.000000,16.406250,15.945312
57	2	272	0.393112	272,264,28705,516,989,396,1698,415	21.687500,20.640625,19.015625,17.828125,16.421875,16.218750,16.078125,15.937500
57	3	28705	1.808935	3905,28705,1736,8575,2966,18901,1156,5374	18.156250,17.812500,17.609375,17.234375,17.000000,16.812500,16.578125,15.695312
57	4	28750	0.002926	28750,28740,13,28770,16309,2966,28782,28781	22.187500,15.750000,13.445312,13.156250,13.125000,13.117188,12.984375,12.601562
57	5	28734	0.000193	28734,28782,292,28740,28705,28781,28750,802	24.000000,13.328125,13.234375,13.218750,13.101562,12.796875,12.562500,12.375000
57	6	28734	0.033216	28734,28740,362,28750,28733,28705,13,2246	21.093750,17.703125,10.773438,9.929688,9.515625,9.226562,7.664062,7.125000
57	7	28782	0.572414	28782,28784,28781,28787,28783,28774,28770,28750	19.656250,18.828125,17.812500,17.406250,16.484375,15.867188,14.328125,13.203125
58	0	18635	7.686543	2966,8575,1187,16309,4480,13660,4409,15032	18.484375,17.984375,16.812500,16.390625,15.960938,15.882812,15.578125,15.562500
58	1	1219	4.547419	4885,1156,1219,25661,5511,1347,4397,2966	22.718750,18.687500,18.218750,18.187500,16.296875,16.125000,15.898438,15.562500
58	2	1308	0.001072	1308,28717,21990,277,16591,13,15029,802	21.734375,14.203125,13.476562,11.531250,10.695312,10.632812,10.351562,10.070312
58	3	302	0.752472	302,415,6808,330,10827,6359,26074,1366	19.781250,18.984375,16.609375,16.187500,16.187500,15.453125,15.429688,15.382812
58	4	272	3.200621	415,330,272,6359,4041,10827,10785,6808	18.546875,16.859375,16.343750,15.453125,15.304688,15.289062,15.226562,15.148438
58	5	7772	8.815239	8928,1156,8413,9158,19155,3610,2296,3797	20.265625,18.109375,16.765625,15.718750,15.570312,15.359375,15.257812,14.484375
58	6	399	0.038788	399,28440,23026,23134,20393,7576,1091,3651	22.750000,19.390625,16.625000,15.914062,13.562500,13.476562,13.328125,13.304688
58	7	313	0.001532	313,20240,1018,8891,2558,28723,1910,3287	25.343750,18.750000,15.640625,14.789062,14.171875,14.093750,13.679688,13.671875
59	0	2047	0.000053	2047,723,13,346,291,28714,7459,2	26.421875,16.375000,14.070312,13.351562,12.687500,12.093750,11.093750,11.085938
59	1	1156	0.936771	8928,1156,467,3579,4241,464,28742,28733	21.296875,20.890625,15.804688,15.609375,15.570312,15.171875,15.093750,15.046875
59	2	5625	1.348532	20403,5625,415,6444,12670,1295,1337,464	17.312500,16.796875,16.218750,15.265625,14.476562,13.882812,13.195312,12.875000
59	3	25812	0.014776	25812,705,1352,13336,2706,6119,358,3552	25.281250,20.937500,18.906250,16.390625,14.625000,13.421875,13.406250,13.234375
59	4	8179	0.000004	8179,2982,12168,1200,18034,304,24538,399	33.125000,20.750000,16.484375,16.453125,15.906250,15.140625,14.437500,13.593750
59	5	1200	3.052431	304,438,390,1200,325,297,7885,2753	21.453125,19.125000,18.890625,18.656250,17.328125,17.218750,16.296875,15.851562
59	6	690	1.392717	304,690,297,970,272,390,7885,10666	19.859375,19.843750,19.312500,18.937500,18.578125,18.265625,17.796875,17.234375
59	7	403	0.078480	403,9877,400,5591,4226,4923,7885,3874	21.796875,18.015625,17.468750,16.906250,16.484375,16.453125,16.421875,15.875000
60	0	7885	0.033125	7885,341,10666,835,6763,907,3336,16385	21.593750,17.140625,16.234375,16.140625,15.210938,15.156250,14.703125,14.625000
60	1	438	0.065022	438,297,802,805,486,3984,477,354	23.109375,20.140625,18.015625,17.203125,16.718750,16.703125,15.859375,15.585938
60	2	272	0.015274	272,415,367,6780,1560,4222,15209,464	21.203125,16.796875,13.890625,13.851562,13.781250,12.265625,11.968750,11.820312
60	3	2985	3.013674	367,382,976,1450,2985,5505,3984,15209	13.937500,13.289062,13.132812,13.023438,12.742188,12.398438,12.351562,12.343750
60	4	383	0.059740	383,425,7610,314,2272,2786,2060,28723	22.687500,19.828125,17.031250,14.695312,14.031250,13.296875,13.007812,12.312500
60	5	15209	0.136436	15209,297,1200,438,18635,28725,367,304	19.968750,16.750000,16.625000,16.250000,15.617188,15.187500,14.968750,14.695312
60	6	297	0.665459	297,1200,367,304,28725,438,2753,325	20.234375,19.875000,18.234375,17.078125,16.562500,16.062500,15.195312,15.015625
60	7	367	0.042608	367,4222,272,28705,15209,516,25970,13	20.734375,17.140625,15.226562,15.187500,14.117188,12.718750,12.617188,12.476562
61	0	346	0.000017	346,4544,1555,321,18758,10533,5451,14266	25.734375,13.101562,13.046875,12.898438,12.726562,11.304688,11.132812,11.101562
61	1	20123	0.000118	20123,28719,5108,1881,28733,16259,1200,290	26.343750,17.078125,14.976562,14.031250,12.929688,12.718750,12.578125,12.437500
61	2	304	1.069006	1200,304,2753,297,842,477,28725,390	20.843750,20.296875,17.859375,16.765625,15.859375,15.843750,15.750000,15.171875
61	3	272	0.460754	272,438,415,868,2062,297,1076,4222	20.312500,19.515625,17.343750,16.375000,15.929688,15.273438,14.945312,14.843750
61	4	7670	1.534576	382,7670,976,7470,23436,1010,3797,5505	16.140625,15.812500,14.859375,13.976562,13.812500,13.578125,13.390625,13.218750
61	5	749	0.000360	749,1742,16302,28709,6526,3378,561,11958	26.453125,18.359375,16.000000,14.562500,13.953125,13.140625,12.921875,12.648438
61	6	689	0.006010	689,15209,1209,28705,16597,13,338,334	22.500000,17.171875,14.312500,13.851562,13.000000,12.632812,12.593750,12.500000
61	7	11959	0.000040	11959,3873,14403,402,1396,9228,617,15164	25.390625,14.296875,13.867188,12.804688,12.539062,12.351562,11.539062,11.375000
62	0	24264	0.001799	24264,10563,401,4990,6452,28705,15209,13001	24.750000,17.718750,17.078125,16.062500,15.234375,14.757812,14.507812,13.968750
62	1	297	0.042343	297,1200,2753,15209,842,304,28705,18635	21.593750,18.078125,16.000000,15.773438,15.078125,14.796875,14.648438,14.031250
62	2	4222	0.009378	4222,3658,6287,28705,20491,17465,17681,26432	24.046875,19.140625,16.953125,16.062500,15.625000,14.750000,14.570312,14.375000
62	3	842	0.917871	1200,842,2753,304,28705,297,28723,28725	20.156250,19.984375,18.484375,16.531250,15.695312,15.546875,15.015625,14.843750
62	4	650	0.647505	650,560,365,415,1725,851,13,2354	21.453125,20.609375,20.046875,18.671875,18.250000,17.484375,17.296875,17.234375
62	5	403	2.663843	835,553,403,4226,6178,868,4580,659	20.484375,19.390625,18.546875,18.390625,17.984375,17.937500,17.828125,17.343750
62	6	10666	6.553894	835,4815,868,2062,264,18410,27242,297	20.156250,18.843750,17.078125,16.562500,15.953125,15.898438,15.640625,15.570312
62	7	486	0.091343	486,297,1076,304,736,390,354,13291	23.359375,20.953125,16.687500,16.296875,16.187500,15.421875,15.046875,14.835938
63	0	2215	5.423159	7772,399,272,10590,12642,12562,524,3655	18.375000,17.546875,16.421875,15.875000,15.851562,15.367188,15.117188,14.671875
63	1	320	0.355749	320,3283,12101,334,19543,2364,524,6068	18.750000,16.640625,16.187500,15.140625,15.140625,14.992188,14.367188,14.148438
63	2	2728	0.006359	2728,425,3389,309,3525,1795,678,20380	19.093750,13.031250,12.250000,11.578125,11.570312,10.460938,10.187500,9.953125
63	3	1164	0.000122	1164,276,707,9036,262,4499,2705,28708	27.687500,18.140625,16.500000,16.468750,16.390625,15.773438,13.921875,13.539062
63	4	304	1.941767	297,842,304,1200,354,390,1938,693	20.906250,19.593750,19.562500,19.328125,17.750000,15.828125,15.593750,15.468750
63	5	4580	1.917603	7885,4226,4580,6178,1001,7772,835,20384	19.359375,18.984375,18.687500,17.609375,17.093750,17.093750,17.046875,17.000000
63	6	893	0.000111	893,699,1800,12466,13291,1591,2760,1638	24.265625,14.828125,12.226562,11.085938,10.953125,10.742188,10.554688,10.523438
63	7	13291	0.066040	13291,297,9089,390,395,1679,2267,9439	22.171875,18.546875,17.875000,17.812500,17.703125,15.421875,15.414062,14.921875
64	0	4121	4.988810	16760,10964,4797,399,4660,18334,4121,19017	19.437500,16.234375,15.937500,15.429688,15.414062,15.000000,14.695312,14.507812
64	1	943	0.135799	943,394,14381,8103,17545,28517,351,17546	21.312500,19.109375,16.812500,15.429688,15.289062,15.187500,14.742188,14.742188
64	2	789	0.000019	789,278,1751,785,2606,262,372,8069	26.812500,15.507812,13.054688,12.875000,12.562500,12.539062,12.460938,11.890625
64	3	1067	0.000044	1067,11646,2546,24489,1029,8733,336,314	26.687500,15.359375,14.554688,14.070312,13.937500,13.898438,13.757812,13.601562
64	4	1200	1.512901	304,842,1200,297,390,28705,28725,325	19.843750,19.203125,19.109375,17.921875,14.687500,14.156250,14.132812,13.367188
64	5	1295	7.983782	4660,17335,693,18709,15089,399,9108,524	18.203125,16.281250,15.804688,15.515625,15.320312,15.226562,15.109375,14.828125
64	6	1564	0.021208	1564,5214,491,314,449,1977,941,515	20.968750,16.265625,15.289062,14.421875,14.382812,14.187500,13.968750,13.382812
64	7	1054	2.139097	11285,4656,1054,399,451,22949,2463,7801	15.859375,14.601562,14.531250,14.406250,12.859375,12.500000,12.179688,12.023438
65	0	10261	0.000309	10261,14917,941,2923,11331,2126,2452,3204	22.796875,12.796875,12.476562,12.476562,11.539062,11.515625,11.460938,11.304688
65	1	1200	1.097429	304,1200,28725,28705,325,391,567,13	21.203125,20.515625,14.718750,13.304688,12.843750,12.500000,12.476562,12.273438
65	2	9726	6.056229	304,4660,15089,399,8103,9108,3920,19017	19.296875,17.953125,16.531250,16.171875,15.875000,15.859375,15.843750,15.726562
65	3	13043	16.791069	320,413,23768,21906,382,3283,524,351	20.218750,18.562500,17.218750,16.328125,16.187500,15.617188,15.554688,15.515625
65	4	1200	1.619165	266,304,1200,789,25336,11360,842,28725	18.718750,18.031250,17.734375,13.343750,11.062500,10.804688,10.710938,10.671875
65	5	1361	8.007904	304,4660,4797,8103,15089,3920,524,399	19.718750,18.171875,16.625000,16.531250,16.515625,16.484375,16.390625,16.187500
65	6	14068	0.025909	14068,293,4652,2331,372,313,2089,509	18.546875,13.578125,12.937500,12.593750,12.023438,11.976562,11.398438,11.257812
65	7	17161	0.506416	17161,15282,4797,330,318,24749,21564,17723	19.781250,18.859375,17.875000,17.343750,14.679688,14.554688,13.500000,13.125000
66	0	411	0.047688	411,794,267,1168,2243,4137,311,638	18.171875,15.015625,11.742188,10.804688,10.679688,10.093750,10.062500,10.046875
66	1	1200	0.846138	304,1200,28705,28725,567,297,842,13	21.296875,21.015625,14.343750,14.273438,12.867188,12.687500,12.585938,12.523438
66	2	22223	5.662081	304,4660,4797,3920,15089,8103,524,399	19.312500,18.015625,16.781250,16.578125,16.578125,16.531250,16.343750,16.312500
66	3	662	0.259499	662,19512,1984,6678,394,18476,318,28660	17.187500,15.164062,13.539062,13.140625,12.968750,12.843750,12.460938,12.273438
66	4	15427	0.009928	15427,1485,978,1606,426,19424,3110,836	19.781250,14.156250,13.710938,12.203125,12.007812,11.460938,11.148438,11.070312
66	5	304	0.606382	304,1200,28705,28725,567,842,325,13	20.671875,20.484375,14.039062,13.476562,12.250000,12.148438,11.914062,11.781250
66	6	14467	6.315575	4660,318,12642,15089,524,399,3920,8103	17.453125,16.109375,16.062500,16.046875,16.031250,16.000000,15.984375,15.859375
66	7	294	0.020771	294,1651,849,6012,1011,1286,681,606	22.656250,18.531250,17.218750,13.976562,13.476562,12.726562,12.406250,12.367188
67	0	6756	5.993217	475,14392,3797,20516,17247,10244,3217,1337	18.437500,17.890625,16.187500,15.812500,15.453125,15.195312,15.132812,14.835938
67	1	842	0.121986	842,297,2753,1200,28705,390,13,28723	20.500000,18.218750,15.484375,15.335938,14.203125,14.062500,13.718750,13.296875
67	2	28705	5.081774	650,560,365,415,13,851,1725,2354	21.625000,20.687500,20.015625,19.000000,18.046875,17.718750,17.625000,17.484375
67	3	13	0.080784	13,650,560,28750,365,415,5606,28740	21.109375,17.421875,17.390625,16.546875,16.484375,15.476562,15.335938,13.539062
67	4	560	3.356834	13,650,560,28705,365,327,5606,415	19.703125,17.109375,16.609375,16.265625,16.203125,16.000000,15.734375,15.414062
67	5	28705	0.053261	28705,272,4925,4518,2246,4117,4624,3909	23.062500,19.984375,16.406250,15.968750,15.617188,15.500000,15.367188,15.359375
67	6	28750	0.000069	28750,28740,28734,13,29000,272,12,619	25.484375,15.320312,14.195312,13.054688,12.085938,11.843750,11.554688,11.054688
67	7	28734	0.000088	28734,28705,28783,28740,28750,28774,13,28725	24.515625,13.828125,12.789062,12.671875,12.664062,12.656250,11.820312,11.781250
68	0	28734	0.008211	28734,28740,28750,28705,13,28784,28782,2	21.937500,17.125000,12.570312,10.343750,9.351562,9.304688,8.687500,8.546875
68	1	28784	0.220036	28784,28782,28787,28783,28774,28781,28770,28750	20.531250,18.375000,18.234375,16.656250,15.523438,13.976562,12.929688,11.890625
68	2	1200	2.757675	365,400,1200,5606,304,28705,28725,272	20.781250,19.000000,18.281250,17.078125,15.421875,14.726562,14.000000,13.867188
68	3	365	0.182516	365,400,5606,272,2296,1024,28705,650	22.812500,20.984375,19.265625,16.609375,16.078125,15.937500,15.507812,15.367188
68	4	3619	0.000006	3619,406,6753,518,474,2456,1068,28705	28.031250,14.828125,14.515625,13.320312,13.234375,12.945312,12.914062,12.726562
68	5	360	0.000004	360,1532,3636,8900,930,2,795,13	32.218750,19.312500,16.812500,16.750000,16.203125,15.804688,15.476562,15.359375
68	6	4580	1.925264	6178,403,4580,4226,16787,553,7885,2248	19.078125,18.890625,18.734375,18.656250,18.531250,18.312500,16.765625,16.609375
68	7	893	0.000042	893,699,297,12466,1800,802,267,390	25.296875,14.500000,12.468750,12.257812,12.218750,11.898438,11.867188,11.820312
69	0	13291	3.272730	297,390,13291,9089,395,356,802,438	22.609375,20.875000,19.546875,17.468750,16.375000,15.304688,15.289062,13.968750
69	1	943	6.681187	4121,4797,16760,3655,4660,10964,18334,10590	18.250000,17.781250,17.531250,17.468750,16.984375,16.968750,16.671875,16.343750
69	2	789	0.000109	789,431,392,278,2606,1254,463,372	23.859375,13.156250,12.046875,12.031250,11.757812,11.664062,11.320312,11.273438
69	3	1067	0.000006	1067,2546,11646,12154,336,2,6195,304	27.375000,13.843750,13.765625,12.929688,12.414062,11.945312,11.773438,11.718750
69	4	297	0.830574	297,304,1200,1076,2327,390,354,325	21.015625,20.734375,19.718750,19.484375,17.656250,16.296875,14.281250,13.242188
69	5	272	0.162668	272,264,399,1698,415,516,989,5966	19.875000,16.765625,16.484375,15.773438,14.929688,14.343750,14.343750,14.250000
69	6	1156	1.572960	1156,2966,18635,8575,3797,7772,7670,28705	17.375000,16.875000,16.765625,16.109375,15.304688,15.250000,15.187500,15.179688
69	7	16334	6.897671	415,851,20403,11549,367,1641,7787,1725	17.359375,14.812500,14.640625,13.898438,13.656250,13.648438,13.296875,13.203125
70	0	463	0.275930	463,20084,11156,697,520,316,1689,311	24.046875,22.890625,18.187500,14.656250,13.773438,13.578125,13.273438,13.093750
70	1	596	-0.000000	596,7322,14320,9920,4511,269,308,18183	33.218750,15.867188,15.625000,14.398438,14.078125,14.000000,13.875000,13.843750
70	2	1557	0.025711	1557,302,1200,354,11933,15209,297,438	23.828125,20.125000,16.250000,14.382812,14.335938,14.179688,14.078125,14.000000
70	3	4241	0.989910	4241,438,1200,486,10666,690,304,835	19.843750,19.406250,19.218750,18.343750,16.687500,16.453125,16.406250,16.187500
70	4	486	0.002363	486,304,354,28705,2463,13,2,802	24.062500,17.843750,14.500000,14.203125,13.812500,13.703125,13.500000,13.398438
70	5	3655	0.083527	3655,12332,12809,7268,10590,16481,8413,9977	21.281250,18.578125,16.015625,15.531250,15.468750,14.234375,13.953125,13.945312
70	6	399	0.000187	399,14610,3291,5802,4455,451,13542,1200	23.046875,11.875000,11.765625,11.742188,11.632812,11.570312,11.468750,11.460938
70	7	3146	0.000002	3146,494,9024,1182,1750,14917,308,16227	27.828125,12.804688,12.695312,12.617188,12.015625,11.164062,10.445312,9.976562
71	0	19156	0.000069	19156,12254,425,26912,7442,28769,28716,304	27.890625,17.312500,17.171875,16.593750,15.414062,14.804688,14.117188,13.898438
71	1	842	2.395170	1200,304,438,842,690,2753,354,390	20.593750,20.500000,19.578125,19.171875,17.359375,17.281250,17.171875,14.765625
71	2	650	0.818893	650,415,661,851,560,1306,16334,365	22.546875,22.265625,21.078125,20.703125,19.625000,18.343750,18.234375,17.984375
71	3	6178	3.127430	835,403,553,4226,7885,6178,868,4580	21.000000,20.312500,19.468750,19.015625,18.812500,18.718750,18.250000,18.187500
71	4	356	4.416245	297,390,438,13291,356,395,1076,9089	22.968750,20.109375,19.484375,18.859375,18.671875,17.656250,16.437500,15.710938
71	5	264	5.304596	272,5430,8575,13590,4921,24331,396,264	21.171875,21.046875,19.421875,19.062500,18.000000,17.265625,17.187500,16.718750
71	6	28705	2.904549	8357,16309,8575,9560,28705,6480,11683,2692	17.281250,16.921875,16.468750,16.421875,16.156250,16.046875,16.031250,15.570312
71	7	28750	0.034403	28750,28740,28770,28784,28782,28781,13,28787	20.984375,16.812500,15.593750,15.335938,15.148438,15.093750,14.531250,14.335938
72	0	28734	0.004765	28734,28733,28782,28781,28783,28750,28740,28770	23.000000,15.914062,15.898438,15.882812,14.968750,14.898438,14.890625,14.781250
72	1	28734	0.015167	28734,28740,28733,362,7117,28750,4212,9560	21.296875,17.062500,13.484375,12.023438,11.953125,11.406250,10.085938,9.968750
72	2	28784	0.704290	28784,28787,28783,28774,28782,28781,28770,28750	19.843750,19.734375,17.500000,15.875000,15.164062,12.843750,11.937500,11.414062
72	3	9560	0.065495	9560,16309,8575,12065,4885,7416,2796,6480	20.703125,16.375000,15.937500,15.203125,14.718750,14.695312,14.554688,14.281250
72	4	302	0.001305	302,356,325,802,21508,345,15583,1200	24.171875,15.562500,15.273438,15.156250,15.156250,14.843750,14.218750,14.187500
72	5	272	0.349916	272,415,16505,2378,8194,5802,1450,4170	19.640625,16.765625,16.593750,16.125000,16.109375,15.929688,15.695312,15.546875
72	6	8575	0.298887	8575,16309,4409,8862,14250,5046,6480,5714	20.000000,17.687500,17.140625,16.546875,16.421875,15.578125,15.140625,15.117188
72	7	3518	0.023369	3518,1347,13792,2007,14441,22054,9311,18987	24.296875,20.015625,18.625000,18.000000,17.593750,16.421875,16.140625,16.031250
73	0	1200	9.801540	415,2378,4170,1670,8194,16505,1450,6044	16.890625,16.843750,16.593750,16.531250,16.531250,16.531250,16.484375,15.734375
73	1	2378	2.959309	415,690,970,2378,8194,16505,297,1670	16.875000,16.828125,16.593750,16.140625,16.031250,15.960938,15.710938,15.703125
73	2	6475	0.001240	6475,734,300,5185,310,2280,995,16812	23.265625,15.781250,14.625000,14.429688,14.203125,13.320312,12.281250,11.828125
73	3	1200	1.233620	842,1200,390,304,297,4543,1987,28705	18.328125,18.109375,17.093750,17.031250,16.312500,14.703125,14.656250,14.281250
73	4	4961	6.107204	390,304,297,4543,970,690,15583,21508	19.984375,19.671875,19.328125,18.937500,18.812500,17.812500,17.812500,17.734375
73	5	486	0.003111	486,297,264,16434,395,272,28705,2062	24.421875,18.375000,15.500000,15.039062,14.703125,14.648438,14.539062,13.976562
73	6	264	0.201130	264,272,396,1698,12426,21190,11683,516	21.437500,18.468750,18.406250,17.968750,17.515625,17.468750,17.375000,17.265625
73	7	3905	1.611843	11683,3905,28705,4580,18901,1736,5374,1741	19.171875,18.406250,17.937500,17.890625,16.859375,16.109375,15.476562,15.078125
74	0	297	0.288294	297,390,356,13291,302,9089,4543,272	22.343750,21.000000,19.453125,17.968750,15.804688,15.054688,14.226562,14.179688
74	1	272	0.053818	272,264,28705,396,415,4417,1698,16309	21.859375,17.593750,17.515625,16.859375,16.343750,14.367188,14.359375,14.281250
74	2	28705	0.374104	28705,8575,1156,2966,2485,18635,4480,16309	19.406250,17.375000,17.000000,16.828125,15.195312,15.078125,14.843750,14.750000
74	3	28750	0.001421	28750,28740,13,28782,28770,28784,8575,28781	22.578125,14.882812,14.437500,13.335938,13.296875,12.859375,12.554688,12.523438
74	4	28734	0.000288	28734,28705,28782,28733,17142,28740,28781,28750	23.781250,13.796875,13.375000,13.054688,12.773438,12.765625,12.617188,12.562500
74	5	28734	0.002474	28734,28740,28705,362,28750,28787,13,28733	21.703125,15.687500,10.046875,9.921875,8.828125,8.687500,8.546875,8.515625
74	6	28787	0.150486	28787,28784,28783,28774,28782,28781,28734,28770	20.250000,17.953125,17.359375,15.093750,12.210938,10.414062,9.945312,9.468750
74	7	18635	2.352747	8575,2966,18635,1156,1187,5430,3518,4480	18.031250,17.703125,16.781250,16.718750,15.523438,15.125000,15.023438,14.968750
75	0	4885	0.037506	4885,1219,1156,25661,8928,18860,18957,24900	22.750000,19.203125,17.875000,14.914062,13.890625,13.515625,13.492188,13.335938
75	1	302	0.082695	302,415,1200,28705,464,330,10827,28725	21.843750,18.359375,17.406250,14.820312,14.789062,14.765625,14.679688,14.554688
75	2	1602	8.287254	272,415,3655,10827,330,399,334,5966	19.312500,18.250000,15.914062,15.507812,15.445312,15.320312,14.828125,14.750000
75	3	298	0.144316	298,1791,315,6025,28714,6428,15465,412	20.015625,17.265625,16.468750,16.296875,14.656250,14.390625,14.351562,14.304688
75	4	6119	1.467525	3433,6119,15259,6021,15960,2483,318,2941	20.500000,19.656250,18.734375,17.703125,16.968750,16.703125,16.531250,16.296875
75	5	331	0.000002	331,333,643,1151,1074,380,673,13	31.281250,17.812500,16.031250,15.585938,14.023438,13.515625,12.562500,12.539062
75	6	10666	2.989258	4241,438,486,1200,10666,842,297,272	20.093750,17.968750,17.703125,17.640625,17.500000,16.859375,14.921875,14.914062
75	7	486	0.003002	486,304,438,2463,28705,354,13,1200	23.734375,17.718750,14.093750,14.062500,13.820312,13.304688,13.140625,13.085938
76	0	9574	6.941660	2215,399,3655,12642,10590,524,20468,320	17.437500,16.906250,16.750000,16.515625,16.343750,16.218750,16.078125,16.000000
76	1	412	0.009199	412,14180,386,3186,816,382,14475,331	21.609375,16.281250,15.132812,14.546875,13.921875,13.835938,12.484375,12.460938
76	2	399	0.003637	399,16506,6428,384,318,6359,20165,14135	22.093750,15.640625,13.945312,13.164062,12.578125,12.281250,12.187500,12.132812
76	3	423	0.000004	423,2020,313,4016,4643,1022,1184,696	28.765625,14.812500,13.898438,13.343750,12.851562,12.796875,12.664062,12.546875
76	4	405	0.000168	405,28729,18727,10774,945,4457,1200,842	25.390625,16.015625,15.210938,13.968750,13.140625,13.039062,12.648438,12.632812
76	5	842	0.910549	842,438,304,1200,2753,297,354,690	19.906250,19.546875,19.390625,17.781250,15.523438,15.390625,15.343750,14.875000
76	6	1602	11.774317	650,560,28705,365,415,13,851,2354	21.593750,20.515625,19.953125,19.093750,18.265625,17.828125,17.359375,16.093750
76	7	298	0.002087	298,1791,6119,863,403,532,13,272	25.156250,18.781250,15.453125,15.179688,14.664062,14.437500,14.304688,14.046875
77	0	6119	0.001028	6119,334,27960,4432,13,28705,403,22457	25.687500,17.906250,17.781250,15.765625,14.921875,14.390625,13.984375,13.578125
77	1	331	0.000002	331,3245,864,13,358,457,673,303	28.984375,14.578125,13.460938,13.203125,12.851562,12.820312,12.414062,12.179688
77	2	403	0.150867	403,349,4580,9877,12526,1200,4923,5591	21.640625,18.468750,18.328125,17.796875,17.296875,17.093750,16.453125,16.265625
77	3	7885	0.070843	7885,4241,264,341,835,907,4961,2818	21.484375,17.687500,17.078125,16.546875,16.109375,15.429688,15.148438,15.109375
77	4	438	0.057325	438,297,486,390,356,354,477,802	23.187500,20.171875,17.218750,16.703125,16.359375,16.093750,15.914062,15.445312
77	5	13668	8.479174	272,415,4222,1560,19155,382,8413,318	22.187500,17.484375,15.382812,15.140625,15.140625,14.476562,14.468750,14.320312
77	6	15209	0.124241	15209,6756,4594,6248,1200,18635,304,297	20.312500,17.781250,16.796875,14.906250,14.500000,14.304688,13.914062,13.710938
77	7	297	0.427208	297,304,1200,842,477,395,4222,2753	20.953125,19.328125,19.078125,18.984375,15.867188,15.851562,15.609375,15.414062
78	0	272	7.150280	4222,985,3797,28705,7635,5058,272,17681	22.296875,17.609375,17.437500,17.312500,16.937500,15.484375,15.179688,13.945312
78	1	4222	2.450546	2969,3797,4222,1348,6194,985,8413,7474	19.125000,18.203125,17.625000,17.328125,16.796875,16.625000,16.406250,16.125000
78	2	9411	0.578470	9411,287,7181,1083,18583,2698,842,10501	20.812500,19.750000,19.265625,18.671875,17.296875,16.781250,16.328125,15.539062
78	3	900	0.000109	900,996,476,1322,4795,591,280,11376	26.765625,17.250000,15.117188,15.062500,14.851562,13.734375,13.203125,12.726562
78	4	302	0.001831	302,802,5058,28713,4529,28705,1200,304	23.531250,16.625000,14.648438,14.289062,13.898438,13.804688,13.656250,13.351562
78	5	5058	0.001230	5058,3797,524,382,11218,1200,4222,802	25.765625,18.203125,17.234375,17.000000,16.406250,15.406250,15.179688,15.164062
78	6	14448	0.000067	14448,794,28719,404,842,1200,290,304	27.281250,17.125000,16.171875,15.226562,14.789062,13.218750,12.531250,12.312500
78	7	28719	0.000015	28719,372,290,991,2162,28711,2630,1916	28.390625,16.062500,15.859375,15.367188,14.804688,13.640625,13.601562,12.953125
79	0	372	0.000006	372,362,2,304,13,16919,999,28705	28.421875,14.921875,14.710938,14.093750,13.945312,13.765625,12.765625,12.734375
79	1	304	0.028946	304,842,1200,567,297,2753,28705,28723	23.781250,19.984375,17.437500,17.312500,17.062500,15.898438,15.796875,14.984375
79	2	401	0.001421	401,403,272,297,28765,11439,438,1200	24.218750,15.656250,15.617188,15.007812,14.960938,14.687500,14.679688,14.484375
79	3	353	0.000002	353,9271,517,2,13,12063,1007,1248	28.968750,15.046875,14.218750,13.914062,13.085938,12.625000,12.484375,12.085938
79	4	3520	0.000046	3520,11218,842,2799,5058,18500,13,1200	27.000000,16.125000,14.898438,14.359375,14.093750,14.023438,13.554688,13.437500
79	5	842	0.196548	842,304,1200,297,2753,477,395,28705	21.390625,18.890625,18.531250,18.062500,16.453125,16.218750,16.171875,15.914062
79	6	365	1.872175	650,560,365,28705,13,415,661,851	21.484375,20.500000,20.343750,20.093750,18.484375,17.906250,17.015625,16.296875
79	7	3619	0.000114	3619,406,6753,474,1068,518,2456,28705	24.343750,13.718750,12.835938,12.812500,12.734375,12.648438,12.132812,11.882812
