# model	models/mlx/qwen3-30b-a3b-4bit
# corpus	tests/fixtures/wikitext2_excerpt.txt	tokens	299190
# chunks	80	chunk_tokens	8	topk	8	prefill	512
# columns	chunk	pos	target	nll	top_ids	top_logits
0	0	42105	15.658142	1124,370,273,37018,2533,709,1318,1125	20.375000,18.375000,16.125000,15.312500,15.250000,14.937500,14.937500,14.687500
0	1	275	5.930899	285,685,83964,27391,81080,579,10980,5137	17.375000,17.000000,16.500000,15.875000,15.187500,14.687500,14.625000,14.312500
0	2	427	0.001720	427,644,765,706,779,78617,29551,1897	25.000000,17.375000,16.875000,15.875000,15.625000,15.437500,15.000000,14.937500
0	3	12	5.603872	369,47761,25,198,311,320,4035,284	18.625000,18.250000,18.000000,17.875000,17.750000,17.750000,17.750000,17.625000
0	4	17	1.257612	17,16,18,19,15,6570,5097,20	17.875000,17.375000,16.125000,15.750000,15.625000,15.625000,15.062500,14.750000
0	5	3393	6.669989	320,10337,198,39183,75734,12,15,25	20.000000,19.250000,18.875000,18.625000,18.375000,18.000000,17.875000,17.875000
0	6	75734	2.555450	2885,75734,39183,320,4035,2573,220,25	19.750000,19.500000,19.375000,19.250000,19.250000,19.000000,18.875000,18.250000
0	7	79483	3.080648	320,4035,198,79483,25,271,348,284	21.250000,20.375000,20.000000,19.375000,19.250000,18.750000,18.750000,18.375000
1	0	3608	8.624744	785,1986,418,58,15505,2,54,32	23.250000,20.875000,19.500000,19.250000,19.125000,19.000000,18.750000,18.500000
1	1	257	11.838455	25,510,1467,323,198,320,1447,2038	26.500000,22.625000,22.500000,21.875000,21.750000,21.625000,21.625000,21.500000
1	2	549	0.148943	549,760,284,508,320,481,3703,8478	26.375000,24.125000,22.375000,20.500000,20.375000,20.375000,20.125000,19.500000
1	3	3703	0.884310	3703,508,26587,576,220,1758,256,662	22.500000,21.375000,21.250000,20.750000,20.125000,20.000000,19.500000,19.000000
1	4	1110	0.000208	1110,25,549,322,14375,198,510,4	25.375000,15.687500,14.937500,14.375000,14.312500,14.000000,13.437500,13.000000
1	5	71	0.603415	71,2136,82,11659,268,1041,2911,5204	23.750000,22.875000,22.000000,20.750000,20.250000,20.250000,20.250000,20.125000
1	6	35268	0.000023	35268,4832,12,2596,4076,3992,13619,53917	30.750000,18.625000,18.375000,17.625000,17.250000,17.000000,17.000000,17.000000
1	7	1564	0.000004	1564,3579,22185,29088,7605,18596,16281,46031	34.250000,21.125000,20.125000,19.500000,19.375000,19.375000,19.250000,19.000000
2	0	6830	0.000002	6830,71433,1858,11021,35883,29425,18798,57409	31.375000,16.625000,16.375000,16.375000,15.750000,15.687500,15.312500,14.937500
2	1	3446	0.000107	3446,1737,14,14953,25967,29425,75988,37462	31.625000,22.000000,20.500000,20.250000,19.875000,17.500000,17.375000,17.000000
2	2	76649	0.000023	76649,8369,2096,4917,746,4886,82,29425	35.750000,25.125000,20.000000,19.125000,18.875000,18.375000,17.750000,16.625000
2	3	11374	9.134396	6324,4846,14,22175,15792,25502,40689,23354	29.125000,26.500000,25.875000,24.750000,23.500000,23.125000,23.000000,22.875000
2	4	3831	0.345558	3831,309,54,3288,1466,74,306,3466	24.625000,23.375000,20.750000,20.500000,20.125000,19.500000,19.500000,19.375000
2	5	8833	0.002380	8833,18573,48796,82010,824,49099,2566,10566	30.375000,23.500000,22.500000,22.250000,21.500000,20.875000,20.500000,20.375000
2	6	6324	0.053452	6324,22175,14,2899,10776,46928,2687,3183	32.250000,29.250000,26.875000,23.875000,23.250000,21.375000,20.875000,20.750000
2	7	60403	0.029774	60403,1579,14939,417,17,90669,18677,2501	32.250000,28.750000,21.250000,19.000000,18.500000,18.000000,17.875000,17.375000
3	0	427	0.000237	427,38649,477,327,4788,2252,480,1002	29.625000,20.750000,19.750000,18.875000,18.125000,17.000000,16.375000,16.250000
3	1	198	0.752680	198,271,12,17,320,11,715,30	26.375000,26.125000,24.625000,23.500000,23.500000,21.875000,21.625000,21.125000
3	2	70584	8.169565	1712,5009,6262,13806,36930,929,33363,34613	20.125000,20.000000,19.875000,19.875000,19.375000,19.250000,19.250000,19.125000
3	3	257	0.014828	257,549,414,262,25,256,315,981	27.875000,21.875000,21.500000,21.125000,21.000000,21.000000,20.875000,20.875000
3	4	549	0.000038	549,6260,760,30372,937,284,14512,481	32.250000,21.375000,20.000000,19.875000,19.375000,18.875000,18.000000,17.750000
3	5	289	0.307632	289,330,97175,364,1273,28609,42105,5426	27.000000,25.250000,24.375000,24.000000,23.125000,22.250000,21.875000,21.500000
3	6	60403	-0.000000	60403,14628,417,31580,5840,96363,2501,5566	34.750000,18.500000,17.625000,16.875000,15.875000,15.750000,15.687500,15.125000
3	7	427	0.000015	427,2252,477,327,5722,38649,1303,439	39.000000,27.875000,25.125000,21.500000,21.125000,20.750000,20.250000,18.625000
4	0	12	0.000134	12,16839,481,17,198,1273,1944,2630	34.500000,25.375000,22.750000,22.500000,21.750000,20.500000,20.500000,20.375000
4	1	17	0.000053	17,16,1041,15,4266,18,19,220	36.250000,26.375000,21.000000,19.000000,18.750000,18.125000,17.375000,17.375000
4	2	12	0.294460	12,198,8273,271,2852,320,715,16839	26.750000,25.250000,24.375000,22.000000,21.500000,21.125000,21.000000,20.625000
4	3	1041	0.000240	1041,7112,21550,5761,39884,586,365,9199	31.000000,21.750000,21.125000,19.500000,19.375000,19.250000,18.875000,18.625000
4	4	8273	0.001642	8273,198,271,2268,12,25502,13333,98056	26.250000,19.375000,17.375000,16.750000,16.500000,16.125000,16.000000,15.875000
4	5	16	0.000019	16,17,15,1272,449,18,59854,275	29.125000,17.875000,16.375000,15.375000,14.875000,14.687500,13.250000,13.187500
4	6	198	0.030674	198,271,320,13,715,2303,11,4710	29.500000,25.500000,24.500000,23.375000,23.250000,22.500000,20.375000,20.125000
4	7	20193	2.238256	13806,20193,5009,6262,34613,5637,2833,1695	21.625000,20.250000,19.625000,19.500000,19.375000,19.250000,19.000000,18.375000
5	0	414	0.021206	414,257,981,549,262,286,1141,260	27.125000,22.625000,21.875000,20.500000,19.875000,19.625000,19.375000,19.250000
5	1	549	0.000010	549,760,30372,284,320,6260,937,3504	31.375000,18.250000,18.000000,17.625000,17.500000,17.375000,16.500000,16.125000
5	2	1273	2.142210	5426,1273,364,10519,330,4862,2697,26125	29.750000,27.750000,24.250000,24.250000,24.125000,23.750000,23.125000,21.875000
5	3	320	5.294514	198,271,320,715,11,2303,1406,4710	29.875000,26.625000,24.625000,22.125000,21.625000,21.125000,21.000000,20.125000
5	4	19	4.021446	16,17,18,20,19,22,24,1499	24.375000,22.625000,22.250000,21.500000,21.000000,20.625000,20.625000,20.625000
5	5	18	2.813009	15,17,20,19,11,16,18,23	26.750000,25.375000,25.250000,25.125000,25.000000,25.000000,25.000000,25.000000
5	6	20	2.767477	11,17,15,18,19,13,23,21	26.250000,25.875000,25.625000,25.500000,25.500000,25.375000,25.375000,25.250000
5	7	23	2.901077	17,11,15,18,21,19,16,20	25.500000,25.250000,25.250000,25.125000,25.000000,24.875000,24.625000,24.625000
6	0	6978	7.358940	15,17,21,10295,19,18,16,20	23.625000,23.625000,23.625000,23.625000,23.500000,23.375000,23.250000,23.125000
6	1	340	0.457958	340,692,8,11,304,701,2790,608	29.500000,28.750000,26.375000,26.375000,24.250000,23.625000,23.125000,22.750000
6	2	9827	6.094645	13806,5009,13965,6262,3323,4061,2505,7595	20.625000,19.625000,19.375000,19.250000,19.125000,18.750000,18.625000,18.500000
6	3	262	0.005299	262,257,25,549,256,414,220,981	28.375000,22.375000,21.125000,21.125000,20.750000,19.750000,19.500000,19.125000
6	4	549	0.000053	549,6260,14512,937,320,30372,481,220	32.250000,21.625000,20.750000,20.500000,19.750000,19.000000,18.125000,18.000000
6	5	13534	1.871914	14865,8914,13534,24263,12527,576,5264,21693	25.375000,24.000000,24.000000,22.375000,21.125000,21.000000,20.625000,20.250000
6	6	7710	1.849297	7671,7710,15,12,220,14319,58318,92214	23.875000,22.250000,20.750000,18.750000,17.250000,17.000000,17.000000,14.875000
6	7	92214	1.172247	12,92214,220,16589,20059,320,7778,95942	24.125000,23.500000,22.250000,20.250000,19.875000,18.000000,16.625000,16.375000
7	0	220	0.102215	220,198,320,271,12,323,11,715	27.000000,24.125000,23.250000,23.125000,21.500000,19.250000,18.875000,18.500000
7	1	18	0.764694	19,18,17,16,15,20,220,320	28.750000,28.625000,24.375000,21.500000,18.500000,18.000000,17.750000,17.250000
7	2	13	0.000013	13,198,271,320,15,11,624,323	31.375000,19.000000,18.000000,17.750000,17.375000,17.250000,17.000000,16.375000
7	3	15	-0.000000	15,16,17,18,19,20,24,21	35.500000,21.000000,19.375000,18.500000,18.500000,18.500000,17.250000,17.000000
7	4	320	2.335228	198,271,320,323,11,476,715,4710	26.875000,25.375000,24.875000,22.250000,21.750000,21.625000,21.000000,20.500000
7	5	2428	0.984270	2428,4060,300,1958,2427,4197,1782,62946	22.500000,20.500000,20.250000,20.000000,19.875000,19.875000,19.750000,19.625000
7	6	1110	0.000162	1110,25,14375,340,692,549,322,486	25.125000,15.500000,14.437500,13.562500,13.375000,13.312500,12.875000,12.750000
7	7	85231	0.461761	85231,268,2136,71,5204,2154,67,79	22.625000,21.250000,20.625000,20.250000,19.500000,18.500000,17.250000,17.250000
8	0	2659	-0.000000	2659,13,5713,61501,8382,11021,1775,24282	32.750000,17.250000,16.875000,16.000000,15.562500,15.562500,15.375000,15.062500
8	1	6971	0.000509	6971,43986,10845,14,53560,6580,33914,340	27.250000,18.375000,17.750000,17.500000,17.250000,17.000000,16.750000,16.375000
8	2	67733	0.000050	67733,14,87310,553,340,692,14319,53560	35.250000,24.750000,23.500000,22.375000,22.125000,21.875000,21.625000,21.625000
8	3	1331	0.000431	1331,14,12,2687,92214,5894,1112,2268	32.250000,24.375000,22.000000,20.750000,20.250000,17.250000,16.250000,15.750000
8	4	64	-0.000000	64,32,14,309,1478,264,14186,5849	36.250000,22.500000,20.250000,18.000000,18.000000,17.375000,17.250000,17.125000
8	5	14	0.000015	14,53560,50807,5894,33149,340,8680,8	29.875000,18.000000,17.000000,16.875000,16.375000,15.500000,14.812500,14.500000
8	6	18	0.004402	18,19,17,16,1112,15,20,31218	34.500000,28.500000,28.250000,20.750000,18.000000,16.625000,16.625000,15.937500
8	7	13	-0.000000	13,14,1993,94329,22445,15,1725,4338	36.750000,22.500000,22.375000,20.375000,19.125000,18.375000,18.125000,18.125000
9	0	15	-0.000000	15,16,24,20,18,17,19,21	32.250000,17.500000,15.812500,15.375000,13.812500,13.375000,12.625000,12.500000
9	1	53560	0.650312	53560,14,50807,340,47036,692,22549,34545	24.875000,24.500000,23.125000,21.125000,20.375000,19.750000,19.500000,19.125000
9	2	19665	8.532980	5009,13806,1043,6262,8856,1695,5637,11377	20.625000,19.750000,18.125000,18.125000,18.000000,17.250000,17.250000,16.875000
9	3	1488	0.002428	1488,2774,3977,1070,332,13,10607,22705	26.125000,18.625000,18.625000,18.375000,17.250000,17.125000,17.125000,17.125000
9	4	25	0.001781	25,549,510,1447,91,5293,3546,1995	28.625000,21.375000,20.000000,20.000000,18.875000,18.750000,18.500000,18.250000
9	5	26587	3.996290	576,1096,3703,330,5209,467,89840,80935	21.000000,20.750000,20.250000,19.625000,19.250000,19.000000,19.000000,18.750000
9	6	20343	4.393421	323,320,374,11,198,10337,271,594	22.750000,22.625000,22.250000,22.125000,21.875000,21.750000,21.625000,21.500000
9	7	11	2.599787	271,13,198,320,11,382,26,624	27.875000,27.500000,27.500000,26.750000,26.375000,24.625000,23.250000,23.250000
10	0	80935	9.919945	330,220,1036,323,364,714,508,89840	24.250000,22.250000,21.500000,20.500000,20.500000,20.500000,20.250000,20.000000
10	1	15235	2.808762	271,198,8319,11,4848,15235,320,382	23.000000,22.875000,22.750000,22.375000,21.625000,21.625000,21.250000,20.625000
10	2	8319	0.039228	8319,271,320,198,3412,11,1800,2083	26.875000,22.125000,22.000000,21.750000,21.750000,21.625000,20.250000,20.000000
10	3	198	1.896372	271,198,320,11,382,13,1406,2083	27.125000,25.625000,24.875000,24.750000,23.375000,22.750000,22.375000,21.750000
10	4	1797	7.421207	5009,13806,198,8856,1043,6262,1695,5637	20.625000,18.875000,18.625000,18.625000,18.125000,18.125000,17.625000,17.625000
10	5	320	0.237612	320,3703,323,330,508,198,366,481	24.000000,22.125000,19.875000,19.750000,19.750000,18.625000,18.250000,18.250000
10	6	50	8.793741	2428,4060,9830,1254,3703,785,17,1958	25.750000,20.875000,19.875000,19.625000,19.375000,19.250000,19.125000,18.875000
10	7	13	0.209393	13,1466,524,36544,10080,6128,3779,73837	21.000000,17.875000,17.125000,17.125000,16.750000,16.375000,16.125000,16.000000
11	0	8755	7.501709	431,425,444,73580,479,36020,87900,472	22.125000,21.125000,18.375000,18.375000,18.250000,18.250000,17.875000,17.750000
11	1	487	0.003223	487,75,2352,385,291,31245,6255,28600	26.125000,18.750000,18.125000,17.750000,17.250000,17.125000,16.875000,16.750000
11	2	11	0.030588	11,1842,323,13,26,701,609,320	30.125000,26.625000,22.375000,20.500000,20.250000,20.125000,20.000000,19.750000
11	3	451	0.998367	451,1842,356,362,431,328,422,468	27.375000,27.125000,26.125000,25.875000,25.375000,25.125000,24.500000,24.125000
11	4	13	0.000046	13,1785,2572,808,10003,875,11,496	32.250000,21.875000,20.000000,19.375000,19.250000,19.000000,18.125000,17.250000
11	5	49256	10.996424	425,14695,328,90019,1863,28527,96160,38979	18.500000,16.500000,15.812500,15.375000,15.062500,14.937500,14.875000,14.750000
11	6	812	0.725016	812,5559,585,276,6190,12466,19042,88	22.500000,22.500000,18.375000,17.500000,17.375000,17.125000,17.125000,16.875000
11	7	82977	3.781555	11,82977,38767,323,2932,1842,328,13	22.125000,18.375000,14.875000,14.812500,14.812500,14.687500,14.562500,14.500000
12	0	28134	0.001432	28134,5840,838,404,8698,261,6642,7989	27.625000,20.000000,19.875000,19.375000,18.125000,17.000000,16.500000,16.500000
12	1	11	0.003143	11,323,1842,609,13,320,340,12314	30.625000,24.500000,23.375000,20.750000,20.625000,19.750000,19.750000,19.500000
12	2	431	0.688358	431,323,444,479,451,1842,425,386	27.375000,27.125000,24.375000,24.250000,24.000000,23.500000,23.375000,23.000000
12	3	13	0.000015	13,3503,836,5142,11,808,875,1224	34.000000,21.500000,20.750000,20.625000,20.250000,20.125000,20.125000,19.500000
12	4	2055	2.001661	1863,2055,619,431,328,479,25867,730	17.375000,17.125000,16.500000,16.125000,16.000000,15.937500,15.937500,15.875000
12	5	9034	0.000750	9034,11437,331,5403,71,28064,9917,20658	27.625000,19.875000,19.125000,17.125000,16.250000,15.625000,15.375000,15.375000
12	6	1959	9.399021	11,692,13,340,320,8,701,26	28.000000,28.000000,26.750000,26.500000,25.750000,25.500000,24.000000,23.750000
12	7	330	2.498688	220,3703,330,1490,369,1036,279,30688	21.500000,21.125000,20.250000,20.000000,19.125000,19.000000,18.250000,18.000000
13	0	9084	8.756845	46358,2082,8813,12092,32,33876,53896,13806	24.500000,22.125000,21.625000,21.375000,21.250000,20.875000,20.750000,20.625000
13	1	56793	1.777382	38710,56793,14155,80778,12,8141,23361,198	22.875000,21.375000,19.875000,19.000000,17.250000,17.250000,17.125000,16.250000
13	2	386	0.956751	386,19219,27343,198,7487,34098,18977,7401	22.875000,22.750000,21.375000,20.000000,19.750000,19.750000,19.500000,19.250000
13	3	12735	0.042507	12735,51525,95296,2375,17020,31102,13470,10298	24.000000,20.500000,19.375000,17.375000,15.625000,15.437500,15.250000,15.062500
13	4	26874	0.000431	26874,4903,198,38710,1,220,4119,715	30.875000,21.875000,21.625000,20.750000,20.500000,20.250000,20.250000,19.875000
13	5	497	1.522524	1,497,5130,1138,899,698,320,3263	27.875000,26.875000,25.750000,25.625000,23.875000,23.375000,23.000000,23.000000
13	6	220	0.123587	220,796,3703,358,1644,715,43461,320	24.875000,21.875000,21.125000,20.750000,19.500000,19.125000,18.875000,18.750000
13	7	17	0.000708	17,16,18,220,3703,19,796,20	30.750000,22.750000,21.250000,21.125000,20.250000,19.875000,19.625000,19.375000
14	0	15	0.000021	15,18,303,16,17,19,23,20	29.875000,17.500000,17.500000,17.250000,16.875000,16.250000,16.250000,15.812500
14	1	16	0.014233	16,17,15,18,4146,19,6148,339	29.375000,25.125000,19.750000,14.125000,14.125000,14.062500,14.000000,13.875000
14	2	21	0.716301	21,23,22,24,20,15,19,18	25.875000,25.500000,24.625000,23.250000,18.375000,15.250000,14.625000,14.312500
14	3	340	2.657194	692,340,11,9272,8,1959,13,3593	28.500000,26.000000,24.500000,24.500000,24.000000,23.875000,23.500000,23.250000
14	4	1797	1.207743	1797,5009,6262,715,3374,13806,1043,36930	21.250000,20.500000,19.000000,18.750000,18.750000,18.625000,18.375000,18.375000
14	5	39183	8.376852	320,3703,323,330,508,1959,3496,1758	24.625000,22.625000,21.250000,20.375000,20.250000,19.375000,19.250000,19.000000
14	6	3701	9.171894	25,5548,4008,2319,3465,374,2500,7662	22.125000,20.875000,20.750000,20.500000,20.250000,20.125000,19.625000,19.625000
14	7	25	0.414534	25,320,323,518,271,369,549,198	28.125000,26.625000,25.375000,25.125000,24.500000,24.500000,24.500000,24.250000
15	0	3703	0.020559	3703,320,330,508,305,220,366,715	27.250000,21.875000,21.625000,21.125000,21.000000,20.750000,20.000000,20.000000
15	1	1110	0.000097	1110,25,14375,60896,322,549,14111,486	26.250000,15.812500,15.687500,14.437500,14.375000,14.312500,13.562500,13.312500
15	2	71	0.001959	71,44754,5204,2136,4951,65546,47293,4489	29.875000,23.125000,22.375000,20.500000,20.250000,18.625000,17.625000,17.500000
15	3	35268	0.000046	35268,2596,768,45124,13299,723,20146,860	35.750000,25.750000,20.000000,19.125000,18.000000,16.625000,16.625000,16.250000
15	4	1564	-0.000000	1564,7605,46031,22185,3579,16281,29088,18596	37.750000,20.625000,19.875000,19.375000,19.000000,18.875000,17.750000,17.250000
15	5	6830	-0.000000	6830,11021,71433,8639,22057,57409,15593,4245	33.500000,19.500000,17.625000,17.375000,16.750000,16.750000,16.625000,16.500000
15	6	3446	0.000027	3446,25967,14,37462,11374,1737,2687,20268	34.750000,23.875000,23.000000,19.250000,19.000000,18.375000,18.125000,17.625000
15	7	76649	0.000004	76649,8369,4917,746,2096,2032,4886,19346	36.000000,23.750000,21.875000,16.875000,16.875000,16.125000,16.000000,15.875000
16	0	11374	0.001528	11374,2687,6324,14,22175,3446,7530,25502	31.375000,24.000000,24.000000,22.750000,20.750000,20.500000,19.125000,19.125000
16	1	3831	-0.000000	3831,13,68130,15829,1574,35418,382,95929	41.500000,22.875000,22.625000,21.625000,21.375000,20.875000,17.125000,17.000000
16	2	8833	0.000008	8833,824,1324,1958,627,18573,48796,37591	33.750000,21.375000,20.375000,19.125000,18.625000,18.500000,18.500000,18.125000
16	3	6324	-0.000000	6324,14,22175,198,25502,5894,271,15889	36.500000,22.500000,21.000000,20.500000,20.250000,19.875000,19.625000,18.875000
16	4	60403	0.000008	60403,31580,1579,97401,7570,275,96363,8226	37.000000,24.375000,24.125000,19.250000,18.375000,18.250000,18.125000,18.000000
16	5	427	-0.000000	427,2252,1303,5722,327,37220,38649,95450	41.500000,25.500000,24.375000,23.750000,23.500000,23.000000,22.250000,21.750000
16	6	271	0.170683	271,198,4710,2,1406,715,320,26809	27.875000,26.125000,22.250000,21.875000,21.875000,20.375000,20.250000,20.250000
16	7	33236	12.798317	785,418,1986,28,5009,565,2,36930	21.875000,20.125000,19.750000,19.500000,18.375000,18.250000,18.125000,18.000000
17	0	414	1.230228	414,25,315,549,981,320,257,369	22.500000,21.125000,20.750000,20.500000,20.375000,20.250000,20.000000,19.875000
17	1	549	0.000248	549,6260,320,760,284,14512,30372,220	31.250000,22.500000,20.250000,20.125000,19.750000,19.625000,18.875000,18.625000
17	2	2480	5.258223	220,1273,330,576,320,1156,289,508	21.875000,21.750000,21.375000,21.125000,20.750000,20.500000,20.375000,20.375000
17	3	1273	4.622828	320,198,1467,9345,22870,4326,271,4549	22.125000,21.875000,21.250000,20.625000,20.000000,19.875000,19.750000,18.625000
17	4	6718	5.249575	738,320,198,10337,271,1467,42094,6718	26.875000,24.875000,24.250000,22.625000,22.375000,22.250000,22.000000,21.875000
17	5	320	1.120424	198,320,271,11,315,448,369,438	29.000000,28.625000,27.625000,26.250000,25.375000,25.375000,24.125000,24.125000
17	6	541	2.729864	19,2152,541,300,16,1921,28996,1811	24.000000,23.750000,22.375000,21.500000,21.250000,21.250000,21.250000,20.875000
17	7	220	1.962704	6978,220,10295,821,10469,1467,11211,22870	24.000000,23.250000,23.000000,22.750000,22.375000,22.000000,21.875000,21.875000
18	0	19	0.014025	19,16,18,17,20,23,21,22	29.875000,24.375000,24.125000,23.750000,23.625000,23.375000,22.375000,21.750000
18	1	18	0.007977	18,11,74,17,15,13,16,19	29.750000,24.375000,23.375000,22.000000,21.875000,21.125000,20.875000,20.875000
18	2	20	0.000622	20,23,21,19,17,18,22,15	30.625000,21.875000,21.625000,21.500000,21.000000,21.000000,20.500000,20.000000
18	3	23	0.000227	23,22,24,21,18,20,17,19	30.625000,21.625000,21.125000,18.875000,18.375000,18.250000,18.125000,17.875000
18	4	6978	0.987410	6978,10295,10469,22870,5128,10695,13121,9293	24.625000,24.125000,23.750000,23.125000,22.000000,21.750000,21.500000,21.375000
18	5	97534	14.363857	340,692,8,701,315,11,304,568	28.750000,28.750000,27.000000,25.750000,25.625000,25.250000,25.125000,24.125000
18	6	340	1.720861	340,1119,448,692,438,304,11,323	27.250000,27.250000,27.125000,27.000000,26.500000,26.375000,25.875000,25.500000
18	7	38	8.356346	1972,54615,4373,13806,3323,4061,5009,929	19.250000,19.250000,19.125000,19.125000,18.500000,18.500000,18.250000,18.125000
19	0	2828	0.641621	2828,9379,417,380,1684,2537,5372,44433	21.500000,21.125000,18.625000,17.875000,17.750000,17.250000,16.500000,16.500000
19	1	12	0.170767	12,9934,17,59501,18,12009,19,12681	23.875000,20.250000,20.125000,20.125000,19.500000,19.375000,19.125000,18.250000
19	2	17	1.123892	18,17,19,16,97857,15,20,4416	24.875000,24.500000,24.000000,19.500000,18.625000,16.875000,16.375000,16.375000
19	3	425	7.396637	414,9934,59501,320,1614,1273,3950,5603	20.750000,20.750000,20.000000,19.250000,18.250000,18.000000,17.875000,17.875000
19	4	1740	0.005047	1740,375,3126,2828,3399,18454,5012,79	26.125000,19.875000,19.625000,18.625000,17.875000,17.750000,16.500000,16.375000
19	5	11211	4.214657	220,256,3950,320,9660,45958,262,549	22.125000,22.125000,21.875000,21.125000,21.000000,21.000000,20.500000,20.250000
19	6	320	0.877899	320,25,549,198,448,11,510,817	26.875000,26.375000,26.000000,24.625000,24.500000,23.625000,22.750000,22.500000
19	7	83	8.998550	20,18,19,1499,2428,4197,2528,86847	23.125000,21.750000,21.750000,21.375000,21.250000,21.250000,20.750000,20.750000
20	0	1579	0.442104	1579,20,28,724,38007,2850,48883,284	22.875000,22.250000,17.625000,17.500000,16.750000,16.125000,16.000000,15.500000
20	1	5839	0.038200	5839,89,85593,30566,57,34841,11687,12738	31.250000,28.000000,21.625000,21.500000,19.250000,19.250000,18.875000,18.875000
20	2	1648	1.429716	8,1648,11170,340,65118,11,982,701	23.250000,22.500000,21.875000,20.250000,20.250000,19.875000,19.250000,18.875000
20	3	220	0.294296	220,3968,3703,508,9848,320,715,342	26.125000,24.250000,22.875000,22.750000,22.000000,21.125000,20.875000,20.500000
20	4	17	1.557455	16,17,18,19,20,21,23,22	29.375000,29.125000,28.875000,28.375000,28.000000,27.625000,27.625000,27.500000
20	5	23	2.563808	17,18,15,16,19,20,23,24	27.000000,26.875000,26.750000,26.625000,26.625000,26.375000,26.250000,26.125000
20	6	18	2.050911	18,15,17,16,23,19,20,24	26.500000,26.375000,26.375000,26.250000,26.250000,26.125000,26.125000,26.125000
20	7	17	2.641010	11,18,17,15,16,19,23,20	28.250000,26.750000,26.500000,26.375000,26.375000,26.250000,26.250000,26.125000
21	0	23	2.382071	18,15,17,16,19,23,20,24	26.875000,26.500000,26.500000,26.375000,26.250000,26.250000,26.125000,26.125000
21	1	22	3.520149	11211,198,271,18,15,320,17,20	26.125000,25.625000,25.375000,24.750000,24.625000,24.500000,24.375000,24.375000
21	2	198	1.483284	11211,198,271,320,2790,4244,3950,18	25.875000,25.125000,24.500000,24.500000,22.250000,21.125000,20.750000,20.500000
21	3	1655	9.840340	38,29300,7595,84564,33,10879,23489,26292	20.125000,19.500000,19.125000,18.875000,18.750000,18.625000,18.625000,18.625000
21	4	393	11.390306	1517,2780,1429,220,8028,1944,74936,1273	22.000000,20.375000,19.125000,18.500000,18.375000,18.250000,18.250000,18.125000
21	5	2916	1.522455	28,2916,457,2045,284,12,16,17	22.250000,21.750000,21.500000,21.250000,19.750000,18.875000,18.625000,18.625000
21	6	70508	17.297976	25,315,16460,21937,320,11,34447,5603	22.750000,22.750000,22.125000,22.000000,21.750000,21.625000,21.500000,21.375000
21	7	15536	4.515451	4098,284,25,28,50,15023,15536,320	23.125000,19.750000,18.875000,18.750000,18.750000,18.750000,18.750000,18.125000
22	0	28	1.469620	284,28,320,11,25,315,3968,220	27.625000,26.625000,25.125000,24.500000,24.375000,24.000000,22.750000,22.125000
22	1	19	2.366823	16,17,20,19,18,23,21,220	25.375000,25.250000,24.375000,24.000000,23.125000,22.375000,21.625000,20.500000
22	2	15	0.003263	15,17,20,23,16,19,18,11	30.000000,22.625000,22.625000,22.500000,21.875000,21.875000,21.750000,21.625000
22	3	24	0.051353	24,15,11,23,17,21,19,22	29.625000,26.625000,22.625000,22.500000,21.875000,20.625000,20.375000,20.250000
22	4	21	0.000658	21,17,20,22,23,15,19,18	30.500000,21.875000,21.875000,21.125000,21.125000,20.625000,20.625000,19.000000
22	5	419	8.119230	11,25,320,11211,198,510,323,1447	28.250000,25.000000,25.000000,24.000000,23.250000,23.000000,22.750000,22.625000
22	6	35408	2.554287	1035,374,6696,3059,35408,686,9044,33210	24.000000,23.875000,23.625000,23.500000,23.125000,23.000000,23.000000,22.000000
22	7	220	0.107517	220,25,320,264,3968,510,911,393	28.375000,24.625000,24.625000,24.000000,23.750000,23.500000,23.375000,23.125000
23	0	21	1.766674	22,21,17,16,18,19,23,20	28.625000,27.250000,26.750000,25.000000,24.375000,24.250000,23.625000,23.250000
23	1	24	0.033356	24,23,22,21,18,15,20,19	28.000000,23.750000,22.750000,22.000000,21.750000,21.625000,21.500000,21.375000
23	2	2477	9.250875	26757,13,11879,2480,320,11211,3950,40467	23.625000,20.875000,19.625000,19.250000,19.000000,19.000000,18.625000,18.625000
23	3	28252	0.015709	28252,12,1975,39433,23642,34072,14859,49817	27.250000,22.000000,21.375000,21.125000,20.125000,20.000000,19.750000,19.625000
23	4	90619	0.000875	90619,75,15958,4260,3629,278,654,89722	29.750000,22.500000,21.000000,15.875000,15.750000,15.687500,15.562500,15.250000
23	5	26757	0.076859	26757,220,320,44792,1467,11211,11879,20632	25.625000,22.000000,20.375000,20.375000,20.000000,19.875000,19.750000,19.625000
23	6	345	5.767128	320,198,382,11,271,315,13,369	28.375000,27.750000,27.500000,27.375000,27.375000,27.000000,26.750000,26.375000
23	7	19411	15.142467	9547,4197,8206,437,8088,7138,1055,1958	22.625000,22.125000,21.250000,20.625000,20.500000,19.750000,19.500000,19.500000
24	0	2845	0.034302	2845,480,287,11307,369,448,304,82	27.750000,24.375000,19.875000,18.250000,17.125000,17.125000,16.375000,16.250000
24	1	47905	7.368271	2878,1212,26345,3685,2686,4946,366,18304	23.750000,23.500000,23.125000,22.375000,21.125000,20.750000,20.375000,20.125000
24	2	279	0.099651	279,220,479,393,1039,2567,8028,894	26.500000,23.000000,22.125000,21.125000,21.125000,21.125000,21.125000,21.000000
24	3	220	1.027924	220,7192,8028,2567,1932,1372,17377,1638	23.125000,21.875000,21.875000,21.500000,21.125000,20.500000,20.500000,20.375000
24	4	17	2.178875	21,18,16,17,20,19,23,22	27.625000,26.750000,26.625000,26.375000,26.125000,26.000000,24.000000,22.375000
24	5	15	0.274237	15,20,61,19,17,23,21,16	27.750000,26.125000,24.375000,23.750000,23.500000,23.375000,23.000000,22.750000
24	6	11582	3.515856	26757,2567,15,11879,11582,12,4362,429	22.625000,22.375000,20.625000,20.375000,20.125000,19.625000,19.625000,19.250000
24	7	3122	0.004902	3122,15296,573,359,1942,15832,766,3077	31.500000,26.125000,23.125000,20.750000,20.000000,19.500000,18.875000,18.625000
25	0	16287	2.807671	8028,3930,12171,16287,4722,2169,1308,2567	23.375000,22.625000,21.500000,21.250000,19.500000,19.250000,19.125000,19.125000
25	1	315	1.725737	369,382,315,320,271,624,13,311	28.250000,28.000000,27.500000,25.875000,25.375000,25.375000,25.250000,25.250000
25	2	279	0.314455	279,419,479,1565,1039,393,330,1273	25.125000,23.500000,21.125000,20.875000,20.250000,20.125000,20.000000,20.000000
25	3	425	5.334997	1273,16460,28431,4024,5567,9934,2331,5603	21.375000,21.000000,20.375000,20.000000,19.375000,19.375000,19.250000,19.250000
25	4	18	8.417673	3399,1740,18454,1593,96190,2916,4872,12457	19.250000,19.000000,18.875000,18.125000,17.375000,16.875000,16.500000,16.500000
25	5	4271	11.907078	1273,16460,18266,12,10519,25869,323,28431	21.000000,20.250000,19.125000,19.000000,18.500000,18.500000,18.000000,17.750000
25	6	18126	4.776880	18266,1273,1779,12890,35957,5456,12171,25869	23.875000,22.500000,22.250000,21.250000,21.000000,20.625000,20.625000,20.625000
25	7	382	0.182070	382,624,320,271,13,198,369,4192	28.500000,25.625000,25.500000,24.750000,24.625000,24.375000,24.375000,22.500000
26	0	1986	3.233816	785,418,1986,9112,28,2461,44364,4416	21.000000,18.875000,18.750000,18.250000,18.125000,18.000000,17.500000,17.375000
26	1	1034	4.096128	374,1273,10337,1034,15983,821,5316,2150	24.750000,24.375000,22.500000,21.500000,21.500000,21.250000,20.750000,20.625000
26	2	374	0.409637	374,5610,572,320,5646,646,5707,702	28.000000,26.625000,25.125000,24.625000,24.500000,23.875000,23.625000,23.500000
26	3	1483	1.907661	949,1483,369,264,7907,10602,279,8791	23.375000,23.125000,23.000000,22.625000,22.500000,22.250000,22.125000,21.125000
26	4	438	2.547874	311,369,304,438,553,448,2337,1172	27.625000,27.375000,27.125000,26.125000,26.000000,23.625000,22.875000,21.750000
26	5	264	1.025829	264,279,1946,1273,949,5785,458,5297	26.750000,26.625000,25.500000,25.250000,24.875000,24.125000,23.875000,21.875000
26	6	12507	10.715202	1273,5785,5297,25869,28431,425,2530,27268	23.125000,23.125000,21.500000,20.250000,20.250000,19.750000,19.750000,19.750000
26	7	369	0.989910	304,369,553,311,320,2337,323,979	28.375000,28.000000,25.625000,25.250000,24.500000,24.125000,22.375000,22.250000
27	0	279	1.003265	279,7497,425,37563,4303,7032,16460,17590	24.000000,24.000000,22.000000,21.500000,20.500000,20.375000,20.125000,20.125000
27	1	47175	15.320301	425,1273,1565,330,479,364,7032,16460	23.625000,21.500000,21.000000,20.625000,20.625000,20.125000,19.875000,19.750000
27	2	44220	8.730354	33,61437,34,9967,12,50,2271,35290	18.750000,18.625000,18.250000,17.875000,17.750000,17.500000,17.375000,17.375000
27	3	84648	12.494114	1273,425,2022,3135,6733,551,323,7032	22.250000,20.875000,20.625000,20.625000,20.250000,20.125000,20.000000,20.000000
27	4	6500	0.733681	6500,19479,8233,1273,36680,47430,13850,12	23.625000,23.125000,21.500000,20.750000,20.250000,20.250000,19.250000,19.000000
27	5	73152	11.052891	1273,28431,4271,5068,10272,16460,7497,62019	22.000000,21.875000,21.625000,20.625000,20.250000,20.250000,20.000000,20.000000
27	6	487	0.000027	487,34494,1361,16460,367,275,22814,1927	29.250000,17.375000,17.250000,16.375000,15.375000,15.062500,15.062500,14.937500
27	7	18126	5.940796	1273,28431,198,7032,16460,7497,62019,4271	25.750000,23.625000,22.875000,22.750000,22.375000,21.500000,21.500000,21.375000
28	0	198	2.815281	1273,382,624,7032,198,320,13,345	26.000000,25.625000,24.750000,24.750000,24.375000,24.250000,23.875000,23.750000
28	1	8623	5.856564	1944,437,7,258,2428,23841,300,2028	21.125000,20.875000,20.625000,20.500000,20.375000,20.250000,19.750000,19.625000
28	2	82	0.794615	82,287,291,620,880,25,4846,5523	23.375000,22.500000,22.250000,21.375000,19.875000,19.625000,18.875000,18.875000
28	3	5523	1.599264	12697,5523,14,4846,43985,78311,3470,4322	20.000000,19.625000,19.125000,18.750000,17.875000,17.750000,17.625000,17.125000
28	4	324	0.020620	324,9048,80,65,1677,9713,85964,269	31.250000,27.375000,20.625000,19.875000,19.000000,19.000000,19.000000,18.875000
28	5	749	0.000004	749,6331,17184,5970,2011,15439,126394,21028	40.000000,27.250000,24.500000,24.000000,22.875000,22.625000,22.500000,21.750000
28	6	97066	14.761473	30448,53346,80,1751,44220,8976,77602,14	28.625000,24.125000,19.375000,18.625000,18.125000,18.000000,17.750000,17.625000
28	7	2204	8.397425	11529,620,5678,9360,53346,76776,14,80	22.750000,22.000000,20.750000,19.500000,18.875000,18.250000,17.625000,17.625000
29	0	17	1.310017	19642,17,1409,20615,3334,27480,12536,23819	24.000000,23.250000,22.000000,20.625000,19.875000,19.875000,19.125000,19.000000
29	1	68	0.000137	68,57824,295,291,5120,288,16,65	32.750000,23.125000,21.375000,21.250000,20.750000,20.500000,20.125000,20.125000
29	2	25638	6.502296	7197,4452,12697,14,4846,880,43985,5958	21.125000,20.500000,19.875000,18.875000,18.500000,18.375000,18.250000,17.875000
29	3	4292	4.037619	8,568,701,3593,692,11,323,4292	26.125000,26.000000,25.625000,25.625000,25.250000,24.125000,24.000000,23.500000
29	4	8610	7.528236	785,2132,2461,418,28,1986,4416,5501	21.875000,19.875000,19.375000,19.125000,18.750000,18.375000,18.250000,18.250000
29	5	31805	11.798395	4344,2297,50844,8837,28782,17030,2647,1273	25.375000,23.375000,22.875000,22.375000,22.375000,21.750000,20.750000,20.125000
29	6	990	4.968754	4278,975,315,476,3542,2038,1273,7032	24.500000,24.250000,23.875000,22.875000,21.625000,21.375000,21.000000,21.000000
29	7	1969	0.704691	1969,315,320,1265,7460,476,374,3880	27.875000,27.625000,25.125000,24.750000,24.750000,24.500000,24.375000,22.375000
30	0	14060	4.580980	25017,48453,2924,387,5978,1795,21129,25879	24.125000,22.375000,22.250000,22.000000,21.375000,21.250000,21.250000,21.250000
30	1	419	1.463737	279,419,62024,5723,1493,678,4024,6920	26.250000,25.250000,24.125000,22.375000,22.250000,22.000000,21.625000,20.750000
30	2	13534	7.201546	62024,5723,5293,6920,3980,4247,5185,17329	23.375000,22.375000,21.875000,21.000000,20.500000,20.375000,20.000000,19.125000
30	3	7710	1.105947	7671,7710,15,5723,62024,12,14319,92214	24.375000,23.875000,22.000000,21.625000,20.750000,19.625000,19.625000,19.375000
30	4	92214	0.000748	92214,16589,12,220,6222,81219,62024,5723	27.750000,19.500000,19.000000,18.000000,18.000000,18.000000,17.875000,17.625000
30	5	220	0.299465	220,5723,62024,5293,12,348,323,44377	25.625000,24.250000,23.000000,20.500000,19.625000,19.250000,19.125000,18.125000
30	6	18	0.000233	18,19,17,16,15,220,20,198	31.875000,23.375000,21.375000,17.625000,16.125000,16.125000,15.375000,14.687500
30	7	13	-0.000000	13,624,382,18831,14,15,12,496	37.750000,17.125000,16.125000,16.125000,15.937500,15.875000,15.500000,15.437500
31	0	15	-0.000000	15,18,16,24,17,20,21,23	37.500000,18.500000,18.125000,17.625000,17.125000,17.000000,16.625000,15.375000
31	1	62024	1.661352	5723,62024,5293,323,6668,6920,27406,44377	25.375000,24.000000,22.250000,20.000000,19.250000,19.125000,18.875000,18.875000
31	2	382	0.766537	382,323,624,5293,198,13,11,345	26.750000,26.375000,24.750000,24.000000,23.750000,23.625000,23.250000,23.000000
31	3	284	7.148289	785,418,28,44364,313,1986,2461,4421	20.250000,20.125000,19.875000,18.125000,17.625000,17.375000,17.375000,17.375000
31	4	8397	12.731131	3972,1406,608,835,220,284,11176,4710	22.125000,19.250000,19.125000,19.125000,18.875000,18.875000,18.875000,18.125000
31	5	425	5.403507	64,356,451,468,386,594,328,422	21.125000,17.625000,17.500000,17.250000,17.125000,17.125000,17.000000,17.000000
31	6	10965	13.197891	13,398,22908,535,356,366,1826,2819	23.500000,16.875000,16.750000,16.250000,16.000000,15.687500,15.687500,15.562500
31	7	465	1.732262	4003,465,777,1664,1280,665,54604,484	20.750000,19.500000,19.500000,16.250000,15.875000,15.625000,14.750000,14.687500
32	0	284	2.586292	594,320,284,79483,11,271,25,481	23.000000,21.500000,21.125000,21.000000,20.875000,20.500000,20.250000,19.000000
32	1	715	1.817635	4710,715,1406,320,2303,18611,220,374	22.750000,21.625000,21.625000,20.250000,20.125000,18.875000,18.750000,18.500000
32	2	8397	4.093592	785,34532,32313,40,8397,1986,58,4416	18.375000,18.250000,17.250000,17.000000,16.250000,16.125000,16.000000,15.875000
32	3	425	0.022184	425,7801,8397,468,3757,12375,330,220	22.750000,16.000000,15.437500,15.375000,15.375000,15.312500,15.250000,15.000000
32	4	10965	0.000210	10965,13,616,2950,30158,965,220,23937	25.875000,16.750000,15.500000,14.750000,13.687500,13.625000,13.375000,13.312500
32	5	465	0.000013	465,5045,777,665,376,1982,4160,1960	30.500000,18.375000,17.500000,16.750000,16.625000,16.250000,15.937500,15.750000
32	6	374	1.945974	320,374,572,11,220,594,198,508	25.000000,23.250000,21.000000,19.875000,19.500000,17.875000,17.750000,17.500000
32	7	458	1.568829	264,458,279,825,5023,3881,220,1850	26.625000,25.375000,23.750000,22.250000,21.125000,20.500000,19.625000,19.500000
33	0	6364	0.690727	6364,3693,13369,9489,12089,3150,17847,21946	21.750000,21.250000,19.750000,17.500000,17.250000,17.125000,17.125000,16.750000
33	1	4531	4.809591	6584,4741,12089,8964,1515,39160,6916,3150	18.375000,18.000000,18.000000,17.000000,16.750000,16.375000,16.250000,15.750000
33	2	1154	9.555893	7538,323,16851,6440,11,39450,12089,5456	22.875000,22.625000,21.500000,20.750000,18.750000,18.125000,18.000000,17.875000
33	3	12425	0.071505	12425,6430,5883,2766,33496,11086,26705,323	26.625000,23.750000,21.375000,20.750000,19.750000,19.500000,19.375000,19.250000
33	4	323	0.044230	323,1154,11,16851,220,609,7538,320	29.750000,26.625000,21.625000,21.375000,20.375000,20.250000,20.250000,19.750000
33	5	33496	2.757591	6430,33496,7743,8887,8353,26705,2766,65233	25.000000,22.375000,21.125000,20.625000,20.125000,19.875000,19.750000,19.125000
33	6	12089	1.100250	7538,12089,16851,23654,220,6916,4171,6430	24.625000,24.125000,22.750000,19.625000,19.250000,19.125000,19.000000,19.000000
33	7	659	1.445301	659,879,323,1850,3881,1154,13,448	27.875000,27.875000,27.625000,27.125000,27.125000,26.125000,25.875000,24.750000
34	0	1260	0.160906	1260,425,5301,4636,37816,758,715,220	25.750000,23.750000,20.875000,20.750000,20.750000,19.500000,19.125000,19.000000
34	1	1030	6.519079	572,374,702,9723,19476,6342,16176,18178	25.250000,24.375000,24.375000,22.500000,21.750000,21.625000,21.500000,21.500000
34	2	264	0.563629	264,806,12783,8597,458,1012,279,9723	25.250000,23.875000,22.625000,22.125000,21.875000,21.875000,21.625000,21.625000
34	3	8640	5.293180	3476,2613,8922,12613,45250,3598,6388,9814	23.000000,22.375000,22.375000,21.625000,21.625000,21.125000,21.125000,20.625000
34	4	569	14.841187	3476,11094,481,39400,7702,949,6774,26255	24.750000,23.250000,20.750000,20.750000,20.500000,20.250000,20.125000,18.625000
34	5	12	0.326342	12,481,220,304,19191,198,662,3476	20.250000,19.000000,15.937500,15.250000,15.000000,14.937500,14.437500,14.437500
34	6	31	0.010183	31,16,62799,17,5778,3476,569,18	25.875000,19.500000,18.625000,18.500000,18.500000,18.375000,18.000000,17.875000
34	7	39400	2.887003	3476,39400,11094,6774,220,7702,949,2484	26.375000,23.625000,23.000000,22.000000,20.875000,20.625000,20.500000,20.500000
35	0	3476	0.029112	3476,304,11094,949,12783,389,220,6502	27.750000,23.750000,22.000000,21.125000,21.125000,20.250000,20.000000,19.875000
35	1	389	4.318695	304,438,389,315,448,518,5619,323	29.375000,26.375000,25.125000,22.625000,22.375000,22.250000,22.250000,21.500000
35	2	279	0.140182	279,576,18096,330,264,18635,6326,364	24.125000,20.500000,19.875000,19.625000,19.375000,19.000000,18.875000,18.750000
35	3	12425	2.040609	18096,12425,220,7855,1156,2086,4013,4843	21.875000,21.000000,20.250000,20.250000,20.000000,19.500000,19.500000,19.375000
35	4	4013	0.061783	4013,1473,2025,18136,19584,80366,22358,6146	26.125000,22.625000,21.625000,21.250000,20.250000,20.000000,19.875000,19.625000
35	5	576	2.015940	330,576,3355,1154,364,18635,1591,9902	19.500000,19.125000,18.750000,18.625000,17.875000,17.375000,17.000000,17.000000
35	6	8596	3.915916	328,8246,19378,4312,1599,1532,8596,220	17.000000,17.000000,16.625000,15.750000,15.250000,15.125000,14.875000,14.687500
35	7	304	1.559725	323,304,1154,320,659,438,504,220	26.500000,25.750000,25.000000,24.875000,24.750000,23.875000,23.000000,21.750000
36	0	220	0.279333	220,279,264,892,458,1181,5813,806	26.500000,25.250000,21.875000,21.750000,20.000000,19.750000,19.750000,19.625000
36	1	17	0.523544	17,16,18,15,1154,220,19,22	22.500000,22.125000,13.187500,12.937500,12.562500,12.062500,11.812500,11.750000
36	2	15	0.000011	15,16,220,17,18,19,23,1154	28.750000,15.937500,15.250000,14.875000,14.437500,14.187500,14.062500,13.875000
36	3	15	0.090181	15,16,17,220,1154,569,18,549	25.375000,23.000000,18.750000,12.437500,12.312500,12.000000,11.687500,11.312500
36	4	15	1.843998	15,16,17,18,19,20,22,21	21.250000,21.125000,21.125000,21.125000,20.875000,20.750000,20.625000,20.375000
36	5	659	0.855722	323,659,1154,438,13,320,714,2587	27.625000,27.625000,26.125000,24.375000,23.750000,23.375000,22.750000,22.375000
36	6	1096	7.839817	1260,425,758,5301,5542,1913,24885,8704	25.875000,24.375000,23.625000,22.125000,20.750000,20.375000,20.250000,20.125000
36	7	572	0.323685	572,374,3476,4013,4549,6069,9234,3668	24.875000,23.125000,22.125000,20.500000,20.250000,19.750000,19.750000,19.375000
37	0	8110	1.439117	806,8110,264,279,304,438,825,458	24.875000,24.500000,24.000000,23.500000,22.875000,21.875000,21.500000,21.375000
37	1	553	0.033258	553,304,448,705,264,19620,2937,1378	29.250000,25.500000,23.250000,23.000000,22.375000,22.375000,22.000000,21.875000
37	2	264	0.411200	264,806,26255,458,279,12783,2441,8640	25.250000,23.875000,22.250000,21.875000,21.625000,21.625000,21.000000,20.375000
37	3	39400	5.123629	3476,8640,949,45250,12613,2613,4013,8922	22.875000,20.875000,20.625000,20.625000,20.375000,20.250000,20.250000,20.000000
37	4	3476	0.004168	3476,304,569,949,2309,5068,6502,323	27.750000,20.625000,20.375000,20.375000,19.375000,19.250000,19.125000,19.000000
37	5	304	0.122009	304,438,389,448,315,518,323,5619	29.500000,27.000000,26.125000,24.125000,23.125000,22.750000,22.625000,22.250000
37	6	279	0.121946	279,264,576,220,458,18096,364,806	25.125000,22.125000,20.875000,19.875000,19.750000,19.000000,18.875000,18.750000
37	7	1486	3.631414	220,12425,4531,18096,2805,1486,7855,4565	21.875000,21.250000,20.750000,20.125000,19.625000,19.375000,19.125000,18.875000
38	0	6252	7.234625	576,364,1154,330,3355,362,518,315	20.000000,19.250000,18.750000,18.625000,18.125000,17.125000,17.000000,16.750000
38	1	2382	1.693005	2382,263,585,288,5298,1154,18209,66244	17.750000,17.125000,16.875000,16.500000,16.250000,16.125000,15.687500,15.437500
38	2	5326	7.552113	304,1154,518,323,553,320,389,659	22.125000,21.500000,21.250000,20.875000,20.625000,20.500000,20.250000,19.875000
38	3	553	0.008768	553,323,304,369,569,518,448,3216	29.625000,24.625000,22.375000,21.875000,20.750000,20.500000,20.250000,20.000000
38	4	21315	3.766830	6798,3757,11867,4389,14991,21315,33121,18095	18.250000,17.625000,17.500000,17.375000,17.375000,17.375000,17.375000,17.250000
38	5	75923	2.942726	23366,1644,12131,8362,75923,39103,386,472	18.250000,17.625000,17.500000,16.750000,16.750000,16.375000,16.000000,15.750000
38	6	1154	2.663544	659,323,304,1154,518,369,892,320	27.625000,27.500000,27.250000,26.125000,26.000000,24.625000,24.625000,24.125000
38	7	892	0.347498	892,323,1156,304,10660,15540,518,8947	26.000000,24.125000,22.625000,22.500000,22.500000,22.500000,22.250000,22.000000
39	0	572	0.710110	572,8930,10613,84070,566,90613,6342,22409	25.375000,24.125000,23.875000,23.375000,23.250000,22.750000,22.125000,21.875000
39	1	10660	0.819191	10660,8947,50057,1156,10449,518,6839,15540	23.625000,22.500000,22.250000,21.625000,21.375000,21.000000,21.000000,20.625000
39	2	304	2.264688	518,304,553,389,1156,504,369,569	29.750000,27.625000,25.750000,24.250000,23.625000,22.875000,22.750000,22.500000
39	3	220	0.731657	220,279,7148,264,2176,19361,5257,576	23.375000,23.000000,21.375000,20.875000,19.625000,19.125000,18.625000,18.375000
39	4	17	0.004757	17,16,18,19,15,20,22,21	26.250000,20.875000,16.000000,15.125000,14.812500,14.625000,14.312500,13.875000
39	5	15	0.000004	15,16,17,18,23,1154,19,24	29.625000,16.250000,14.812500,13.937500,13.875000,13.750000,13.625000,13.562500
39	6	15	0.009785	15,16,17,18,220,1154,19,549	28.625000,24.000000,18.000000,13.875000,13.750000,13.562500,13.437500,13.375000
39	7	16	0.946127	16,17,18,15,19,20,21,22	22.500000,21.875000,21.625000,20.875000,20.750000,20.250000,19.750000,19.500000
40	0	518	0.418161	518,659,323,304,553,1154,389,13	28.250000,26.625000,26.375000,26.125000,24.375000,22.875000,22.750000,22.375000
40	1	279	0.019543	279,576,7148,264,2176,26221,19361,24688	25.750000,21.375000,19.125000,18.875000,17.875000,17.625000,17.125000,16.750000
40	2	16194	0.910883	16194,15953,5055,1163,4312,14079,19361,26221	20.625000,19.750000,19.375000,18.125000,17.625000,17.500000,17.375000,17.375000
40	3	7154	0.046984	7154,5055,18705,41382,323,15815,15953,65463	24.250000,20.500000,20.000000,18.375000,17.875000,17.000000,17.000000,16.250000
40	4	26221	0.057383	26221,304,33496,315,659,569,1154,323	25.875000,21.750000,21.250000,20.875000,20.750000,20.500000,20.500000,20.125000
40	5	659	1.967991	304,659,323,1154,320,3138,16448,481	27.750000,26.000000,24.250000,23.875000,22.125000,21.750000,21.250000,21.125000
40	6	1260	0.900522	1260,758,425,5301,24885,576,4636,5542	24.750000,24.250000,24.125000,22.500000,21.500000,21.000000,20.875000,20.750000
40	7	1030	3.066729	1083,1221,572,702,6342,9723,2937,1030	23.500000,23.125000,22.875000,22.875000,22.125000,22.125000,22.000000,21.875000
41	0	264	0.079990	264,2441,458,806,1083,12783,279,4623	27.250000,23.375000,22.750000,22.625000,22.125000,21.750000,21.625000,21.250000
41	1	8640	2.134096	3476,12613,8640,8922,45250,2613,6388,9814	21.875000,21.875000,21.250000,20.875000,20.750000,20.625000,20.250000,19.500000
41	2	3476	0.584019	3476,39400,569,11094,7702,6774,949,25377	23.375000,22.250000,22.125000,21.250000,18.875000,18.750000,17.750000,17.500000
41	3	304	0.167261	304,389,438,1549,448,518,5619,315	30.000000,28.125000,25.875000,24.250000,23.750000,23.625000,23.250000,23.000000
41	4	279	0.079546	279,576,264,220,2441,458,18096,7506	25.375000,21.125000,21.000000,20.500000,20.375000,19.875000,19.625000,18.875000
41	5	12425	0.723524	12425,18096,220,4013,4531,7855,5883,2086	23.000000,21.625000,21.500000,20.875000,19.875000,19.875000,19.625000,19.500000
41	6	4013	0.014744	4013,19584,2025,1473,6146,18136,4531,22358	27.375000,22.125000,20.875000,20.750000,20.625000,20.625000,20.375000,20.125000
41	7	20207	5.275198	576,7506,15696,18635,6326,1154,4678,48822	18.000000,16.375000,16.375000,16.125000,16.000000,15.812500,15.812500,15.750000
42	0	3757	0.000854	3757,1154,422,659,81204,54058,54904,481	28.250000,20.375000,19.250000,18.750000,18.250000,18.125000,18.125000,17.875000
42	1	1581	0.022760	1581,54904,1154,5227,55156,82884,31302,444	22.250000,17.375000,16.125000,16.000000,15.750000,15.500000,15.375000,15.125000
42	2	291	0.003122	291,2636,19289,1090,2145,585,68,546	26.375000,20.125000,17.875000,17.625000,17.375000,17.125000,17.000000,16.750000
42	3	304	0.310980	304,320,323,1154,659,504,892,438	28.875000,27.125000,26.375000,26.000000,24.750000,24.000000,23.875000,23.750000
42	4	220	0.010111	220,279,264,892,5813,3217,6058,7400	28.875000,24.000000,20.875000,20.875000,20.125000,20.000000,19.750000,19.750000
42	5	17	0.000183	17,16,18,15,20,19,220,1154	29.125000,20.500000,15.687500,14.250000,13.250000,13.187500,13.125000,12.562500
42	6	15	0.000002	15,16,220,17,18,23,1154,13	28.750000,14.687500,13.437500,13.375000,12.812500,12.562500,12.250000,11.937500
42	7	15	0.002487	15,16,17,1154,220,549,659,481	28.375000,22.375000,16.375000,14.625000,14.062500,13.062500,13.000000,12.500000
43	0	17	1.108688	17,18,19,16,20,21,22,23	22.500000,22.500000,21.500000,21.250000,20.875000,20.000000,19.625000,18.500000
43	1	659	1.073090	323,659,1154,438,13,320,2587,16448	29.500000,29.000000,27.500000,24.250000,24.125000,24.000000,23.500000,23.500000
43	2	758	1.030306	1260,758,425,5301,24885,5542,5005,27133	25.125000,25.000000,24.125000,22.500000,21.375000,21.000000,20.750000,20.375000
43	3	220	0.033573	220,279,5256,5813,3217,6702,5470,7400	28.625000,24.750000,23.000000,21.625000,21.500000,21.500000,21.375000,21.375000
43	4	17	0.000635	17,16,15,1154,18,220,549,19	26.625000,19.250000,13.375000,13.125000,12.500000,11.937500,10.687500,10.375000
43	5	15	-0.000000	15,16,24,17,23,18,220,1154	31.750000,15.812500,14.687500,14.437500,14.000000,13.625000,12.937500,12.937500
43	6	15	0.011084	15,16,17,1154,220,18,549,19	27.875000,23.375000,17.500000,13.750000,13.500000,13.062500,12.187500,11.937500
43	7	19	1.562160	18,19,20,21,22,17,23,24	23.625000,22.625000,22.000000,21.125000,20.500000,20.000000,19.625000,19.000000
44	0	425	3.245766	566,1154,425,323,806,1260,569,481	29.500000,29.250000,26.875000,23.500000,23.125000,22.250000,21.875000,21.500000
44	1	10965	0.000174	10965,965,581,616,6344,425,13,1080	25.500000,15.562500,14.312500,14.187500,13.750000,13.312500,13.250000,13.187500
44	2	465	0.000029	465,5045,376,665,777,1982,4160,59385	30.500000,19.625000,17.500000,17.125000,16.125000,16.125000,16.125000,16.125000
44	3	26120	7.372036	6342,9723,572,10859,1030,1865,3867,58235	24.500000,24.250000,23.375000,22.250000,22.125000,21.875000,21.875000,21.125000
44	4	264	0.275301	264,279,806,458,304,2441,825,12783	27.750000,26.250000,25.250000,22.500000,21.375000,20.375000,19.750000,19.500000
44	5	3476	0.968426	3476,6388,12613,45250,5792,949,3598,2990	22.750000,21.625000,21.375000,21.250000,21.125000,20.875000,20.500000,19.875000
44	6	438	1.825062	304,438,389,448,5619,315,518,569	29.375000,27.750000,24.250000,24.125000,24.125000,23.625000,23.125000,21.750000
44	7	330	8.380213	264,279,458,4389,825,6798,11867,8364	21.500000,19.625000,19.000000,17.625000,17.500000,17.500000,17.375000,17.250000
45	0	28417	7.498241	4392,6798,14991,21315,3757,4389,8364,32819	16.375000,15.937500,15.937500,15.937500,15.875000,15.750000,15.750000,15.750000
45	1	330	0.167768	330,3670,425,422,386,472,7401,1	21.375000,16.625000,16.000000,15.875000,15.812500,15.812500,15.750000,15.437500
45	2	304	0.018860	304,389,1154,320,323,264,279,518	29.250000,24.250000,24.125000,22.750000,22.500000,21.875000,21.750000,21.125000
45	3	279	0.028601	279,264,576,458,13434,18096,4013,330	26.875000,22.250000,21.500000,20.500000,20.375000,20.125000,19.375000,19.125000
45	4	9234	7.931536	12425,4531,18096,4013,7855,13434,22358,4565	22.000000,21.000000,20.875000,20.125000,20.125000,20.000000,19.625000,19.000000
45	5	330	0.740976	330,315,24849,1591,3355,364,19867,1154	24.250000,23.875000,22.000000,21.375000,21.125000,20.875000,20.625000,20.000000
45	6	70066	10.943747	576,362,425,350,356,358,422,328	19.625000,17.000000,16.750000,16.250000,16.125000,16.125000,16.125000,16.000000
45	7	364	4.594488	330,23985,364,323,16180,35968,304,8171	23.375000,19.875000,18.875000,18.375000,18.000000,17.375000,16.750000,16.750000
46	0	82	0.002081	82,274,569,364,50,549,1154,2587	26.125000,19.625000,16.750000,16.625000,15.750000,15.375000,15.375000,15.250000
46	1	15106	4.653042	5004,6841,8599,6059,6164,1532,422,30817	15.437500,15.312500,15.312500,15.187500,15.000000,14.875000,14.750000,14.687500
46	2	330	0.004877	330,320,364,3670,1,549,481,1154	27.875000,20.375000,20.125000,19.875000,19.750000,19.500000,19.250000,19.250000
46	3	315	0.112368	315,304,389,320,504,1154,323,892	30.000000,27.125000,26.500000,25.250000,25.250000,24.750000,24.250000,23.750000
46	4	279	0.026161	279,576,18096,13434,4013,264,18635,7506	26.000000,21.750000,19.500000,19.250000,18.500000,18.375000,18.000000,17.875000
46	5	12425	0.740599	12425,4013,18096,7855,13434,22358,5883,19584	23.000000,22.125000,21.750000,20.000000,19.750000,19.500000,19.375000,19.250000
46	6	4013	0.007759	4013,19584,1473,2025,6146,22358,18136,80366	27.625000,21.375000,20.875000,20.875000,20.625000,20.375000,20.250000,19.000000
46	7	576	1.689266	576,1154,18635,6326,14671,15696,48822,52325	18.375000,16.875000,16.625000,16.125000,16.125000,16.125000,16.125000,16.125000
47	0	5724	8.345198	328,8246,19378,9494,1532,8596,220,6686	17.375000,16.250000,16.250000,15.937500,15.687500,15.562500,15.500000,15.375000
47	1	37625	3.837030	477,4050,9536,7684,18971,2738,5724,12149	19.875000,18.625000,18.500000,18.000000,17.750000,17.625000,17.375000,17.250000
47	2	2587	5.478188	659,1154,320,323,389,892,304,2587	27.250000,25.625000,25.000000,24.000000,23.250000,23.000000,22.500000,22.125000
47	3	566	1.155647	566,419,279,323,304,4764,425,806	24.250000,24.125000,23.625000,22.625000,22.250000,21.500000,21.375000,21.125000
47	4	58235	6.891052	572,1083,6342,5927,9723,2937,1030,1221	23.750000,23.500000,23.250000,22.625000,22.000000,21.750000,21.250000,20.875000
47	5	16263	4.525232	304,438,1549,448,16263,1083,518,369	27.375000,26.000000,23.375000,23.125000,23.125000,22.000000,21.000000,20.875000
47	6	19571	4.136505	6798,279,3757,4389,11867,8397,11565,18939	18.000000,17.875000,17.875000,17.875000,17.875000,17.750000,17.625000,17.625000
47	7	4389	4.300756	1741,1075,2670,18939,11867,6798,4389,3757	22.750000,21.250000,20.500000,19.625000,19.500000,19.375000,19.250000,19.125000
48	0	26099	4.517786	431,13612,2691,20607,350,26099,1260,72113	19.250000,17.250000,16.375000,15.437500,15.125000,15.062500,14.875000,14.687500
48	1	323	0.084082	323,1154,320,659,304,438,2587,11	30.750000,28.250000,25.250000,23.125000,22.625000,21.500000,21.375000,21.125000
48	2	42323	6.504393	6798,3757,4389,11867,18939,11565,18095,21315	18.250000,17.750000,17.500000,17.500000,17.500000,17.375000,17.375000,17.250000
48	3	15035	2.944727	25164,15035,63540,431,434,98971,51656,4264	22.875000,20.000000,17.375000,17.125000,15.687500,15.437500,15.312500,15.250000
48	4	18337	0.003927	18337,404,72,23300,46291,18122,354,1119	23.750000,18.000000,15.062500,15.062500,14.000000,13.750000,13.125000,12.812500
48	5	659	0.097557	659,304,323,1154,16448,6762,320,2587	30.125000,27.125000,26.250000,25.250000,25.125000,24.750000,24.500000,24.000000
48	6	1260	1.740589	758,1260,425,5301,24885,576,2938,5542	25.250000,24.000000,23.750000,21.375000,21.375000,21.250000,20.250000,20.250000
48	7	572	1.731770	1083,572,6342,1030,702,9723,1221,2937	23.125000,22.875000,22.500000,22.250000,22.125000,22.000000,21.750000,21.250000
49	0	6311	2.401091	1083,264,6311,304,2937,1221,14766,27420	23.875000,22.375000,22.250000,21.750000,21.625000,21.500000,20.750000,20.625000
49	1	304	0.719357	304,438,369,311,1549,553,389,448	26.500000,26.500000,23.000000,21.750000,20.375000,20.000000,19.500000,19.375000
49	2	279	0.161789	279,264,220,2441,458,576,1378,806	26.750000,24.625000,22.625000,22.125000,21.500000,21.375000,20.375000,19.750000
49	3	220	1.400826	220,3476,12425,4531,1486,18096,4013,4565	22.500000,22.500000,22.375000,21.125000,20.625000,19.750000,19.500000,19.000000
49	4	17	0.003155	17,16,18,19,20,22,21,23	28.250000,22.125000,20.000000,19.750000,19.500000,19.000000,18.875000,18.125000
49	5	15	0.000031	15,16,17,18,19,23,20,24	28.625000,17.250000,16.000000,15.687500,15.312500,15.312500,14.937500,14.687500
49	6	15	0.020630	15,16,17,19,20,339,18,4146	27.750000,23.875000,18.250000,14.625000,14.187500,14.187500,13.937500,13.250000
49	7	20	0.770821	20,21,22,19,23,24,18,17	23.625000,23.000000,22.250000,22.125000,21.125000,20.375000,19.500000,18.500000
50	0	33496	8.330002	4531,12425,4013,4565,7855,18096,5700,22358	21.375000,21.125000,19.375000,18.500000,18.500000,18.500000,18.250000,18.125000
50	1	53148	6.373453	5670,1486,5068,33085,56005,481,1473,6573	25.625000,24.125000,21.375000,20.625000,20.625000,19.875000,19.750000,19.625000
50	2	315	0.087088	315,576,518,1154,330,549,323,304	24.875000,20.375000,20.125000,20.000000,19.250000,19.125000,19.000000,18.750000
50	3	279	1.925907	576,279,330,7401,362,364,422,9043	20.750000,20.000000,18.375000,17.500000,17.375000,17.125000,16.750000,16.750000
50	4	25179	10.205431	1486,11088,22358,6430,17795,825,1852,19584	23.125000,21.875000,19.125000,19.000000,18.875000,18.500000,18.500000,17.750000
50	5	92301	3.493856	31828,730,20734,444,92301,20113,30563,6210	19.500000,17.250000,17.000000,16.875000,16.500000,16.125000,16.000000,15.812500
50	6	1486	0.363255	1486,364,11088,481,1154,19584,323,7054	24.250000,22.875000,21.875000,20.125000,19.875000,19.875000,19.125000,18.875000
50	7	43562	8.546644	576,330,1154,364,25044,425,659,362	21.375000,19.875000,18.625000,18.500000,17.625000,17.000000,16.750000,16.625000
51	0	49840	0.592857	49840,323,1154,518,304,2587,553,320	24.250000,23.250000,23.000000,21.125000,20.500000,20.125000,19.750000,19.625000
51	1	1154	1.753181	323,1154,320,518,659,304,2587,892	27.250000,26.125000,25.625000,25.000000,25.000000,24.125000,23.500000,22.750000
51	2	892	2.034002	323,892,15540,10660,518,304,5619,448	25.375000,24.000000,23.875000,23.125000,22.625000,22.250000,22.250000,21.750000
51	3	572	0.226164	572,10613,90613,1033,3867,566,8930,1030	25.500000,22.750000,22.000000,21.875000,21.750000,21.625000,21.375000,21.250000
51	4	10660	0.384636	10660,15540,50057,8947,5326,10449,264,518	24.250000,22.125000,21.625000,21.250000,20.750000,20.625000,20.125000,20.125000
51	5	518	0.244808	518,304,553,389,438,1212,448,1549	29.750000,28.375000,25.625000,23.250000,23.000000,22.875000,22.625000,22.125000
51	6	279	0.020014	279,576,7148,264,2176,26221,2055,5257	25.125000,20.375000,19.375000,18.250000,18.000000,18.000000,17.875000,17.375000
51	7	45406	10.080032	16194,5055,2055,1674,15953,1163,14079,13263	20.500000,20.000000,19.250000,19.125000,19.000000,18.125000,17.875000,17.375000
52	0	26221	0.022213	26221,33496,304,323,1154,37471,22780,320	26.125000,21.750000,20.625000,20.000000,18.875000,18.250000,18.125000,18.000000
52	1	304	0.211752	304,1154,323,659,320,2587,315,448	28.500000,26.125000,25.875000,25.625000,23.500000,22.125000,21.125000,21.125000
52	2	70998	6.068426	7148,220,52935,6326,279,86570,356,4261	20.625000,19.000000,18.875000,18.125000,17.750000,17.750000,17.500000,16.750000
52	3	323	0.305887	323,659,1154,2587,304,1573,320,448	29.500000,27.875000,27.375000,25.375000,24.500000,24.125000,23.875000,23.125000
52	4	279	1.003227	279,518,2937,1221,1083,304,572,1549	23.875000,23.375000,23.125000,22.875000,21.125000,21.000000,20.000000,19.875000
52	5	11012	7.935953	16194,15953,1674,1163,5055,4312,13263,2055	19.000000,18.625000,18.125000,18.000000,17.875000,17.250000,17.125000,17.000000
52	6	1268	0.002508	1268,594,1409,518,304,4813,89,424	26.125000,19.000000,18.375000,18.250000,17.375000,16.750000,16.000000,16.000000
52	7	38420	0.000063	38420,19295,14997,92964,17931,659,1154,20734	31.750000,21.875000,19.250000,18.500000,18.125000,17.625000,17.000000,16.625000
53	0	16937	0.001471	16937,8633,19295,37729,21618,1154,26524,4153	29.250000,22.500000,20.500000,18.875000,18.125000,17.875000,17.875000,17.375000
53	1	304	0.042725	304,659,1154,323,2587,320,16448,26221	30.250000,26.875000,24.500000,24.250000,23.750000,23.000000,21.875000,21.125000
53	2	7148	0.000753	7148,220,4882,279,31302,107074,9806,356	29.250000,21.125000,20.875000,19.500000,19.375000,18.750000,18.375000,18.125000
53	3	659	0.130854	659,2587,1154,304,323,13,16448,6762	29.750000,26.625000,26.375000,25.750000,25.750000,24.750000,24.500000,24.000000
53	4	1260	1.223461	758,1260,425,5301,576,24885,1096,5005	24.250000,24.000000,23.750000,21.375000,21.125000,20.875000,20.125000,19.375000
53	5	572	1.633093	572,1083,6342,1030,9723,702,1221,2937	22.625000,22.500000,22.500000,22.375000,21.750000,21.125000,20.875000,20.375000
53	6	15540	8.404751	1083,6311,264,304,14766,1221,2937,949	23.625000,23.000000,22.250000,21.875000,21.125000,20.750000,20.500000,20.250000
53	7	553	0.019165	553,304,369,323,1052,518,311,389	29.250000,25.000000,22.375000,22.250000,22.250000,21.875000,21.250000,20.750000
54	0	3757	3.654091	279,6798,18939,4389,11867,21315,3757,24986	17.500000,17.500000,17.500000,17.000000,17.000000,17.000000,16.875000,16.750000
54	1	67473	0.161562	67473,350,4509,431,26741,4264,17884,32391	20.625000,16.500000,16.250000,16.125000,15.812500,15.437500,15.312500,15.250000
54	2	323	0.389845	323,659,1154,304,320,2587,369,879	29.375000,28.125000,26.625000,26.250000,25.500000,25.500000,25.125000,24.500000
54	3	58235	3.626883	572,10660,1030,6342,279,9723,1062,58235	21.125000,20.125000,19.875000,19.875000,19.500000,19.500000,19.375000,19.250000
54	4	16263	0.993385	448,16263,304,438,14002,518,3156,279	25.750000,25.500000,24.375000,22.125000,21.750000,19.875000,19.625000,19.375000
54	5	7355	6.788609	19571,11867,12089,4389,23654,20445,18939,24986	20.250000,18.000000,18.000000,17.875000,17.875000,17.750000,17.500000,17.500000
54	6	1232	0.087574	1232,35203,26649,49535,356,38174,43854,794	22.500000,18.750000,17.875000,17.875000,17.625000,17.250000,17.125000,16.500000
54	7	812	0.000364	812,1442,1203,285,14810,2652,1002,5853	29.375000,20.500000,19.875000,19.250000,19.125000,18.000000,17.625000,17.625000
55	0	672	-0.000000	672,309,19915,1360,14077,363,40878,87448	37.500000,21.625000,21.250000,21.125000,21.125000,20.250000,20.125000,19.750000
55	1	1154	3.066963	323,659,1154,304,320,2587,16448,6762	29.250000,28.375000,26.625000,25.875000,24.625000,24.375000,23.625000,23.500000
55	2	49975	10.015320	879,323,6693,448,4389,264,6798,11867	21.125000,20.625000,19.000000,18.500000,18.125000,18.000000,18.000000,17.625000
55	3	1863	0.590174	1863,98974,506,13646,14259,96882,20696,431	19.875000,19.125000,16.375000,16.375000,16.000000,16.000000,15.937500,15.875000
55	4	12707	0.928694	67592,12707,437,292,517,3923,276,16030	21.625000,21.500000,19.500000,18.875000,18.375000,17.250000,16.875000,16.875000
55	5	1154	2.581057	323,1154,320,659,609,304,481,2587	29.125000,26.625000,21.750000,20.750000,20.000000,19.625000,19.625000,19.625000
55	6	13928	7.925692	323,4389,11867,18939,6798,7801,3757,18095	23.125000,17.875000,17.875000,17.875000,17.750000,17.625000,17.500000,17.375000
55	7	17734	13.642260	1260,472,4483,45196,350,444,2932,356	19.500000,19.375000,19.250000,19.250000,18.125000,17.750000,17.500000,17.125000
56	0	1154	2.352436	323,1154,263,659,320,609,2587,1842	29.000000,26.750000,21.750000,21.125000,20.500000,20.000000,19.750000,19.250000
56	1	55130	12.369040	323,11867,7801,18939,4389,6798,3757,21315	22.750000,18.000000,17.875000,17.875000,17.750000,17.625000,17.500000,17.500000
56	2	23905	0.461340	23905,7801,362,4598,444,730,7401,17426	21.000000,19.250000,17.625000,17.250000,17.125000,17.125000,17.000000,17.000000
56	3	416	0.137220	416,265,2718,388,2892,5963,5482,74	25.000000,22.250000,22.000000,20.750000,19.875000,19.375000,19.250000,17.875000
56	4	1154	1.911051	323,1154,659,320,609,2587,304,1842	30.875000,29.125000,23.125000,21.625000,21.375000,21.375000,20.125000,19.750000
56	5	59310	6.884026	323,11867,7801,18939,4389,6798,3757,21315	22.125000,18.125000,18.000000,18.000000,17.875000,17.750000,17.625000,17.625000
56	6	80664	7.470093	25164,10978,33031,4483,36130,431,467,350	20.875000,19.750000,19.125000,19.000000,18.375000,18.250000,18.250000,17.750000
56	7	323	0.161919	323,1154,659,320,609,2587,1842,304	30.625000,28.875000,23.375000,22.875000,21.750000,21.500000,20.625000,20.500000
57	0	67034	6.674671	3800,11867,18939,20445,4389,6798,7801,8364	18.750000,18.125000,17.750000,17.625000,17.500000,17.500000,17.375000,17.375000
57	1	10926	10.182995	10801,386,4312,3128,4483,7401,26234,472	22.125000,22.000000,21.625000,20.250000,17.875000,17.750000,17.625000,17.375000
57	2	659	0.119703	659,304,16448,2587,1154,6762,323,320	26.000000,22.625000,21.625000,21.500000,21.375000,21.125000,21.000000,20.750000
57	3	715	5.766567	758,1260,425,576,5301,24885,4710,1096	24.250000,23.500000,23.375000,21.500000,21.000000,20.875000,19.750000,19.500000
57	4	758	3.672417	284,425,1260,8397,785,33,4710,34532	20.500000,19.375000,18.500000,18.375000,18.250000,18.125000,18.000000,18.000000
57	5	220	0.080994	220,279,5256,3217,5813,6702,7400,5534	27.250000,24.250000,22.250000,21.125000,21.125000,21.000000,21.000000,20.750000
57	6	17	0.000856	17,16,1154,15,18,279,220,549	27.000000,19.875000,14.687500,14.437500,14.250000,14.250000,14.125000,12.937500
57	7	15	-0.000000	15,16,220,2624,1154,23,198,549	27.875000,12.000000,11.625000,10.937500,10.500000,10.062500,10.000000,9.500000
58	0	15	0.014215	15,16,17,220,1154,20,21,549	27.000000,22.750000,17.000000,13.125000,12.812500,12.000000,11.687500,11.687500
58	1	21	0.435667	21,22,20,23,24,19,18,17	24.000000,22.875000,21.875000,21.250000,20.250000,18.750000,18.625000,17.875000
58	2	1154	2.781248	425,566,1154,569,806,8397,323,1260	28.875000,26.500000,26.250000,22.125000,21.375000,20.500000,20.375000,19.875000
58	3	425	0.102180	425,566,8397,806,1260,279,1283,264	28.625000,26.375000,21.375000,20.500000,20.375000,19.625000,19.000000,18.750000
58	4	10965	0.000008	10965,965,616,581,22604,2950,220,39337	29.625000,16.625000,16.000000,15.500000,14.937500,14.500000,14.375000,14.312500
58	5	465	-0.000000	465,5045,56960,696,376,4160,1982,33861	43.750000,26.500000,25.750000,24.250000,23.750000,22.625000,22.375000,21.750000
58	6	58235	3.988022	6342,572,9723,3867,10859,1030,58235,44777	24.500000,24.250000,23.750000,22.500000,22.500000,22.375000,21.625000,21.500000
58	7	16263	4.986818	304,438,16263,448,518,389,569,14002	27.375000,26.500000,22.750000,21.875000,20.750000,20.250000,20.000000,19.500000
59	0	1232	10.310453	19571,4389,11867,6798,8397,279,18939,24986	18.125000,18.000000,17.750000,17.625000,17.375000,17.250000,17.125000,17.125000
59	1	812	0.005182	812,380,3187,5853,72,483,1442,28300	23.375000,17.000000,15.812500,15.750000,14.312500,14.250000,14.250000,14.250000
59	2	672	0.000004	672,19915,365,8635,363,6379,10303,23397	33.500000,20.375000,19.250000,18.000000,17.750000,17.125000,16.875000,16.500000
59	3	304	0.679663	304,323,1549,1154,438,518,320,369	28.875000,28.375000,27.500000,26.375000,24.375000,24.125000,23.500000,22.250000
59	4	279	0.081608	279,264,576,2441,458,806,330,13293	25.750000,22.500000,21.000000,21.000000,20.125000,19.250000,19.000000,19.000000
59	5	1486	0.686420	1486,12425,4531,6430,18096,22358,2805,4312	22.625000,21.375000,21.000000,19.875000,19.375000,19.375000,19.250000,19.250000
59	6	93736	12.617950	576,1154,425,330,362,434,422,358	19.750000,17.375000,16.750000,16.625000,16.625000,16.625000,16.375000,16.250000
59	7	5326	2.126696	1154,518,553,5326,304,323,659,892	25.500000,24.875000,24.375000,24.375000,23.125000,23.125000,23.000000,22.125000
60	0	553	0.001644	553,323,369,304,518,448,438,3216	29.375000,22.625000,20.875000,19.750000,19.625000,18.125000,18.000000,18.000000
60	1	4389	3.793900	21315,6798,29405,14991,18095,4389,11867,33121	18.500000,18.375000,17.500000,17.375000,17.375000,17.250000,17.250000,17.125000
60	2	45107	1.217909	506,45107,472,1967,431,425,25164,25369	22.000000,21.250000,17.750000,17.750000,17.500000,17.125000,16.875000,16.875000
60	3	27507	0.000523	27507,659,1154,481,323,42241,71,8108	30.125000,22.125000,21.000000,19.875000,19.125000,19.000000,16.625000,16.625000
60	4	659	1.611673	323,518,659,1154,2587,304,369,892	29.250000,29.000000,28.875000,28.875000,27.625000,25.625000,25.375000,25.125000
60	5	1260	1.266150	1096,1260,576,758,425,1084,5301,2938	23.625000,23.625000,23.250000,22.625000,22.000000,21.125000,20.250000,20.000000
60	6	9723	2.976603	572,1083,6342,1030,9723,10660,702,1221	23.750000,23.000000,22.750000,22.375000,21.750000,21.000000,20.875000,20.875000
60	7	389	4.744492	304,438,389,518,448,16263,1549,26753	28.500000,26.125000,23.875000,23.750000,23.250000,22.750000,22.500000,21.375000
61	0	264	4.214443	279,12425,6430,264,18096,4171,576,7855	24.125000,22.875000,22.250000,20.375000,20.250000,20.000000,19.375000,18.875000
61	1	220	3.093876	12425,1372,4013,220,6430,18096,2805,2086	21.625000,21.125000,20.500000,20.000000,19.750000,19.750000,19.250000,19.125000
61	2	17	0.015244	17,16,18,19,20,22,21,24	28.750000,24.125000,22.750000,21.500000,21.375000,21.375000,21.125000,20.625000
61	3	15	0.000288	15,16,17,18,19,20,24,22	27.500000,17.750000,17.125000,17.000000,17.000000,16.625000,16.500000,16.375000
61	4	15	0.026396	15,16,17,5534,339,21,5768,5813	27.750000,24.125000,17.875000,15.250000,14.812500,14.750000,14.750000,14.562500
61	5	21	1.405529	22,21,23,24,20,19,18,17	23.250000,22.375000,21.625000,20.375000,19.000000,18.250000,17.875000,17.000000
61	6	9234	1.341375	9234,12425,18096,4013,5670,481,3200,6430	20.250000,20.250000,18.250000,18.125000,18.000000,17.500000,17.500000,17.250000
61	7	315	0.001547	315,24849,304,389,1154,19867,320,369	30.250000,22.625000,21.500000,21.125000,21.000000,20.625000,20.500000,20.125000
62	0	279	0.127115	279,576,7506,18096,48822,18635,15696,6326	23.000000,20.125000,17.875000,17.875000,17.500000,17.375000,17.000000,16.750000
62	1	12425	0.701088	12425,18096,4013,22358,7855,13434,80366,19584	22.625000,21.875000,20.375000,20.250000,20.000000,19.000000,18.875000,18.500000
62	2	4013	0.028902	4013,1473,2025,18136,19584,22358,6146,80366	27.125000,22.375000,22.250000,22.000000,21.250000,20.625000,19.375000,19.250000
62	3	1154	3.883846	576,7506,9414,48822,18635,85450,15696,3089	17.625000,16.000000,16.000000,15.937500,15.812500,15.812500,15.750000,15.500000
62	4	53843	6.682133	576,323,892,279,220,448,48822,2670	19.000000,18.375000,17.750000,17.125000,16.875000,16.750000,16.500000,16.375000
62	5	1154	0.652267	1154,659,320,2587,323,549,304,438	26.500000,26.000000,24.250000,24.000000,23.125000,22.875000,22.500000,22.000000
62	6	8110	8.612692	323,438,5619,304,892,1380,448,714	24.875000,24.500000,24.375000,24.250000,23.500000,22.250000,22.000000,21.375000
62	7	553	0.010206	553,304,2937,19620,264,448,279,705	29.125000,24.125000,22.375000,21.625000,21.375000,20.875000,20.375000,20.250000
63	0	264	0.163347	264,806,2441,458,279,26255,12783,5619	26.375000,23.125000,23.125000,22.750000,22.375000,21.875000,21.750000,20.750000
63	1	3476	0.591949	3476,8640,220,12613,45250,39400,6388,949	23.625000,22.250000,21.750000,21.000000,20.750000,20.625000,20.125000,19.500000
63	2	304	0.085968	304,438,389,315,5619,448,518,369	29.500000,26.875000,25.000000,23.250000,22.625000,22.375000,22.000000,21.250000
63	3	279	0.069696	279,264,220,576,458,2441,18096,1154	26.250000,22.875000,21.375000,21.125000,20.875000,20.750000,18.750000,18.625000
63	4	220	0.649073	220,12425,1486,4531,18096,4013,22358,9234	23.250000,22.250000,21.875000,20.625000,19.875000,19.250000,19.000000,18.125000
63	5	17	0.000690	17,16,18,19,22,20,21,23	28.375000,20.750000,18.750000,17.875000,17.875000,17.625000,17.375000,16.875000
63	6	15	0.000004	15,16,17,18,1154,23,19,220	29.625000,16.250000,14.625000,13.812500,13.750000,13.312500,13.250000,13.187500
63	7	15	0.002190	15,16,17,21,22,220,481,1154	28.000000,21.875000,14.312500,13.125000,12.500000,12.375000,12.375000,12.250000
64	0	22	0.341610	22,21,23,24,20,19,18,17	24.750000,23.625000,22.125000,20.000000,17.750000,16.375000,15.937500,15.125000
64	1	33496	6.131865	12425,4531,4013,1486,9234,18096,22358,19584	22.000000,20.750000,20.625000,20.125000,19.375000,18.750000,18.625000,17.875000
64	2	5670	0.210623	5670,1486,53148,5068,1473,33085,56005,6573	24.625000,22.500000,21.875000,20.125000,19.125000,18.625000,18.625000,18.500000
64	3	315	0.010841	315,1154,576,518,659,8755,323,43562	27.375000,21.000000,20.500000,20.250000,20.125000,19.500000,19.250000,19.000000
64	4	2585	7.520361	279,576,264,6798,362,1154,11867,13293	22.250000,20.500000,17.500000,17.125000,16.875000,16.875000,16.875000,16.875000
64	5	311	1.883455	358,311,1205,279,1260,3155,2806,23309	22.750000,21.375000,20.875000,20.125000,19.000000,18.750000,18.375000,18.375000
64	6	70627	11.957520	12190,2126,4093,2823,7405,22749,387,13655	21.375000,20.250000,20.250000,18.875000,18.750000,18.625000,18.500000,18.500000
64	7	15540	6.599621	304,264,1154,659,5326,518,320,553	23.125000,22.250000,21.875000,21.750000,21.750000,21.500000,21.375000,21.125000
65	0	553	0.000334	553,323,518,304,1154,448,569,3216	30.000000,21.500000,19.750000,18.750000,18.625000,18.500000,17.750000,17.500000
65	1	27878	8.388214	4389,21315,18939,3757,11867,6798,7801,20445	18.250000,18.125000,17.750000,17.250000,17.125000,16.875000,16.875000,16.875000
65	2	645	0.000067	645,25503,19310,472,72,6023,220,6535	29.625000,18.500000,17.875000,17.500000,17.375000,17.375000,17.125000,17.125000
65	3	431	0.149904	431,659,451,425,29938,328,5807,444	19.750000,16.500000,16.250000,15.375000,15.187500,14.937500,14.687500,14.625000
65	4	84434	0.161232	84434,13,12523,2667,4076,1021,395,9605	21.750000,19.250000,18.500000,17.250000,15.937500,15.750000,15.562500,15.562500
65	5	659	0.687567	659,323,518,1154,304,2587,369,320	28.375000,27.875000,26.750000,25.875000,25.000000,24.500000,24.250000,23.500000
65	6	2585	10.176786	1260,758,425,5301,576,715,1096,220	24.500000,24.375000,22.500000,21.250000,21.125000,21.125000,20.750000,19.875000
65	7	311	0.006611	311,2014,279,1521,566,653,374,572	25.000000,18.875000,17.750000,17.375000,16.750000,16.750000,16.500000,16.250000
66	0	70627	0.000242	70627,40000,69719,45975,12886,96894,53677,43261	27.750000,18.500000,18.000000,17.000000,15.875000,15.562500,15.375000,15.000000
66	1	572	0.148384	572,374,10613,1154,84070,8930,1030,3949	27.000000,23.750000,23.125000,22.750000,22.750000,22.375000,22.000000,21.750000
66	2	10660	0.207441	10660,8947,264,50057,1083,10449,6342,2937	25.125000,22.125000,21.750000,21.625000,21.375000,21.250000,20.375000,19.875000
66	3	518	0.138834	518,304,553,389,438,448,1156,1212	30.000000,28.000000,25.125000,23.750000,22.875000,22.875000,21.625000,21.500000
66	4	14079	10.013790	279,576,7148,2176,264,2055,26221,350	25.375000,20.125000,19.000000,18.375000,18.250000,18.250000,17.750000,17.250000
66	5	26221	0.004690	26221,33496,37471,576,46113,323,4678,1154	26.375000,20.750000,18.250000,17.875000,17.500000,17.250000,16.750000,16.250000
66	6	304	0.489897	304,323,659,1154,320,2587,364,448	28.000000,27.125000,25.875000,25.375000,23.000000,21.875000,21.750000,21.375000
66	7	279	6.280138	7148,220,279,79593,58546,107074,4312,2932	25.500000,21.875000,19.250000,17.125000,16.375000,16.125000,15.937500,15.875000
67	0	7148	1.368565	6424,7148,3639,4312,1852,220,4882,9710	22.750000,22.125000,21.875000,19.625000,18.500000,18.250000,17.875000,17.750000
67	1	84203	0.023104	84203,65741,659,323,1154,3082,220,4312	28.750000,24.750000,22.875000,21.250000,21.125000,21.000000,20.125000,19.375000
67	2	315	0.000307	315,4940,82,1154,659,220,297,320	27.000000,18.125000,17.250000,15.812500,15.750000,15.375000,15.125000,15.125000
67	3	472	4.013954	82468,95733,34982,46943,68929,46331,31302,7148	22.125000,21.750000,20.000000,19.875000,19.750000,19.500000,19.375000,19.250000
67	4	42057	1.239071	1624,42057,3249,529,8985,546,4681,994	26.750000,25.875000,22.875000,18.750000,18.750000,18.375000,17.875000,17.500000
67	5	43674	-0.000000	43674,659,76,1763,8155,1306,25013,19501	35.500000,20.875000,20.500000,19.625000,19.500000,19.375000,18.625000,18.125000
67	6	323	0.023012	323,659,609,1154,481,304,569,2587	30.500000,26.125000,25.750000,23.500000,22.500000,21.500000,21.375000,20.875000
67	7	47450	0.002459	47450,659,5599,1154,279,434,1083,14010	26.750000,20.125000,18.875000,18.250000,18.000000,16.750000,16.375000,16.375000
68	0	5604	0.000072	5604,8187,6660,73493,13515,72116,13,777	29.875000,19.500000,19.125000,18.500000,17.750000,15.750000,14.687500,14.437500
68	1	659	0.403353	659,323,1154,304,2587,16448,320,6762	29.125000,28.125000,26.125000,25.875000,24.875000,24.250000,23.625000,23.125000
68	2	425	2.127338	758,1260,425,715,576,4710,5301,1096	24.125000,24.125000,23.000000,22.625000,20.625000,20.625000,20.500000,19.500000
68	3	10965	0.000006	10965,616,965,581,6344,220,13,2950	29.750000,15.937500,15.812500,15.437500,15.375000,14.562500,14.250000,14.250000
68	4	465	-0.000000	465,1536,3667,696,56960,5045,665,799	38.750000,23.625000,22.000000,21.125000,21.000000,20.875000,20.625000,20.500000
68	5	58235	4.960413	572,1083,6342,9723,1221,364,702,1030	24.000000,23.250000,23.000000,22.750000,22.375000,22.125000,22.125000,22.000000
68	6	304	0.161186	304,16263,438,448,1549,518,389,14002	26.625000,24.000000,23.875000,22.875000,21.250000,20.625000,20.250000,19.750000
68	7	1378	5.665707	279,264,220,2441,576,458,1378,3807	25.750000,23.500000,21.750000,20.750000,20.500000,20.250000,20.250000,20.250000
69	0	12351	3.932627	11088,220,12425,53148,803,1008,2155,12783	22.000000,21.250000,21.000000,20.750000,20.500000,20.500000,20.125000,20.125000
69	1	304	0.967861	549,304,1154,5880,2337,2587,448,15540	27.000000,26.875000,25.250000,23.625000,23.375000,23.250000,23.000000,23.000000
69	2	220	0.060223	220,279,806,892,419,4124,1154,3309	27.500000,24.625000,20.500000,20.500000,19.625000,19.625000,19.250000,19.125000
69	3	17	0.000341	17,16,15,1154,220,18,320,549	26.000000,18.000000,12.250000,11.937500,11.437500,11.250000,10.500000,10.500000
69	4	15	-0.000000	15,16,17,18,220,23,78,20	30.625000,14.062500,13.000000,12.187500,12.187500,11.937500,11.937500,11.875000
69	5	15	0.020561	15,16,17,220,1154,481,549,198	26.125000,22.250000,15.000000,11.687500,11.375000,10.562500,10.437500,9.937500
69	6	23	1.061676	22,23,24,21,20,19,18,17	23.375000,22.875000,20.875000,20.250000,18.375000,18.250000,18.000000,17.250000
69	7	1154	3.131407	549,1154,2587,659,323,481,1177,1959	29.250000,26.250000,26.000000,25.750000,24.375000,23.750000,23.250000,23.000000
70	0	6059	9.244331	2670,576,2176,279,825,5619,323,330	21.375000,21.250000,20.875000,20.625000,20.125000,19.625000,19.375000,19.250000
70	1	4145	0.089619	4145,315,8960,323,15623,18306,220,32981	24.375000,19.875000,19.875000,19.750000,19.625000,19.625000,19.000000,18.875000
70	2	4892	3.162029	323,48438,57679,4892,320,549,220,304	25.000000,22.375000,22.375000,22.125000,21.750000,21.000000,20.375000,20.125000
70	3	30204	0.000633	30204,1902,652,7132,65,82,7964,61286	35.000000,27.250000,26.500000,19.250000,18.125000,15.500000,15.312500,14.750000
70	4	553	8.490215	323,320,1154,304,448,549,15540,892	28.875000,26.375000,25.000000,23.250000,23.125000,23.000000,22.500000,21.875000
70	5	56237	7.004723	11867,4389,6798,3757,21315,7538,18939,14991	17.625000,17.375000,17.375000,17.250000,17.250000,17.125000,17.125000,17.000000
70	6	12095	9.641510	4389,11867,3757,6798,18939,21315,7801,33121	17.125000,17.125000,17.000000,17.000000,17.000000,16.750000,16.625000,16.625000
70	7	1967	0.089443	1967,67912,66097,69231,85656,1863,350,37705	20.625000,16.750000,16.000000,15.312500,15.250000,15.187500,14.937500,14.625000
71	0	544	4.164471	288,544,50,64,73814,300,51,4422	20.375000,16.250000,14.812500,14.750000,14.125000,14.062500,13.750000,13.750000
71	1	72	0.006071	72,285,6591,9156,4738,98255,859,645	30.375000,25.125000,22.750000,21.000000,20.625000,20.625000,20.375000,20.250000
71	2	1154	2.600773	323,1154,320,304,2587,659,481,549	28.875000,26.375000,24.750000,22.750000,22.500000,21.875000,21.000000,20.875000
71	3	323	0.076540	323,304,892,264,448,39400,1380,15540	26.875000,23.375000,23.125000,21.125000,21.125000,20.625000,20.500000,20.375000
71	4	4320	6.920820	576,279,264,304,13293,362,358,1154	19.875000,19.375000,17.500000,17.000000,17.000000,16.875000,16.625000,16.625000
71	5	792	2.417110	944,792,364,1405,10563,17744,3406,10810	20.125000,18.000000,17.625000,16.625000,15.187500,14.937500,14.875000,14.562500
71	6	53175	2.063478	1154,304,53175,323,594,481,553,32342	20.375000,19.625000,19.625000,19.000000,18.500000,18.375000,18.375000,17.875000
71	7	15540	3.228222	553,1154,15540,659,320,5326,304,39400	27.500000,25.250000,24.500000,24.000000,23.750000,22.625000,22.125000,21.875000
72	0	553	0.000999	553,323,304,1154,369,448,659,518	29.500000,22.375000,19.375000,19.000000,18.250000,17.750000,17.750000,17.625000
72	1	11959	7.645342	21315,6798,14991,18939,7801,35757,3757,4389	17.125000,16.750000,16.750000,16.750000,16.625000,16.625000,16.375000,16.375000
72	2	398	0.038748	398,28206,2577,6355,8346,46716,685,6743	24.125000,20.750000,18.250000,16.500000,15.625000,15.562500,15.375000,15.375000
72	3	88353	2.848537	13612,88353,3984,468,14595,20042,29660,431	17.500000,15.812500,15.625000,15.437500,15.312500,15.250000,15.125000,14.937500
72	4	659	0.338184	659,323,1154,2587,16448,448,304,320	28.500000,27.125000,25.750000,25.500000,23.750000,23.375000,23.125000,22.750000
72	5	758	0.990215	758,1260,425,11733,715,576,5301,220	24.125000,24.000000,22.875000,22.000000,21.875000,21.625000,21.375000,20.375000
72	6	3217	7.013601	220,279,2176,264,5256,419,806,1493	26.625000,24.250000,22.625000,21.500000,21.375000,20.750000,20.750000,20.500000
72	7	220	0.009268	220,315,323,1154,279,481,311,608	28.000000,22.375000,22.000000,21.750000,19.375000,19.000000,18.875000,18.625000
73	0	17	0.000158	17,16,18,220,15,1154,19,20	27.125000,18.250000,15.000000,14.375000,13.875000,13.000000,12.687500,12.625000
73	1	15	-0.000000	15,16,17,2624,78,220,18,1154	32.750000,15.062500,13.062500,12.875000,12.812500,12.750000,12.562500,12.500000
73	2	15	0.142759	15,16,17,220,1154,11,23,198	23.500000,21.625000,14.000000,10.562500,10.187500,9.625000,9.000000,8.812500
73	3	23	0.902525	24,23,22,21,20,15,19,18	23.125000,22.750000,18.000000,16.000000,14.562500,14.375000,14.062500,13.875000
73	4	1154	0.815153	1154,425,566,806,323,264,432,279	28.250000,28.000000,27.500000,21.375000,20.875000,20.750000,20.500000,20.375000
73	5	425	0.641777	425,566,806,279,8397,264,432,1260	26.500000,26.375000,20.500000,20.375000,20.250000,20.000000,19.750000,19.625000
73	6	10965	0.000032	10965,965,616,22604,2950,581,1624,39337	27.875000,16.250000,15.937500,15.000000,14.500000,14.312500,14.000000,13.812500
73	7	465	-0.000000	465,5045,665,1536,696,3667,56960,376	40.500000,25.000000,23.000000,22.500000,22.125000,21.250000,21.250000,21.125000
74	0	1865	3.827518	572,6342,9723,3867,10859,10660,1030,3949	24.375000,23.000000,23.000000,22.250000,22.000000,21.750000,21.625000,21.625000
74	1	264	1.157164	806,264,458,279,26255,2441,825,12425	28.500000,27.875000,26.625000,23.250000,22.625000,21.375000,21.000000,21.000000
74	2	8640	0.548628	8640,9814,94056,12425,2805,825,470,3281	23.625000,21.750000,21.625000,21.375000,21.000000,20.125000,19.625000,19.500000
74	3	11094	0.036165	11094,569,3476,26255,39400,5068,12425,6774	25.500000,21.625000,19.625000,19.125000,18.875000,18.750000,18.750000,18.625000
74	4	389	0.578470	389,304,518,438,369,448,320,569	29.125000,28.750000,26.125000,25.625000,23.875000,23.875000,22.250000,21.875000
74	5	264	4.455238	279,576,264,6326,458,18096,48822,18635	24.500000,20.625000,20.125000,19.625000,18.875000,18.875000,18.250000,17.875000
74	6	1378	5.603088	12425,220,4013,18096,3175,3281,3887,9234	21.000000,20.250000,20.250000,20.125000,20.000000,19.875000,19.750000,19.500000
74	7	569	2.154459	481,28037,569,12,9234,949,29509,21231	20.625000,20.125000,19.250000,19.125000,16.625000,16.250000,16.000000,15.625000
75	0	12	0.000103	12,313,28,569,36519,1154,481,11	30.500000,19.125000,19.000000,18.875000,18.875000,18.750000,18.375000,17.875000
75	1	31	0.000061	31,62799,569,19191,19347,323,26,39291	31.625000,21.500000,20.625000,17.625000,16.750000,16.625000,16.500000,16.125000
75	2	949	0.685629	949,9234,481,2003,6460,1899,2254,3668	24.875000,24.750000,21.375000,20.875000,20.750000,20.000000,19.625000,19.000000
75	3	9234	0.104465	9234,4013,3281,12425,18096,315,18635,19584	23.625000,20.125000,20.000000,19.500000,18.000000,17.875000,17.750000,17.375000
75	4	15580	14.381557	315,304,24849,389,320,19867,1154,369	29.875000,23.500000,23.375000,23.125000,22.000000,22.000000,21.875000,20.750000
75	5	315	0.103733	315,389,304,369,320,1154,24849,438	29.375000,26.500000,26.250000,23.125000,22.625000,22.500000,22.250000,21.875000
75	6	279	0.047409	279,576,6326,7506,48822,5748,15696,18635	24.625000,20.875000,19.375000,18.625000,17.875000,17.625000,17.500000,17.500000
75	7	12425	0.441647	12425,18096,4013,1293,7855,22358,5411,13434	23.250000,21.250000,21.125000,20.375000,20.250000,19.250000,18.750000,18.750000
76	0	4013	0.005138	4013,19584,1473,2025,18136,6146,22358,80366	28.375000,22.000000,21.375000,21.125000,21.000000,20.125000,20.000000,19.375000
76	1	467	6.012215	1154,576,6326,7506,18635,52325,9414,48822	19.625000,18.375000,17.750000,17.750000,17.500000,17.375000,16.750000,16.625000
76	2	1765	0.060617	1765,16,3104,6179,2317,27313,449,4872	22.625000,18.875000,18.250000,17.875000,17.000000,16.250000,15.687500,15.687500
76	3	279	0.012856	279,576,659,29092,1154,21192,30833,3138	26.500000,22.125000,16.750000,16.500000,16.375000,15.875000,15.312500,15.062500
76	4	15021	0.004337	15021,17829,7840,5593,82988,13532,350,20617	22.125000,14.750000,14.187500,14.125000,13.687500,13.500000,13.250000,12.562500
76	5	1154	1.520876	659,1154,320,2587,323,304,438,448	27.125000,26.250000,24.875000,24.750000,24.375000,24.250000,23.750000,23.625000
76	6	8110	5.382923	892,5619,304,323,1380,448,6342,438	23.625000,23.125000,23.000000,22.750000,22.125000,21.500000,21.250000,20.625000
76	7	553	0.008949	553,304,2937,19620,264,448,429,7069	28.125000,23.125000,21.000000,20.625000,19.375000,18.875000,18.125000,18.125000
77	0	458	3.751808	264,458,806,2441,279,26255,12783,5619	26.125000,22.500000,22.500000,22.250000,21.750000,21.250000,21.125000,20.625000
77	1	11094	0.089733	11094,9234,5107,15358,11577,61888,650,5813	25.125000,21.875000,20.625000,20.000000,19.375000,19.125000,19.000000,18.875000
77	2	389	2.056034	304,389,438,518,448,315,279,369	29.875000,28.000000,26.000000,25.750000,23.500000,23.250000,23.125000,22.750000
77	3	279	0.294870	279,264,458,576,2441,220,18096,7506	24.375000,22.750000,21.250000,20.500000,20.125000,19.250000,18.500000,18.375000
77	4	12425	0.842447	12425,220,4013,18096,22358,1378,2086,9234	22.875000,22.375000,21.000000,20.125000,19.625000,19.500000,19.250000,19.125000
77	5	4013	0.009087	4013,1473,19584,18136,2025,22358,6146,13420	27.375000,21.125000,21.125000,20.875000,20.750000,19.500000,19.000000,19.000000
77	6	28778	6.528000	576,1154,9414,7506,659,48822,549,59455	17.875000,17.875000,16.625000,16.250000,15.875000,15.625000,15.562500,15.500000
77	7	85393	0.341013	85393,2249,533,344,2221,49675,1524,3936	30.125000,28.875000,28.000000,21.625000,21.375000,20.500000,16.500000,16.375000
78	0	304	0.240028	304,320,659,1154,323,892,438,549	27.625000,25.375000,25.250000,23.750000,22.750000,22.625000,22.000000,22.000000
78	1	6702	4.276926	220,279,5534,6122,5768,6156,6527,6702	25.375000,23.000000,22.000000,21.875000,21.750000,21.625000,21.375000,21.375000
78	2	220	0.027815	220,315,659,323,429,279,1154,16448	29.125000,25.375000,22.875000,21.750000,21.500000,21.375000,21.125000,20.875000
78	3	17	0.000010	17,16,220,18,15,323,1154,315	28.625000,16.125000,14.687500,14.562500,14.312500,13.312500,13.312500,13.125000
78	4	15	0.000002	15,13,16,220,2624,78,198,1154	26.250000,10.312500,9.875000,9.812500,9.812500,9.562500,9.250000,9.125000
78	5	15	0.003601	15,16,17,1154,23,198,220,659	28.500000,22.875000,13.750000,13.625000,12.750000,12.062500,12.000000,11.875000
78	6	23	0.033764	23,24,22,21,19,20,18,15	25.500000,22.125000,16.250000,13.812500,13.000000,12.937500,12.625000,12.500000
78	7	659	0.079346	659,16448,323,6762,1154,2587,320,13	28.750000,25.125000,25.000000,24.250000,24.000000,23.250000,22.500000,21.750000
79	0	1260	1.497442	758,1260,425,715,4710,5301,576,220	24.750000,24.000000,23.375000,23.375000,21.250000,20.750000,20.375000,20.125000
79	1	1030	2.355553	572,1083,6342,9723,1030,58235,1221,1865	23.125000,22.375000,22.000000,22.000000,21.875000,20.875000,20.625000,20.500000
79	2	264	0.024784	264,2441,458,806,279,12783,45250,8922	28.250000,23.125000,23.000000,22.375000,21.750000,21.375000,21.375000,21.000000
79	3	45250	2.642172	3476,8640,12613,45250,8922,6388,2613,39400	23.625000,22.250000,21.625000,21.625000,21.000000,20.750000,20.625000,20.125000
79	4	3476	0.008451	3476,8640,12613,949,12425,323,3668,11094	26.125000,20.875000,18.375000,17.875000,17.875000,17.750000,17.750000,17.375000
79	5	304	0.271748	304,438,389,315,504,5619,369,448	28.875000,27.250000,26.500000,24.125000,23.375000,23.375000,21.875000,21.750000
79	6	5779	13.080856	279,220,264,576,28778,458,4013,18096	26.875000,21.500000,20.875000,20.875000,20.500000,18.750000,18.750000,18.750000
79	7	17770	0.021646	17770,315,220,9234,23921,481,12425,5479	23.125000,17.750000,17.375000,16.625000,16.500000,16.375000,15.937500,15.750000
