# model	models/mlx/NVIDIA-Nemotron-3-Nano-30B-A3B-4bit
# device	GPU
# corpus	tests/fixtures/wikitext2_excerpt.txt	tokens	301749
# chunks	128	chunk_tokens	1	topk	8	prefill	0
# columns	chunk	pos	target	nll	top_ids	top_logits
# start_token	0
# contiguous	false
0	0	20211	14.614285	59199,1256,1032,2251,1603,1050,1319,1317	12.687500,12.562500,12.187500,11.937500,11.875000,11.750000,11.750000,11.437500
1	0	1752	12.305206	109431,1046,1044,1034,2251,59199,1319,1338	14.312500,13.312500,13.187500,12.937500,12.687500,12.437500,12.125000,12.062500
2	0	1637	13.316227	1044,109431,1046,1034,59199,1338,1048,1041	13.000000,12.812500,12.687500,12.375000,12.375000,11.812500,11.750000,11.687500
3	0	1045	4.683241	109431,1044,59199,1046,1034,1048,1041,1319	13.875000,13.250000,13.125000,12.687500,12.625000,12.500000,11.937500,11.937500
4	0	1050	3.996655	1256,59199,1032,1603,1050,11,2251,1319	13.000000,12.937500,12.375000,12.250000,12.062500,11.937500,11.812500,11.750000
5	0	7637	10.189596	1034,1044,1438,1317,109431,1046,1338,2251	12.687500,12.250000,12.125000,12.000000,12.000000,11.875000,11.875000,11.687500
6	0	103920	11.596970	109431,1034,1317,1044,1046,59199,1338,2251	13.125000,12.750000,12.562500,12.500000,12.375000,11.875000,11.687500,11.562500
7	0	1376	8.037281	1044,1034,109431,1046,59199,1438,2251,1319	13.750000,13.562500,13.437500,13.125000,13.000000,12.687500,12.562500,12.500000
8	0	1267	7.323183	1256,59199,1032,1603,2251,1319,1364,1317	12.687500,12.437500,12.187500,12.062500,11.687500,11.562500,11.562500,11.187500
9	0	8263	13.938139	59199,1034,1256,1438,11,1032,2251,109431	12.437500,12.375000,12.312500,12.312500,11.687500,11.687500,11.625000,11.562500
10	0	1260	10.368208	109431,1034,1044,59199,1046,1438,1319,1041	13.875000,13.812500,13.562500,13.187500,13.000000,12.875000,12.437500,12.312500
11	0	1737	8.968542	1034,1256,1438,11,59199,1032,1044,1338	13.062500,12.812500,12.812500,12.562500,12.375000,12.187500,12.187500,12.000000
12	0	7155	10.904697	1256,59199,1032,1603,11,1364,1429,2129	14.000000,13.437500,13.312500,13.000000,12.937500,12.750000,12.375000,12.375000
13	0	2345	12.545601	1044,1046,1034,1338,1317,109431,2251,1438	13.312500,13.250000,12.937500,12.625000,12.562500,12.437500,12.375000,11.937500
14	0	1104	9.288986	1034,1046,109431,1044,59199,2251,1438,1338	13.375000,13.000000,12.875000,12.625000,12.625000,12.500000,12.312500,12.062500
15	0	1936	11.063481	1034,1044,109431,1438,1046,1317,59199,1338	13.250000,12.562500,12.312500,12.250000,12.000000,11.937500,11.812500,11.687500
16	0	7366	12.798203	109431,1044,1046,59199,1034,1048,1319,1338	13.750000,13.375000,13.000000,12.875000,12.812500,12.000000,12.000000,12.000000
17	0	3136	15.766094	1034,1044,1046,109431,1278,1338,1317,1438	12.875000,12.750000,12.500000,12.500000,12.437500,12.062500,12.000000,12.000000
18	0	20524	12.196472	1034,109431,1044,1046,1042,1438,59199,1041	13.625000,13.625000,13.312500,12.750000,12.437500,12.437500,12.062500,11.937500
19	0	6406	9.263884	1034,109431,1044,2251,1046,1438,59199,1414	13.937500,13.750000,13.375000,12.812500,12.750000,12.750000,12.625000,12.250000
20	0	71129	16.407085	1034,109431,1046,1044,1317,1338,1438,59199	13.000000,13.000000,12.750000,12.437500,12.187500,12.000000,12.000000,11.750000
21	0	14327	10.770994	1034,1044,1438,1046,2251,1321,1338,1319	13.625000,13.625000,13.187500,12.687500,12.687500,12.125000,12.125000,12.062500
22	0	3289	13.670559	109431,1034,1046,1044,59199,1438,1338,1319	13.562500,13.125000,12.937500,12.687500,12.687500,12.187500,12.000000,11.812500
23	0	17271	16.537022	1044,1046,109431,59199,1034,1048,1319,1338	13.062500,12.625000,12.562500,12.375000,12.125000,11.937500,11.687500,11.687500
24	0	13001	13.339697	109431,1044,1034,1046,1438,59199,1041,1338	13.812500,13.187500,13.000000,13.000000,12.687500,12.250000,11.937500,11.875000
25	0	1552	13.081118	109431,1034,1046,1044,1438,1338,59199,1317	13.812500,13.562500,13.125000,13.062500,12.437500,12.312500,12.312500,12.187500
26	0	1752	13.266277	109431,1044,1046,59199,1034,1319,1048,1338	13.437500,13.250000,12.875000,12.687500,12.500000,12.000000,11.937500,11.937500
27	0	1637	13.316227	1044,109431,1046,1034,59199,1338,1048,1041	13.000000,12.812500,12.687500,12.375000,12.375000,11.812500,11.750000,11.687500
28	0	1010	5.620741	109431,1044,59199,1046,1034,1048,1041,1319	13.875000,13.250000,13.125000,12.687500,12.625000,12.500000,11.937500,11.937500
29	0	7324	13.304087	1256,59199,11,1438,1032,1034,1338,109431	12.875000,12.375000,12.187500,12.187500,11.937500,11.937500,11.687500,11.625000
30	0	2683	11.822817	109431,1034,59199,1046,1044,1317,1438,1319	14.937500,13.562500,13.187500,13.000000,12.875000,12.687500,12.625000,12.250000
31	0	1260	10.170143	1034,1044,109431,1317,1046,1438,1307,1338	12.937500,12.687500,12.687500,12.250000,12.187500,12.125000,11.937500,11.812500
32	0	1737	8.968542	1034,1256,1438,11,59199,1032,1044,1338	13.062500,12.812500,12.812500,12.562500,12.375000,12.187500,12.187500,12.000000
33	0	1285	10.373447	1256,59199,1032,1603,11,1364,1429,2129	14.000000,13.437500,13.312500,13.000000,12.937500,12.750000,12.375000,12.375000
34	0	1552	12.441151	1034,109431,1317,1044,1046,1338,1408,1438	12.875000,12.812500,12.625000,12.437500,12.125000,12.062500,11.937500,11.937500
35	0	1752	13.266277	109431,1044,1046,59199,1034,1319,1048,1338	13.437500,13.250000,12.875000,12.687500,12.500000,12.000000,11.937500,11.937500
36	0	1637	13.316227	1044,109431,1046,1034,59199,1338,1048,1041	13.000000,12.812500,12.687500,12.375000,12.375000,11.812500,11.750000,11.687500
37	0	1045	4.683241	109431,1044,59199,1046,1034,1048,1041,1319	13.875000,13.250000,13.125000,12.687500,12.625000,12.500000,11.937500,11.937500
38	0	1050	3.996655	1256,59199,1032,1603,1050,11,2251,1319	13.000000,12.937500,12.375000,12.250000,12.062500,11.937500,11.812500,11.750000
39	0	1045	6.127096	1034,1044,1438,1317,109431,1046,1338,2251	12.687500,12.250000,12.125000,12.000000,12.000000,11.875000,11.875000,11.687500
40	0	3416	13.762280	1256,59199,1032,1603,1050,11,2251,1319	13.000000,12.937500,12.375000,12.250000,12.062500,11.937500,11.812500,11.750000
41	0	9332	11.023411	109431,1034,1044,1046,59199,1438,1041,1278	14.000000,13.250000,13.000000,12.750000,12.375000,12.125000,12.062500,12.062500
42	0	1049	5.338951	109431,1034,1044,1046,59199,1438,1338,1041	13.562500,13.125000,12.750000,12.687500,12.125000,11.937500,11.875000,11.812500
43	0	1010	5.317123	1034,1438,1044,59199,109431,1046,1338,2251	12.625000,12.125000,11.875000,11.875000,11.562500,11.500000,11.500000,11.312500
44	0	44149	14.225962	1256,59199,11,1438,1032,1034,1338,109431	12.875000,12.375000,12.187500,12.187500,11.937500,11.937500,11.687500,11.625000
45	0	1652	9.689829	109431,1034,1044,59199,1046,1317,1438,1414	14.562500,13.750000,13.125000,13.062500,12.812500,12.750000,12.750000,12.500000
46	0	1737	9.173991	1034,59199,1438,1256,2251,1032,11,1317	12.750000,12.500000,12.375000,12.187500,12.000000,11.937500,11.875000,11.812500
47	0	2688	9.998447	1256,59199,1032,1603,11,1364,1429,2129	14.000000,13.437500,13.312500,13.000000,12.937500,12.750000,12.375000,12.375000
48	0	1319	4.268900	109431,1044,1046,1034,1338,1041,1438,59199	13.187500,13.062500,12.937500,12.250000,12.250000,11.562500,11.562500,11.562500
49	0	1052	6.134815	1256,59199,1032,2251,1603,1317,1438,1364	12.625000,12.250000,11.687500,11.687500,11.500000,11.437500,11.437500,11.375000
50	0	1051	5.817419	1034,1046,1044,1438,109431,59199,1338,1042	12.875000,12.312500,12.250000,12.250000,12.187500,12.000000,11.875000,11.687500
51	0	1053	4.616913	1034,59199,1438,109431,1044,1046,1338,1256	12.937500,12.562500,12.500000,12.375000,12.187500,12.187500,12.000000,11.812500
52	0	1056	6.391600	1034,1044,1046,109431,1438,59199,1338,1319	12.687500,12.312500,12.250000,12.250000,12.000000,11.937500,11.750000,11.437500
53	0	12964	8.355261	1034,1044,109431,1046,59199,1438,1338,1319	12.875000,12.437500,12.375000,12.312500,12.312500,12.187500,11.875000,11.687500
54	0	1456	6.685975	1044,1046,1034,1338,109431,1041,1319,1438	13.437500,12.875000,12.375000,12.375000,12.375000,11.937500,11.875000,11.812500
55	0	93552	13.652958	1256,11,59199,1438,1032,1034,1050,2251	13.750000,12.937500,12.875000,12.750000,12.625000,12.312500,12.000000,12.000000
56	0	1293	10.214773	1034,109431,1044,1046,59199,1438,1414,2251	14.125000,13.750000,13.562500,13.500000,12.937500,12.875000,12.500000,12.312500
57	0	1737	8.728725	1256,59199,11,1032,2251,1317,1438,1034	13.250000,12.625000,12.500000,12.437500,12.250000,12.187500,12.125000,11.812500
58	0	25079	11.342197	1256,59199,1032,1603,11,1364,1429,2129	14.000000,13.437500,13.312500,13.000000,12.937500,12.750000,12.375000,12.375000
59	0	20992	13.370882	109431,1044,1034,59199,1046,1438,2251,1317	13.375000,13.125000,13.000000,12.875000,12.750000,12.687500,12.625000,12.250000
60	0	5624	9.612956	1034,1044,1046,109431,1438,1338,1317,1278	12.937500,12.625000,12.562500,12.500000,12.312500,12.187500,12.062500,11.750000
61	0	1065	7.425694	109431,1034,1438,59199,1044,1046,1050,1338	13.250000,12.875000,12.562500,12.562500,12.437500,12.437500,11.812500,11.750000
62	0	1032	4.857929	1034,1044,59199,1438,109431,1046,1041,1319	12.750000,12.312500,12.125000,12.062500,12.062500,11.937500,11.812500,11.625000
63	0	1051	4.993608	1256,59199,1032,2251,1050,1603,1317,1319	13.312500,12.500000,12.312500,12.250000,12.000000,12.000000,11.937500,11.937500
64	0	1046	3.679413	1034,59199,1438,109431,1044,1046,1338,1256	12.937500,12.562500,12.500000,12.375000,12.187500,12.187500,12.000000,11.812500
65	0	1048	5.436569	1256,59199,1034,1438,1032,2251,1338,1603	12.250000,12.125000,12.000000,11.875000,11.687500,11.625000,11.375000,11.312500
66	0	1319	4.121596	1034,1438,1044,1338,1317,1046,59199,109431	12.687500,12.375000,12.187500,11.937500,11.875000,11.812500,11.437500,11.437500
67	0	3299	13.728565	1256,59199,1032,2251,1603,1317,1438,1364	12.625000,12.250000,11.687500,11.687500,11.500000,11.437500,11.437500,11.375000
68	0	2345	11.916069	1034,1044,1046,109431,1438,59199,1042,1041	13.687500,13.312500,13.312500,13.312500,13.125000,12.750000,12.562500,12.500000
69	0	1860	15.433517	1034,1046,109431,1044,59199,2251,1438,1338	13.375000,13.000000,12.875000,12.625000,12.625000,12.500000,12.312500,12.062500
70	0	2277	12.343655	109431,1034,1044,1046,59199,1438,1319,1050	13.937500,13.562500,13.062500,13.000000,12.750000,12.437500,12.125000,12.062500
71	0	1730	12.353148	1044,1034,1046,109431,1338,1438,1319,1042	12.875000,12.562500,12.437500,12.187500,11.812500,11.625000,11.375000,11.250000
72	0	15807	14.968241	109431,1034,1044,1046,1438,59199,1338,1317	14.062500,13.437500,12.875000,12.875000,12.562500,12.312500,12.125000,12.062500
73	0	6766	11.121965	1044,1034,1046,109431,1438,1338,2251,1042	13.375000,13.062500,13.000000,12.500000,12.437500,12.187500,12.062500,12.000000
74	0	1047	4.584736	1044,1046,109431,59199,1034,1048,1041,1338	14.000000,13.625000,13.250000,13.187500,13.062500,12.687500,12.625000,12.500000
75	0	1676	11.672932	59199,1034,1319,1438,2251,1317,109431,1050	12.250000,11.812500,11.750000,11.750000,11.562500,11.500000,11.500000,11.375000
76	0	12204	15.654541	1044,109431,1046,59199,1034,1048,1053,1319	13.375000,13.125000,12.937500,12.625000,12.437500,12.375000,12.312500,12.187500
77	0	1047	6.514873	1034,1044,1046,1438,1042,1278,1317,1338	12.375000,12.312500,11.937500,11.937500,11.625000,11.500000,11.500000,11.500000
78	0	3326	11.422932	59199,1034,1319,1438,2251,1317,109431,1050	12.250000,11.812500,11.750000,11.750000,11.562500,11.500000,11.500000,11.375000
79	0	2553	7.708835	1034,109431,1044,1046,1278,1338,1438,59199	12.750000,12.750000,12.437500,12.437500,11.750000,11.750000,11.750000,11.687500
80	0	1097	9.623739	1034,109431,1046,1044,1438,59199,1338,1042	13.062500,12.937500,12.250000,12.187500,12.125000,12.062500,11.750000,11.687500
81	0	1047	6.252901	1034,1044,1046,1438,1338,109431,1319,59199	12.312500,12.125000,11.687500,11.687500,11.500000,11.500000,11.375000,11.375000
82	0	1051	5.516682	59199,1034,1319,1438,2251,1317,109431,1050	12.250000,11.812500,11.750000,11.750000,11.562500,11.500000,11.500000,11.375000
83	0	1046	3.679413	1034,59199,1438,109431,1044,1046,1338,1256	12.937500,12.562500,12.500000,12.375000,12.187500,12.187500,12.000000,11.812500
84	0	1048	5.436569	1256,59199,1034,1438,1032,2251,1338,1603	12.250000,12.125000,12.000000,11.875000,11.687500,11.625000,11.375000,11.312500
85	0	85501	14.098159	1034,1438,1044,1338,1317,1046,59199,109431	12.687500,12.375000,12.187500,11.937500,11.875000,11.812500,11.437500,11.437500
86	0	5780	13.317652	1034,1438,1042,1046,1044,59199,2251,109431	13.437500,12.937500,12.437500,12.375000,12.250000,12.250000,12.187500,12.062500
87	0	5604	15.242256	1034,109431,1317,59199,1438,1044,1408,1414	13.937500,13.750000,13.687500,13.437500,13.375000,12.937500,12.750000,12.625000
88	0	1058	4.260566	1044,1034,1046,1438,109431,1338,1041,1319	12.875000,12.750000,12.437500,12.375000,12.250000,11.875000,11.625000,11.562500
89	0	40377	12.071075	1256,59199,1603,1032,1364,2251,1429,1317	13.062500,12.625000,12.312500,12.250000,12.000000,12.000000,11.750000,11.625000
90	0	79858	14.427614	1044,1046,1034,1338,2251,109431,1438,1317	13.500000,13.375000,12.937500,12.500000,12.500000,12.375000,11.937500,11.875000
91	0	1044	2.354645	1044,1046,1034,1338,2251,1317,1438,1041	13.437500,13.125000,12.625000,12.562500,12.062500,12.000000,11.750000,11.687500
92	0	37910	9.368361	1256,59199,1032,1603,2251,1438,1034,1364	12.187500,11.875000,11.562500,11.437500,11.312500,11.250000,11.187500,11.187500
93	0	17271	14.133179	109431,1044,1034,1046,1438,2251,59199,1317	13.562500,13.500000,13.312500,12.937500,12.875000,12.875000,12.562500,12.375000
94	0	26554	8.808447	109431,1044,1034,1046,1438,59199,1041,1338	13.812500,13.187500,13.000000,13.000000,12.687500,12.250000,11.937500,11.875000
95	0	11071	9.528511	1044,1034,1046,1317,109431,1438,2251,1338	13.125000,12.750000,12.625000,12.250000,12.187500,12.125000,12.000000,11.937500
96	0	1010	5.965549	1044,1034,1046,109431,1438,59199,2251,1338	13.250000,13.062500,12.875000,12.875000,12.625000,12.562500,12.500000,12.000000
97	0	6359	9.382212	1256,59199,11,1438,1032,1034,1338,109431	12.875000,12.375000,12.187500,12.187500,11.937500,11.937500,11.687500,11.625000
98	0	1319	4.326357	1034,1438,59199,1046,1044,109431,1042,2251	13.187500,12.437500,12.437500,12.375000,12.312500,12.312500,12.000000,11.937500
99	0	1083	10.134815	1256,59199,1032,2251,1603,1317,1438,1364	12.625000,12.250000,11.687500,11.687500,11.500000,11.437500,11.437500,11.375000
100	0	1046	3.880977	1034,1044,1438,109431,59199,1046,2251,1317	13.062500,12.375000,12.312500,12.250000,12.187500,11.812500,11.812500,11.750000
101	0	10007	9.811569	1256,59199,1034,1438,1032,2251,1338,1603	12.250000,12.125000,12.000000,11.875000,11.687500,11.625000,11.375000,11.312500
102	0	1532	12.315712	109431,1034,1046,1044,11,59199,1317,1338	13.812500,13.250000,13.250000,13.000000,12.687500,12.500000,12.312500,12.312500
103	0	1044	2.715154	1044,109431,1046,1034,59199,1338,1041,1048	12.750000,12.687500,12.500000,12.062500,12.062500,11.750000,11.625000,11.625000
104	0	1464	6.712111	1256,59199,1032,1603,2251,1438,1034,1364	12.187500,11.875000,11.562500,11.437500,11.312500,11.250000,11.187500,11.187500
105	0	1046	3.373620	109431,1034,1044,1046,59199,1317,1338,1319	12.937500,12.687500,12.625000,12.437500,12.187500,12.125000,12.125000,11.937500
106	0	60018	16.303757	1256,59199,1034,1438,1032,2251,1338,1603	12.250000,12.125000,12.000000,11.875000,11.687500,11.625000,11.375000,11.312500
107	0	2140	9.907478	1034,109431,1044,1046,59199,1050,1319,2251	13.750000,13.625000,13.187500,13.187500,13.000000,12.312500,12.062500,12.062500
108	0	1550	7.651908	1044,109431,1046,1034,59199,1048,1041,1338	13.312500,13.125000,12.937500,12.625000,12.312500,12.062500,11.937500,11.937500
109	0	12336	13.331959	109431,1044,1034,59199,1046,1317,1338,1319	12.750000,12.562500,12.437500,12.250000,12.187500,11.937500,11.937500,11.750000
110	0	1277	10.842323	1044,109431,1034,1046,1438,2251,59199,1338	13.687500,13.687500,13.312500,13.187500,12.812500,12.812500,12.500000,12.250000
111	0	1044	3.228549	1034,1044,109431,1046,1278,1438,1261,1338	12.937500,12.500000,12.312500,12.250000,11.812500,11.812500,11.687500,11.687500
112	0	1434	7.774611	1256,59199,1032,1603,2251,1438,1034,1364	12.187500,11.875000,11.562500,11.437500,11.312500,11.250000,11.187500,11.187500
113	0	1046	3.708103	1034,109431,1438,59199,1044,1046,1338,2251	13.000000,12.625000,12.562500,12.562500,12.437500,12.062500,11.937500,11.812500
114	0	4493	6.686569	1256,59199,1034,1438,1032,2251,1338,1603	12.250000,12.125000,12.000000,11.875000,11.687500,11.625000,11.375000,11.312500
115	0	5757	16.356056	1034,1046,1044,1317,1438,59199,1338,2251	12.562500,12.250000,12.125000,12.062500,12.000000,12.000000,11.937500,11.812500
116	0	2251	4.494226	1034,1044,1046,109431,1338,59199,1261,1438	13.312500,13.187500,12.937500,12.875000,12.187500,12.125000,12.062500,11.937500
117	0	1429	4.291838	1256,1364,59199,1603,1032,1278,2251,2129	12.562500,12.250000,12.125000,12.062500,12.000000,12.000000,11.937500,11.875000
118	0	28218	15.201368	1256,59199,2251,1032,1603,1319,1438,1364	12.687500,12.437500,12.187500,12.000000,11.812500,11.750000,11.750000,11.687500
119	0	1335	8.560122	1034,109431,1044,59199,1046,1438,1041,1414	13.937500,13.937500,13.687500,13.250000,13.187500,13.125000,12.375000,12.312500
120	0	102817	17.327961	1034,1044,109431,59199,1317,1046,1438,1338	12.500000,12.375000,12.250000,12.187500,12.125000,12.000000,11.937500,11.875000
121	0	13064	12.507549	1034,1044,1438,109431,1046,59199,2251,1319	13.687500,13.687500,13.125000,13.125000,12.625000,12.562500,12.250000,12.187500
122	0	10773	17.097748	109431,1046,1034,1044,59199,1338,1319,2251	14.062500,13.312500,13.062500,13.000000,12.500000,12.125000,12.062500,12.062500
123	0	52928	12.979118	1044,1034,1046,1307,1438,1338,109431,2251	12.812500,12.750000,12.437500,12.375000,12.062500,11.812500,11.812500,11.500000
124	0	1897	5.900103	1044,1034,2251,1046,1438,1317,1338,1319	13.437500,12.875000,12.750000,12.687500,12.500000,12.375000,12.187500,12.000000
125	0	1032	4.111757	1034,59199,1438,2251,1032,1256,1319,1050	12.875000,12.750000,12.187500,11.687500,11.500000,11.500000,11.437500,11.250000
126	0	1050	3.931108	1256,59199,1032,2251,1050,1603,1317,1319	13.312500,12.500000,12.312500,12.250000,12.000000,12.000000,11.937500,11.937500
127	0	1048	6.064596	1034,1044,1438,1317,109431,1046,1338,2251	12.687500,12.250000,12.125000,12.000000,12.000000,11.875000,11.875000,11.687500
