# model	models/fp8/ReAligned-Qwen3.5-0.8B-FP8
# device	GPU
# corpus	tests/fixtures/wikitext2_excerpt.txt	tokens	297312
# chunks	2	chunk_tokens	256	topk	8	prefill	0
# columns	chunk	pos	target	nll	top_ids	top_logits
# start_token	0
# contiguous	false
0	0	40712	13.790165	271,198,220,760,16,17,561,18	11.562500,10.500000,9.750000,9.687500,9.625000,9.250000,9.125000,8.937500
0	1	275	3.024553	284,564,275,78286,667,14921,26504,258	17.750000,16.125000,15.562500,15.562500,15.125000,15.062500,15.000000,14.625000
0	2	419	1.121532	419,325,445,1687,28587,2181,2293,32284	18.000000,17.250000,16.125000,15.875000,15.437500,15.125000,15.062500,14.687500
0	3	12	5.608587	271,198,11,25,283,220,314,471	15.187500,14.562500,14.312500,14.250000,14.062500,13.250000,13.125000,12.562500
0	4	17	3.348923	16,17,3900,7048,198,18,2247,271	14.250000,13.875000,13.312500,13.187500,12.937500,12.875000,12.812500,12.687500
0	5	3284	11.233057	15,13,198,271,11,25,16,19	16.250000,15.312500,14.562500,14.562500,14.312500,13.812500,13.750000,13.625000
0	6	73146	7.326942	11206,198,220,271,20337,364,44487,25	15.375000,14.937500,14.750000,14.500000,14.000000,13.812500,13.687500,13.625000
0	7	283	3.613091	271,198,11,318,25,220,364,471	15.687500,15.437500,14.500000,14.312500,14.187500,14.062500,14.062500,13.687500
0	8	271	1.293354	198,271,40712,220,283,735,11,318	15.375000,15.000000,13.625000,12.250000,11.812500,11.750000,11.687500,11.625000
0	9	3488	6.345547	80638,2,8442,410,760,1919,28,550	13.937500,13.812500,13.187500,12.812500,12.812500,12.812500,12.750000,12.625000
0	10	257	9.461941	25,198,283,271,314,28,999,1970	17.500000,15.000000,15.000000,14.750000,14.687500,14.625000,13.812500,13.375000
0	11	535	1.846598	283,535,735,197,2793,498,3855,8483	15.000000,14.875000,14.312500,13.812500,13.437500,13.312500,13.187500,13.000000
0	12	3577	4.009141	40712,220,3577,256,198,25737,498,93824	14.875000,12.187500,11.312500,11.125000,11.000000,11.000000,10.750000,10.625000
0	13	1074	0.001490	1074,14879,25,198,271,13963,320,78956	23.125000,14.875000,14.687500,14.500000,13.937500,13.812500,13.375000,13.312500
0	14	71	7.000572	2068,5039,46824,28737,13715,268,1006,12513	19.125000,19.125000,17.750000,17.250000,17.125000,17.000000,17.000000,16.375000
0	15	34098	1.181499	34098,17,1524,57296,743,15277,32389,340	18.500000,16.375000,15.687500,15.437500,15.250000,15.000000,15.000000,14.875000
0	16	1509	0.012503	1509,28137,69,21497,3460,18036,12,15802	22.625000,17.625000,15.312500,15.125000,14.937500,14.687500,14.562500,14.562500
0	17	6616	0.022564	6616,877,1676,10699,2741,12,920,64406	21.125000,16.500000,15.000000,14.875000,13.937500,13.812500,13.562500,13.500000
0	18	3336	0.567036	3336,14,25137,10195,2805,25880,52562,12785	18.875000,17.125000,16.500000,15.937500,15.875000,15.812500,15.312500,14.875000
0	19	74027	0.012499	74027,8110,2028,14,2992,23077,18760,956	23.750000,18.750000,16.500000,16.250000,16.125000,15.500000,15.375000,15.312500
0	20	11046	5.514082	14,3336,7294,3082,5350,4291,22629,30064	19.250000,17.500000,17.375000,17.250000,17.250000,17.125000,16.750000,16.750000
0	21	3703	5.472618	86,329,24612,316,718,308,7642,429	16.125000,15.625000,15.625000,15.437500,15.187500,15.125000,14.875000,14.812500
0	22	8566	3.524790	14,1461,329,8566,11965,7642,1068,11046	15.937500,15.687500,15.375000,15.375000,15.187500,15.125000,14.812500,14.687500
0	23	6125	7.000265	14,86538,12,2198,39,11046,26539,16240	16.750000,15.875000,15.625000,15.250000,14.937500,14.875000,14.875000,14.750000
0	24	58366	0.048973	58366,1524,30541,7969,14207,155448,14507,94041	25.375000,22.000000,21.000000,17.750000,17.125000,17.125000,17.000000,16.500000
0	25	419	0.018333	419,325,467,2180,431,294,87,22759	25.875000,21.750000,18.625000,18.625000,17.250000,16.625000,16.250000,16.250000
0	26	198	4.921570	12,17,16347,198,271,62,14,1284	21.375000,19.250000,17.250000,16.625000,16.500000,15.937500,15.500000,14.875000
0	27	68197	8.175028	32258,1652,13410,5460,3488,7601,6910,11049	16.875000,16.625000,16.625000,16.250000,15.500000,15.500000,15.375000,15.312500
0	28	257	1.123922	257,25,262,406,256,535,220,283	18.125000,17.625000,16.750000,16.750000,16.500000,16.500000,16.375000,16.000000
0	29	535	0.000994	535,283,80093,170592,735,29383,220,208683	23.250000,15.750000,14.000000,13.062500,12.812500,12.687500,12.375000,12.375000
0	30	168556	3.393840	3577,220,288,1228,40712,93824,168556,3284	12.375000,12.125000,12.125000,11.687500,11.687500,11.625000,11.375000,11.312500
0	31	419	0.011110	419,325,198,467,271,1620,4967,22759	23.000000,18.125000,15.375000,14.875000,14.312500,14.062500,14.000000,13.812500
0	32	12	2.003836	198,12,271,17,11,16347,318,28	17.375000,16.375000,16.250000,16.000000,15.000000,14.312500,14.000000,13.750000
0	33	17	0.058619	17,16,15,18,1006,198,20,19	22.250000,18.750000,17.250000,16.625000,16.000000,15.625000,15.437500,15.187500
0	34	12	5.328527	198,271,16347,1228,1358,11,318,4306	17.375000,16.375000,16.000000,15.312500,14.250000,14.187500,14.187500,13.562500
0	35	1006	3.061523	16,17,15,1006,18,20,28168,14992	18.125000,18.125000,17.000000,16.750000,16.500000,16.250000,16.000000,15.562500
0	36	8015	5.923130	198,271,11,1358,12,318,16347,13545	18.750000,17.750000,16.250000,15.500000,14.937500,14.687500,14.437500,14.187500
0	37	16	0.931389	16,17,18,15,19,20,21,22	20.875000,20.750000,19.375000,19.000000,18.250000,17.500000,17.500000,17.375000
0	38	198	0.567593	198,271,13,11,15,1358,318,12	18.875000,17.875000,16.750000,15.875000,15.187500,15.125000,14.625000,14.500000
0	39	19580	6.117743	5460,13410,1652,32258,3925,6065,3214,3488	17.000000,17.000000,16.625000,16.625000,16.000000,16.000000,15.812500,15.750000
0	40	406	3.418106	257,950,455,406,1235,256,262,260	19.375000,16.500000,16.375000,16.250000,16.250000,15.750000,15.687500,15.437500
0	41	535	0.000328	535,735,80093,283,318,220,593,170592	24.375000,15.125000,14.312500,14.125000,13.562500,13.312500,13.125000,12.687500
0	42	1228	3.360810	168556,6891,220,1228,4055,6507,498,198	13.312500,12.875000,12.500000,11.812500,11.375000,11.312500,10.937500,10.750000
0	43	318	5.337749	198,271,1358,16551,11,12,723,23342	19.000000,18.125000,16.250000,15.812500,15.750000,15.000000,14.750000,14.625000
0	44	19	4.965937	16,17,1006,85,1877,20,15,354	16.500000,16.250000,16.250000,15.937500,15.562500,15.500000,15.250000,15.187500
0	45	18	2.802553	15,20,8,17,18,24,16,22	17.625000,16.750000,16.500000,16.500000,16.375000,16.375000,16.250000,16.250000
0	46	20	2.627527	15,18,11,16,17,20,22,21	16.625000,16.500000,16.375000,16.250000,16.250000,16.250000,16.250000,16.125000
0	47	23	3.316555	11,8,15,18,20,21,19,22	16.750000,16.250000,16.125000,15.812500,15.625000,15.625000,15.562500,15.500000
0	48	6761	5.719318	8,18,15,20,21,19,16,22	16.500000,15.500000,15.375000,15.375000,15.375000,15.312500,15.250000,15.187500
0	49	8	0.226120	8,11,681,314,26,593,791,14	20.625000,18.375000,17.125000,17.000000,16.125000,16.125000,15.937500,15.437500
0	50	198	0.511082	198,271,1358,735,987,318,248046,220	20.625000,20.000000,18.125000,16.375000,15.562500,14.750000,14.687500,14.500000
0	51	9535	7.439671	13410,1652,3925,32258,19580,4935,5460,5786	16.000000,15.625000,15.625000,15.625000,15.437500,14.937500,14.937500,14.875000
0	52	262	1.159054	257,262,256,406,220,25,535,950	20.125000,19.750000,18.625000,18.000000,17.750000,16.375000,15.687500,15.312500
0	53	535	0.001438	535,283,80093,170592,318,1610,14435,29383	22.750000,15.625000,14.062500,12.687500,12.500000,12.125000,11.937500,11.937500
0	54	13142	1.327665	14435,13142,8644,23502,3577,1188,569,2968	14.375000,14.312500,12.875000,12.500000,12.187500,11.562500,11.312500,11.250000
0	55	7466	2.691240	7428,15,7466,220,198,12,539,271	17.750000,16.750000,15.562500,14.437500,14.250000,13.937500,13.437500,13.000000
0	56	89032	1.051212	220,89032,12,198,16101,471,19448,271	18.625000,18.375000,17.500000,15.125000,14.500000,14.437500,14.250000,13.875000
0	57	220	0.103216	220,198,12,271,318,13,11,14	19.875000,17.000000,16.000000,15.625000,14.062500,13.937500,13.875000,13.312500
0	58	18	2.585800	19,18,17,16,20,220,15,23	23.375000,20.875000,18.125000,16.375000,15.750000,15.250000,14.937500,14.312500
0	59	13	0.000957	13,198,271,318,11,12,15,1926	22.875000,15.125000,14.562500,12.875000,12.750000,12.437500,11.312500,11.250000
0	60	15	0.000605	15,198,271,318,20,220,18,17	23.875000,15.687500,15.312500,13.562500,13.125000,12.562500,12.000000,11.750000
0	61	318	3.116991	198,271,318,1358,11,220,248046,593	18.375000,17.875000,15.875000,15.562500,14.312500,14.062500,13.625000,13.062500
0	62	2349	2.813467	3580,60824,2349,19064,17785,1743,6082,4058	17.250000,16.625000,16.250000,15.375000,14.937500,14.812500,14.750000,14.687500
0	63	1074	0.000217	1074,8,25,14879,78956,82292,681,50385	26.000000,16.500000,15.937500,15.000000,14.750000,14.625000,13.750000,13.625000
0	64	82292	0.494457	82292,71,5039,2068,42932,1006,2428,15547	21.000000,19.750000,18.875000,18.375000,17.625000,17.250000,16.125000,15.500000
0	65	2572	0.008055	2572,877,24770,13,43540,25629,47476,50836	19.750000,13.062500,12.750000,12.625000,11.687500,11.062500,11.000000,10.937500
0	66	6754	0.918697	21363,6754,14,42530,65450,20421,32793,24571	22.125000,21.750000,17.250000,17.000000,16.750000,15.875000,15.437500,15.375000
0	67	65450	0.022766	65450,15797,14,3359,2805,21363,82225,7466	24.000000,20.000000,17.000000,16.875000,15.937500,15.875000,15.875000,15.812500
0	68	1284	0.026009	1284,12,89032,8808,14,2600,64201,31925	25.250000,21.000000,20.125000,19.625000,18.875000,16.375000,16.250000,15.312500
0	69	64	0.000444	64,14,667,895,3331,2770,450,18	25.000000,15.125000,14.937500,14.937500,14.687500,14.437500,14.250000,14.187500
0	70	14	0.033045	14,12,18,220,13,198,2805,2600	24.875000,21.375000,18.500000,17.250000,17.000000,16.500000,15.250000,15.187500
0	71	18	0.023640	18,19,198,271,17,20,220,2349	26.125000,22.375000,17.625000,16.500000,15.750000,15.437500,15.125000,13.875000
0	72	13	0.000063	13,14,198,271,12,4665,5161,8	25.875000,15.500000,13.937500,13.312500,12.937500,12.312500,12.250000,11.812500
0	73	15	0.000002	15,198,271,20,18,16,17,19	30.750000,17.375000,16.500000,15.062500,13.937500,13.687500,13.000000,12.875000
0	74	49097	1.991407	14,8,49097,21849,45466,13,13213,60327	19.375000,18.375000,18.000000,16.875000,15.750000,15.437500,14.875000,14.562500
0	75	198	0.917603	271,198,1358,318,220,283,248046,987	19.125000,19.000000,17.375000,16.375000,14.687500,14.500000,14.500000,14.250000
0	76	19064	5.550123	6910,13410,28,9535,5460,32258,3044,1851	16.125000,16.125000,15.437500,15.187500,15.062500,15.000000,14.937500,14.875000
0	77	1434	0.115877	1434,2686,4676,5738,3844,84,257,406	21.000000,17.500000,17.250000,16.500000,16.125000,15.875000,15.875000,15.500000
0	78	25	3.048111	262,257,256,220,25,198,406,1811	17.375000,15.937500,15.812500,15.625000,15.125000,14.625000,14.562500,13.750000
0	79	25737	5.290694	1061,198,220,3577,271,283,328,561	13.500000,13.437500,13.250000,12.875000,12.812500,12.125000,11.812500,11.812500
0	80	19726	3.327570	271,11,318,198,2572,369,19726,13	14.937500,14.500000,14.187500,14.000000,13.812500,13.750000,13.375000,13.187500
0	81	11	1.321507	11,13,271,318,198,321,310,220	17.125000,16.625000,16.625000,16.250000,15.562500,15.125000,14.937500,14.187500
0	82	78144	7.852649	220,86748,328,25737,321,3577,411,852	14.375000,13.625000,13.250000,13.062500,12.750000,12.375000,12.125000,12.062500
0	83	14791	7.103559	13,11,877,271,198,318,12661,4736	15.312500,15.187500,15.125000,14.937500,14.375000,14.312500,13.437500,12.062500
0	84	8061	3.853064	11,13,271,198,318,23786,8061,321	16.000000,15.750000,15.750000,14.812500,14.375000,13.875000,13.750000,13.625000
0	85	198	3.029331	11,13,271,198,7659,318,9681,321	16.875000,16.500000,16.125000,15.062500,14.875000,14.750000,14.500000,14.375000
0	86	1734	7.713827	28,1851,6910,19064,3488,9535,13155,13410	15.062500,15.062500,14.625000,14.437500,14.250000,14.125000,14.062500,14.062500
0	87	318	1.278160	318,1116,321,3577,535,86748,220,735	15.062500,13.562500,13.250000,13.187500,13.125000,12.937500,12.812500,12.687500
0	88	50	5.529900	2349,17,34246,429,66,3580,13155,34	18.125000,18.000000,16.000000,15.937500,15.625000,15.375000,15.000000,14.875000
0	89	13	3.789005	3703,1119,2492,62427,905,11122,51601,1846	15.937500,15.750000,15.687500,15.437500,15.250000,15.187500,14.937500,14.750000
0	90	8490	7.554779	357,15363,457,423,462,417,436,326	12.125000,12.062500,11.625000,11.250000,11.250000,11.187500,11.187500,11.125000
0	91	477	5.772373	22369,372,452,3204,273,89,15806,1341	18.500000,18.000000,17.875000,17.875000,17.500000,17.250000,17.000000,16.750000
0	92	11	0.850250	11,1778,8,321,594,681,553,26	16.375000,15.500000,14.062500,14.062500,13.750000,13.250000,13.187500,12.937500
0	93	443	4.000769	326,357,380,414,604,1778,345,351	15.000000,14.312500,13.687500,13.687500,13.625000,13.437500,13.312500,13.187500
0	94	13	0.025797	13,782,3389,707,849,881,11024,2487	20.375000,13.750000,13.562500,13.500000,13.250000,13.000000,13.000000,12.812500
0	95	47599	8.485851	8490,710,326,462,380,414,443,423	12.312500,11.750000,11.625000,11.562500,11.312500,11.312500,11.187500,11.125000
0	96	786	3.773083	258,17281,276,570,1413,5385,7509,2075	18.125000,17.750000,17.625000,17.250000,17.125000,17.125000,17.125000,17.000000
0	97	80114	10.546247	11,8,38808,710,1778,553,60641,681	16.875000,14.062500,13.312500,12.625000,12.625000,12.375000,12.375000,12.187500
0	98	27221	4.031986	2692,29892,394,86,4084,5880,2813,926	17.625000,17.500000,16.625000,16.375000,16.125000,16.125000,16.000000,15.937500
0	99	11	0.169838	11,8,321,1778,553,681,594,198	19.000000,15.875000,14.562500,14.500000,14.250000,14.000000,13.562500,13.500000
0	100	423	2.973938	326,357,380,414,443,321,423,604	15.250000,15.187500,14.750000,14.625000,14.562500,14.500000,14.375000,14.375000
0	101	13	0.038975	13,3389,782,881,849,11024,1275,1034	20.125000,14.562500,14.375000,14.125000,14.000000,13.937500,13.750000,13.687500
0	102	1987	7.619357	326,1369,710,423,380,414,357,629	12.000000,11.937500,11.875000,11.625000,11.500000,11.437500,11.312500,11.187500
0	103	8762	3.818012	3943,4084,11527,626,17422,9623,5429,5834	16.750000,16.125000,15.687500,15.562500,15.500000,15.375000,15.125000,14.875000
0	104	1892	12.280231	11,8,72,681,553,321,1778,198	18.625000,16.000000,14.750000,14.375000,14.312500,14.125000,14.000000,13.812500
0	105	328	2.123149	220,328,25737,3577,198,86748,1001,326	13.687500,13.375000,12.875000,12.750000,12.312500,12.000000,11.937500,11.562500
0	106	8811	14.558367	54,80638,760,52089,32,50,1596,2198	18.250000,18.000000,17.875000,16.625000,16.375000,15.250000,15.187500,15.187500
0	107	54894	11.651863	310,5792,1657,198,58303,12,470,1	15.250000,14.437500,13.875000,13.750000,13.687500,13.500000,13.437500,13.375000
0	108	380	9.618851	25,1,487,198,220,871,364,1288	16.500000,16.375000,16.000000,15.062500,14.562500,14.500000,14.375000,14.187500
0	109	12370	5.007351	22318,92007,43294,2345,36604,17,1908,8698	15.250000,15.000000,14.937500,14.437500,14.375000,14.250000,14.187500,13.812500
0	110	26012	4.367964	314,9124,1,4744,198,25,487,364	16.250000,15.937500,15.687500,15.625000,15.062500,14.562500,14.500000,14.312500
0	111	487	2.940407	364,25,1,198,487,871,321,13	18.250000,17.625000,17.250000,17.000000,16.500000,16.500000,15.875000,15.437500
0	112	220	1.500732	220,198,771,695,328,197455,3577,604	14.562500,14.375000,13.125000,13.000000,12.812500,12.625000,12.562500,11.750000
0	113	17	0.218990	17,16,328,220,3577,18,19,20	17.625000,14.312500,13.687500,13.500000,13.375000,13.250000,12.437500,12.250000
0	114	15	0.005550	15,17,302,16,20,18,19,13	21.750000,14.562500,14.500000,14.375000,14.375000,14.187500,14.187500,13.687500
0	115	16	3.176165	17,16,15,18,198,13,337,220	20.875000,17.750000,15.625000,13.312500,12.187500,11.625000,11.625000,11.562500
0	116	21	2.441692	24,23,22,21,20,19,18,17	20.000000,19.625000,19.125000,18.625000,18.250000,17.750000,17.625000,17.375000
0	117	8	0.594934	8,553,11,13,681,26,198,271	18.750000,17.375000,16.875000,16.500000,16.375000,15.187500,15.062500,15.062500
0	118	198	1.081491	271,198,1358,318,987,220,1892,248046	18.750000,18.375000,17.125000,14.562500,14.375000,14.187500,14.125000,13.687500
0	119	1734	1.025326	1734,6910,309,28,3488,8589,9535,30672	17.250000,15.312500,14.687500,14.625000,14.250000,14.000000,13.937500,13.875000
0	120	37886	9.977909	318,328,1892,321,3577,361,7013,25737	17.250000,14.250000,14.250000,13.937500,13.625000,12.437500,12.375000,12.250000
0	121	3575	11.666096	25,369,7419,198,8483,3855,318,364	15.937500,14.562500,14.250000,13.937500,13.812500,13.750000,13.625000,13.562500
0	122	25	1.148243	25,198,11,318,494,13,271,283	17.750000,16.500000,16.000000,15.875000,15.875000,15.812500,15.812500,15.250000
0	123	3577	0.484863	3577,328,198,220,498,271,361,25737	15.937500,13.687500,13.375000,13.187500,12.500000,12.000000,12.000000,11.875000
0	124	1074	0.000126	1074,14879,25,78956,198,320,271,13963	26.125000,15.750000,15.375000,15.375000,14.187500,14.062500,13.812500,13.562500
0	125	71	0.872082	71,5039,2068,1006,277,13715,46192,63335	20.500000,19.750000,19.125000,17.500000,17.375000,17.375000,16.250000,16.250000
0	126	34098	0.000786	34098,743,2511,15277,386,3720,8714,463	25.875000,16.875000,16.625000,16.375000,16.000000,16.000000,15.875000,15.125000
0	127	1509	0.000360	1509,28137,15802,59965,7364,18036,3460,1916	28.125000,19.000000,18.250000,18.250000,18.125000,17.750000,16.875000,16.625000
0	128	6616	0.000080	6616,10699,877,1676,2572,4909,920,4106	26.500000,15.437500,15.125000,14.937500,13.875000,13.750000,13.625000,13.562500
0	129	3336	0.530958	3336,25137,14,25880,2805,14520,10195,32793	20.625000,18.750000,18.500000,18.375000,17.750000,16.875000,16.500000,16.500000
0	130	74027	0.001417	74027,8110,23077,17456,18760,16910,2028,1159	28.625000,22.000000,19.000000,17.125000,15.562500,14.937500,14.875000,14.687500
0	131	11046	0.073215	11046,14,2600,10052,21487,198,6125,3336	22.750000,19.500000,18.250000,16.750000,16.750000,16.375000,16.375000,15.875000
0	132	3703	0.000082	3703,1519,2283,28094,65831,70779,34246,278	29.625000,19.500000,18.500000,17.875000,17.000000,16.500000,16.250000,15.812500
0	133	8566	0.000978	8566,395,47164,77440,23357,7669,23485,48950	27.000000,18.375000,18.375000,17.375000,17.250000,17.000000,16.250000,16.250000
0	134	6125	0.025051	6125,14,198,3336,21487,271,24690,2600	23.625000,19.000000,17.750000,17.250000,17.250000,17.125000,16.500000,16.375000
0	135	58366	0.000069	58366,1524,30541,14507,231390,158408,173456,155448	29.750000,19.125000,18.125000,18.000000,17.375000,17.125000,17.000000,16.875000
0	136	419	0.000656	419,325,431,2180,22759,467,63871,294	29.125000,21.125000,20.750000,18.500000,17.875000,17.750000,17.000000,16.625000
0	137	271	1.614508	198,271,33673,12,14,24690,60854,30	18.375000,18.000000,17.750000,17.125000,17.125000,16.250000,16.000000,15.562500
0	138	32133	13.153046	3488,28,2,80638,760,1919,550,8442	15.250000,15.000000,14.875000,14.500000,14.125000,13.937500,13.875000,13.812500
0	139	406	3.863440	257,25,220,314,283,198,256,279	15.312500,15.000000,14.937500,14.375000,14.125000,14.000000,13.937500,13.687500
0	140	535	0.020327	535,283,318,220,735,498,494,653	20.625000,15.375000,14.875000,14.500000,14.125000,13.625000,13.000000,13.000000
0	141	2400	6.160871	220,168556,1228,498,328,3577,3284,318	14.187500,13.562500,12.687500,12.437500,12.187500,11.750000,11.625000,11.187500
0	142	1228	5.146238	198,271,318,10031,1358,11,12,9067	16.750000,16.125000,15.937500,14.125000,13.937500,13.812500,13.187500,13.125000
0	143	6507	3.022430	198,716,318,271,6507,795,10031,40701	18.125000,18.125000,18.000000,17.875000,16.750000,16.625000,16.500000,15.875000
0	144	318	1.422588	271,198,318,1358,11,220,283,314	19.125000,19.000000,18.875000,17.500000,16.750000,15.750000,15.312500,14.875000
0	145	528	4.678305	19,16,17,20,18,1006,2083,8610	20.750000,18.500000,17.500000,17.000000,16.750000,16.750000,16.750000,16.625000
0	146	220	1.420118	220,6761,1228,7890,168556,314,795,279	17.125000,17.125000,15.875000,15.750000,14.937500,14.687500,14.625000,14.562500
0	147	19	0.062265	19,16,17,20,18,22,23,21	23.000000,19.250000,18.625000,18.000000,17.875000,17.625000,17.625000,17.250000
0	148	18	0.024599	18,15,20,6761,19,21,11,17	21.500000,16.125000,15.875000,15.750000,15.375000,15.125000,14.625000,14.625000
0	149	20	0.011007	20,11,21,15,23,17,18,22	22.750000,17.500000,16.125000,15.375000,15.375000,15.125000,15.000000,15.000000
0	150	23	0.003046	23,22,24,21,20,19,6761,11	24.250000,17.750000,16.625000,16.250000,15.437500,15.062500,15.062500,14.937500
0	151	6761	0.143211	6761,1228,10156,8,3470,9989,168556,6813	19.625000,16.750000,15.250000,15.187500,14.437500,14.250000,14.187500,14.125000
0	152	94170	10.298197	8,11,314,681,303,494,513,553	22.125000,18.625000,18.250000,17.625000,17.125000,17.125000,16.625000,16.250000
0	153	8	0.585289	8,3658,1083,440,303,11,321,430	21.000000,19.750000,19.250000,18.125000,18.000000,17.750000,17.625000,17.250000
0	154	198	0.681177	198,271,1358,987,283,248046,318,220	20.625000,20.250000,19.125000,16.375000,15.687500,15.312500,15.250000,14.437500
0	155	38	8.040215	19580,4935,2198,13410,32258,6196,1652,27385	16.375000,15.625000,15.437500,15.437500,15.375000,14.937500,14.875000,14.875000
0	156	2737	2.390459	1792,2737,9100,566,2538,6013,2456,51763	16.250000,15.875000,15.062500,14.937500,14.937500,14.812500,14.312500,14.250000
0	157	12	0.776905	12,19,18,257,17,262,4744,260	17.875000,16.500000,16.125000,15.687500,15.625000,14.812500,14.625000,14.500000
0	158	17	1.796812	18,19,17,16,94480,15,198,1652	21.000000,20.500000,19.875000,16.250000,14.687500,14.187500,14.187500,14.000000
0	159	417	7.313269	257,950,4744,406,260,25,285,220	15.875000,15.500000,14.937500,14.687500,14.562500,14.062500,14.062500,13.937500
0	160	1679	4.479761	3290,220,48,25,198,406,48148,2191	16.000000,14.875000,14.312500,13.937500,13.937500,13.750000,13.750000,13.687500
0	161	10885	6.062620	257,9372,256,198,283,220,271,4744	15.687500,14.937500,14.812500,14.687500,14.687500,14.000000,13.750000,13.750000
0	162	318	2.770445	25,283,257,198,318,406,262,256	17.625000,17.250000,16.750000,16.375000,16.375000,16.375000,16.125000,15.937500
0	163	155023	10.085913	16,17,19,33,18,20,692,1445	17.875000,17.500000,17.125000,16.875000,16.750000,16.625000,16.375000,16.375000
0	164	5658	0.527231	5658,17,85,89,28627,294,2308,349	18.000000,15.500000,15.250000,15.062500,15.062500,14.687500,14.125000,13.875000
0	165	1590	1.607052	8,1590,44424,11,25,1402,220,5792	17.625000,16.750000,15.250000,15.125000,14.375000,14.062500,13.500000,13.437500
0	166	220	1.121149	220,198,498,3577,271,695,328,83198	14.750000,13.687500,13.125000,12.687500,12.500000,12.125000,11.812500,11.812500
0	167	17	1.855200	16,17,19,18,20,21,22,24	17.250000,16.750000,16.625000,16.375000,16.125000,15.812500,15.437500,15.312500
0	168	23	2.774487	15,18,20,16,19,17,21,22	18.250000,18.125000,18.000000,17.875000,17.875000,17.750000,17.750000,17.625000
0	169	18	2.273325	11,15,18,19,20,21,22,24	17.000000,17.000000,17.000000,16.875000,16.875000,16.750000,16.750000,16.750000
0	170	17	2.568893	11,18,22,17,19,20,21,24	17.125000,16.875000,16.750000,16.625000,16.625000,16.625000,16.625000,16.500000
0	171	23	2.576754	15,18,19,20,21,23,198,10885	16.875000,16.875000,16.875000,16.750000,16.750000,16.750000,16.750000,16.625000
0	172	22	3.075182	198,10885,19,271,15,18,21,23	17.250000,17.250000,16.250000,16.250000,16.125000,16.000000,16.000000,16.000000
0	173	198	1.745701	198,10885,271,19,21,20,22,23	17.250000,16.875000,16.375000,16.250000,16.250000,16.125000,16.125000,16.000000
0	174	1597	9.763271	38,3214,7354,28341,33,81646,36196,5786	18.000000,15.000000,15.000000,14.875000,14.812500,14.437500,14.187500,14.062500
0	175	387	9.786430	1285,1877,1463,289,8367,85080,44675,1893	15.625000,15.437500,14.562500,14.125000,14.125000,13.500000,13.437500,13.250000
0	176	2822	6.344698	4568,69843,12,17,16,1679,2737,21276	16.500000,15.375000,14.875000,14.750000,14.687500,14.500000,14.500000,14.312500
0	177	68126	14.696667	25,318,283,220,11,28,535,198	17.875000,16.250000,15.937500,15.187500,15.062500,14.875000,14.500000,14.312500
0	178	15080	4.355808	3962,50,25,283,220,318,62,28	16.000000,15.125000,14.937500,13.687500,13.625000,13.625000,13.437500,13.062500
0	179	28	2.118553	25,283,28,220,318,535,11,6592	16.375000,15.625000,15.375000,15.062500,14.562500,14.187500,13.687500,13.250000
0	180	19	2.578979	16,17,20,18,19,21,23,15	20.000000,19.125000,18.750000,18.375000,18.375000,18.125000,18.000000,17.750000
0	181	15	0.996487	15,18,20,11,23,17,25,198	18.625000,17.875000,17.125000,16.875000,16.625000,16.250000,16.250000,16.000000
0	182	24	0.461365	24,15,11,25,198,318,19,271	19.375000,18.500000,16.500000,15.687500,15.500000,14.312500,14.250000,13.937500
0	183	21	0.028675	21,22,23,24,20,11,17,15	21.625000,16.875000,16.000000,15.937500,15.875000,15.500000,14.937500,14.812500
0	184	411	7.965633	11,198,25,271,318,15,10885,321	16.875000,16.500000,16.375000,15.375000,15.125000,14.937500,14.375000,14.312500
0	185	34237	3.753960	369,11540,6507,10031,15511,25,6486,34237	16.875000,16.625000,15.937500,15.250000,15.187500,15.062500,15.000000,14.937500
0	186	220	0.628601	220,25,264,3835,387,449,12805,883	18.250000,17.125000,16.500000,15.812500,14.750000,14.437500,14.312500,14.250000
0	187	21	2.905806	16,17,19,18,20,21,22,24	20.125000,19.750000,19.625000,19.125000,18.750000,18.500000,18.375000,18.125000
0	188	24	2.560589	18,15,20,19,21,22,23,24	17.625000,17.500000,17.500000,17.375000,17.375000,17.375000,17.375000,17.250000
0	189	2397	13.410572	18,15,20,21,22,24,17,19	17.125000,17.000000,17.000000,17.000000,17.000000,17.000000,16.875000,16.875000
0	190	27335	4.254438	35704,38127,12,9885,58883,5331,33686,1676	18.625000,18.125000,17.750000,16.875000,16.625000,16.250000,16.250000,16.125000
0	191	87502	0.023691	87502,75,15486,86635,323,6501,1805,2631	24.125000,19.500000,19.375000,18.750000,13.875000,13.875000,13.812500,13.812500
0	192	25903	0.710369	25903,10885,387,417,11540,220,9714,20006	16.875000,15.062500,14.437500,14.187500,14.125000,14.000000,13.875000,13.750000
0	193	11	2.533178	314,13,198,11,271,318,791,25	19.875000,19.000000,18.875000,18.375000,18.125000,18.125000,17.750000,17.125000
0	194	198	1.975847	1754,198,220,440,321,864,694,748	18.375000,17.625000,17.375000,17.000000,16.750000,16.375000,15.562500,15.562500
0	195	18822	13.778950	9264,266,429,38,262,220,309,1025	17.000000,15.875000,15.812500,15.625000,15.625000,15.562500,15.562500,15.437500
0	196	2752	0.292231	2752,470,286,10980,82,314,364,290	21.125000,19.875000,17.625000,15.250000,15.000000,14.562500,14.562500,14.375000
0	197	46306	4.833450	17661,2785,3213,25504,11256,6507,303,61674	16.750000,16.375000,15.937500,15.562500,15.500000,15.250000,15.000000,14.937500
0	198	279	0.638956	279,220,264,387,1004,13852,5129,25737	17.500000,16.625000,15.000000,14.812500,14.500000,13.437500,13.125000,13.062500
0	199	220	1.087296	220,387,3798,13852,328,6966,5129,11540	16.375000,14.500000,14.312500,13.937500,13.500000,13.500000,13.437500,13.437500
0	200	17	1.907700	19,16,17,21,18,20,23,22	21.375000,21.000000,20.625000,20.375000,20.000000,19.750000,19.250000,18.375000
0	201	15	1.080278	15,20,23,18,17,19,16,21	19.000000,18.625000,17.875000,16.875000,16.750000,16.750000,16.625000,16.250000
0	202	11249	6.101921	15,24,19,17,12,4,11,16	18.125000,16.875000,16.750000,15.687500,15.437500,15.312500,14.937500,14.750000
0	203	3022	0.102989	3022,14852,663,526,14778,77176,2780,15366	22.500000,19.750000,18.500000,17.250000,16.625000,16.625000,16.500000,15.562500
0	204	15808	3.195988	3798,11823,15808,6507,791,7776,11540,1331	18.250000,16.375000,15.812500,15.500000,14.937500,14.812500,14.812500,14.750000
0	205	314	2.979107	13,364,314,318,11,198,271,494	20.500000,20.000000,18.375000,18.375000,18.125000,18.125000,18.125000,17.125000
0	206	279	0.877787	279,220,498,387,411,25737,1004,3577	14.937500,12.812500,12.625000,12.562500,12.375000,12.250000,12.187500,11.687500
0	207	417	6.278308	1228,3889,5392,387,25737,220,198,27502	13.937500,13.187500,13.187500,12.687500,12.687500,12.625000,12.500000,12.375000
0	208	18	9.962849	1679,3290,4262,2737,1537,2456,6277,3191	21.500000,17.000000,17.000000,16.375000,15.812500,15.812500,15.500000,15.312500
0	209	4131	9.876171	27502,13,17,15,1228,1558,5392,16	14.750000,14.687500,14.687500,14.625000,14.625000,14.625000,14.562500,14.312500
0	210	17587	7.579762	17723,27502,5284,5129,12521,198,16243,34765	16.750000,16.750000,16.375000,16.250000,15.937500,15.812500,15.812500,15.437500
0	211	13	0.440302	13,198,18291,11,271,318,303,364	19.750000,17.750000,17.625000,17.000000,16.750000,16.500000,15.875000,15.875000
0	212	271	0.714436	271,198,1358,987,695,248046,220,4558	20.750000,20.500000,19.250000,15.750000,15.437500,15.312500,15.250000,15.062500
0	213	1919	3.312551	28,760,1919,3488,71093,248068,550,38	15.625000,15.312500,15.000000,14.937500,14.812500,14.500000,14.375000,14.312500
0	214	999	5.436619	369,10031,1228,5148,3254,5392,40701,11540	17.000000,15.875000,15.187500,15.062500,14.750000,14.625000,14.562500,14.312500
0	215	369	0.744455	369,5435,557,10551,682,5533,668,5469	19.750000,19.000000,17.125000,16.500000,16.250000,16.250000,16.125000,16.000000
0	216	1429	3.621737	264,279,919,364,7658,1429,3018,449	17.375000,16.000000,16.000000,15.750000,15.562500,15.187500,14.937500,14.875000
0	217	430	1.538952	310,430,364,539,303,2785,440,5774	21.250000,20.750000,20.625000,20.250000,19.625000,16.750000,16.625000,16.625000
0	218	264	0.757006	264,279,919,449,1879,10695,25,1228	19.000000,18.625000,16.750000,16.625000,15.750000,15.250000,15.125000,14.750000
0	219	12149	8.224445	1228,5604,2450,41954,2972,27502,328,5887	16.500000,14.687500,14.375000,13.750000,13.687500,13.625000,13.500000,13.500000
0	220	364	0.459850	364,310,303,10031,13,321,11,999	19.875000,18.250000,17.250000,16.875000,16.500000,16.500000,15.812500,15.750000
0	221	279	1.725494	7262,279,264,22440,1004,36319,4706,6813	16.500000,15.812500,14.250000,14.187500,13.875000,13.875000,13.375000,13.187500
0	222	45600	12.741349	40712,417,328,1228,2972,2614,198,1510	13.437500,13.187500,13.062500,13.062500,12.375000,12.250000,11.562500,11.562500
0	223	42750	7.647844	12,33,59364,38,18308,2931,6738,6027	14.562500,13.312500,12.875000,12.375000,12.062500,11.875000,11.875000,11.812500
0	224	81726	12.918190	27502,1558,1228,367,2951,2325,1954,3035	15.687500,15.312500,14.375000,14.250000,14.125000,14.000000,13.687500,13.625000
0	225	6297	1.484409	18887,6297,12,7976,35464,198,45850,13453	16.250000,16.125000,14.687500,14.062500,14.000000,12.937500,12.875000,12.750000
0	226	70665	12.168793	13,11,321,198,310,364,318,271	18.125000,17.250000,16.875000,16.500000,16.500000,16.250000,15.875000,14.937500
0	227	477	0.039078	477,275,1313,287,3047,7321,72,789	22.000000,17.500000,16.875000,16.125000,16.125000,16.125000,15.375000,14.937500
0	228	17587	6.673281	1228,27502,13,6813,15977,198,321,11960	16.875000,16.750000,16.375000,16.375000,16.000000,15.812500,15.625000,15.125000
0	229	198	3.005657	13,11,198,310,321,303,318,364	19.000000,17.625000,16.625000,16.375000,16.250000,16.125000,16.125000,15.375000
0	230	8359	6.833055	951,258,429,1891,7,1020,1877,692	17.750000,16.750000,16.625000,15.750000,15.562500,15.562500,15.250000,15.000000
0	231	82	5.032360	286,290,716,6507,16551,321,8,220	16.875000,14.750000,14.375000,14.375000,13.687500,13.500000,13.437500,13.437500
0	232	5350	9.190664	8,364,553,440,279,321,220,314	16.125000,15.875000,15.875000,15.250000,15.062500,15.000000,14.937500,14.937500
0	233	322	0.342859	322,8776,269,20923,349,84,386,547	19.750000,16.500000,16.375000,15.750000,15.375000,15.250000,15.187500,15.062500
0	234	726	0.029016	726,56686,6132,80,25664,438,29456,1956	23.500000,19.125000,18.250000,17.875000,17.000000,16.500000,15.812500,15.500000
0	235	93720	7.839743	29456,51556,12,80,74946,8705,14,42750	20.375000,19.750000,18.000000,16.875000,16.375000,16.000000,15.875000,15.437500
0	236	2135	8.137289	11198,5500,1824,6971,14,553,60002,8	17.750000,15.375000,15.000000,14.875000,14.812500,14.625000,14.625000,14.500000
0	237	17	1.373314	17,19042,16,529,10160,1361,84,805	17.625000,17.500000,15.312500,15.250000,15.187500,14.937500,14.875000,14.875000
0	238	68	0.241587	68,2135,76,64,62,65,15,17	20.250000,17.125000,16.375000,16.000000,15.937500,15.937500,15.812500,15.562500
0	239	24822	6.757811	6971,4306,553,8,32300,681,20668,22448	17.125000,16.375000,16.125000,15.937500,15.250000,15.187500,14.750000,14.562500
0	240	553	1.544708	8,553,25,681,11,1590,2,476	18.125000,17.750000,17.500000,17.250000,16.375000,14.875000,14.687500,14.625000
0	241	198	2.100977	271,198,1358,1049,561,1061,220,4558	18.500000,16.875000,16.375000,16.125000,15.375000,14.875000,14.625000,13.500000
0	242	8347	8.863894	28,760,2064,12237,248069,1919,71093,1	15.687500,15.187500,14.625000,14.500000,14.312500,14.187500,14.187500,14.125000
0	243	30761	8.420498	4203,27840,975,3425,491,4562,999,2397	16.125000,15.125000,15.062500,14.437500,14.250000,14.250000,14.062500,14.062500
0	244	958	5.323830	314,3425,466,1970,28465,494,10031,27840	17.250000,16.000000,15.437500,14.812500,14.625000,14.250000,14.250000,14.187500
0	245	1902	3.318991	314,1220,369,1902,318,11,1189,668	21.750000,19.125000,18.750000,18.750000,18.000000,17.750000,17.750000,17.625000
0	246	13657	5.833113	381,2830,4929,24224,1732,1048,46839,5790	19.875000,19.125000,19.125000,18.875000,18.500000,18.375000,18.250000,18.000000
0	247	411	1.616402	279,411,13142,59933,264,3889,1141,25	18.875000,17.750000,15.875000,15.625000,14.937500,14.750000,14.687500,14.375000
0	248	13142	7.579960	999,5545,2144,3889,4581,4108,2450,12149	17.750000,16.125000,15.000000,14.625000,14.625000,14.500000,14.187500,14.187500
0	249	7466	0.169640	7466,7428,220,5545,15,12,56356,19305	19.375000,17.250000,15.000000,14.875000,14.250000,14.187500,13.562500,13.062500
0	250	89032	0.011271	89032,12,220,6027,16101,5545,471,198	23.125000,18.125000,17.000000,16.375000,15.625000,14.062500,13.687500,13.000000
0	251	220	0.097303	220,5545,59933,12,1811,42902,198,2569	20.375000,17.500000,15.562500,15.125000,14.625000,14.187500,14.062500,13.937500
0	252	18	0.004391	18,19,17,16,220,5545,20,15	25.875000,20.375000,17.500000,15.250000,14.437500,14.437500,14.125000,13.875000
0	253	13	0.000076	13,5545,198,271,60796,6295,64,11	24.875000,13.562500,13.312500,12.937500,12.750000,12.312500,12.125000,11.687500
0	254	15	0.000046	15,198,271,5545,56356,1811,318,220	27.125000,16.375000,15.562500,14.750000,14.000000,13.937500,13.750000,13.687500
0	255	59933	1.848928	5545,59933,318,1811,56356,198,13,321	18.500000,17.125000,15.562500,15.312500,14.625000,14.312500,14.250000,14.250000
1	0	13	2.351044	11,314,13,321,25,198,278,369	14.625000,14.500000,14.250000,14.000000,13.812500,13.500000,13.437500,13.375000
1	1	271	2.273981	198,271,561,1061,1049,733,220,1165	16.875000,15.812500,15.375000,14.937500,14.750000,14.562500,14.312500,14.187500
1	2	283	13.043585	16,17,760,13962,18,550,332,19	15.687500,15.625000,15.562500,15.500000,15.312500,15.312500,15.250000,15.187500
1	3	8137	12.121479	220,393,318,1088,15,16,198,471	15.375000,13.250000,13.000000,12.750000,12.625000,12.625000,12.500000,12.437500
1	4	211388	11.385221	462,417,357,458,414,326,423,469	11.937500,11.875000,11.750000,11.750000,11.625000,11.562500,11.562500,11.562500
1	5	455	2.863758	752,3869,552,455,273,263,1634,442	16.625000,16.375000,16.125000,15.562500,14.812500,14.437500,14.312500,14.250000
1	6	283	8.084726	11,198,13,271,318,321,220,579	16.125000,14.812500,14.750000,14.687500,14.562500,13.125000,12.937500,12.937500
1	7	695	5.157112	271,220,8137,198,318,328,561,498	13.812500,13.437500,13.375000,12.875000,11.687500,11.437500,11.250000,11.187500
1	8	8137	3.244862	283,220,348,8137,33387,9,16,17	13.625000,13.187500,12.812500,12.625000,12.187500,11.875000,11.875000,11.625000
1	9	211388	0.420266	211388,417,369,318,357,423,557,604	15.125000,11.812500,11.125000,10.687500,10.562500,10.562500,10.562500,10.437500
1	10	455	0.003288	455,752,1154,371,695,1592,3078,634	23.750000,16.625000,16.125000,14.687500,14.625000,14.500000,14.375000,14.187500
1	11	369	2.807314	11,283,318,198,557,369,695,271	15.562500,15.437500,15.375000,14.687500,14.687500,14.500000,14.250000,14.187500
1	12	449	2.584045	264,279,449,799,3750,1048,524,494	17.625000,16.500000,15.562500,14.625000,13.250000,13.000000,12.687500,12.562500
1	13	6163	2.157187	3567,12982,6163,9752,3049,17097,11141,11745	16.250000,15.625000,15.500000,14.562500,14.062500,13.750000,13.625000,13.625000
1	14	4383	5.793972	6700,11745,3049,37462,1461,8693,37962,77863	13.750000,13.187500,12.562500,12.562500,12.250000,12.250000,12.250000,12.187500
1	15	1116	10.833065	7300,9451,321,16359,11745,80717,6700,41549	17.250000,15.937500,15.500000,15.250000,14.187500,14.062500,13.875000,13.687500
1	16	12069	2.063351	12069,321,5701,4477,4383,17264,5158,18986	14.875000,14.125000,14.125000,13.437500,13.187500,13.187500,13.062500,12.937500
1	17	321	0.711662	321,1116,11,3878,1420,18986,220,594	19.000000,18.375000,17.750000,16.250000,14.937500,14.750000,14.437500,14.375000
1	18	32385	2.810995	6228,4477,32385,12069,2678,4383,8619,3370	16.500000,15.187500,15.000000,14.875000,14.625000,14.250000,14.187500,14.125000
1	19	11745	1.748373	7300,11745,16359,6700,9752,5492,2724,9451	16.500000,16.500000,15.937500,15.750000,15.437500,15.375000,15.125000,14.500000
1	20	641	3.285189	13,11,321,852,1116,641,3750,314	18.625000,18.250000,18.000000,17.500000,16.750000,16.500000,15.375000,15.187500
1	21	1216	0.975470	1216,198,271,695,36566,5133,4558,641	17.500000,17.125000,16.375000,15.875000,15.625000,14.500000,13.875000,13.625000
1	22	995	6.057354	557,369,682,10765,9434,5820,6141,1048	19.125000,19.000000,18.000000,17.250000,16.250000,15.937500,15.937500,15.437500
1	23	264	0.424154	264,780,449,279,978,220,3679,9434	18.125000,16.500000,15.187500,14.562500,14.125000,13.875000,13.750000,13.750000
1	24	8376	8.205421	1248,6715,2716,220,6635,3364,4383,4927	15.125000,15.125000,14.437500,14.187500,13.625000,13.375000,13.187500,12.937500
1	25	554	11.113684	10771,3364,6561,38095,7458,20054,12,5304	16.625000,16.375000,15.625000,14.187500,13.937500,13.812500,13.312500,12.750000
1	26	12	6.894296	3364,5701,279,220,83415,198,3577,12983	12.312500,11.500000,11.187500,11.125000,11.000000,10.937500,10.875000,10.687500
1	27	31	5.219709	5599,3364,15194,1551,11531,2085,266,5102	15.250000,14.750000,13.937500,13.562500,13.562500,13.125000,13.000000,12.937500
1	28	38095	4.684782	3364,31,12,303,554,383,506,198	14.625000,14.437500,14.312500,13.500000,13.375000,12.812500,12.812500,12.750000
1	29	3364	1.164717	303,3364,430,554,506,10771,383,12417	15.250000,15.062500,12.750000,12.437500,12.312500,11.687500,11.625000,11.625000
1	30	383	3.350048	303,430,383,506,364,554,321,440	19.625000,17.625000,16.500000,15.562500,14.937500,14.812500,14.437500,14.187500
1	31	279	0.600929	279,561,264,554,220,328,17557,359	15.125000,12.812500,12.687500,11.937500,11.750000,11.500000,11.437500,11.062500
1	32	12069	3.922315	220,7607,17557,5701,4383,3878,1420,90140	13.000000,12.750000,12.625000,12.437500,12.062500,11.875000,11.687500,11.375000
1	33	3878	0.488142	3878,1420,17597,18986,77596,4383,5953,1957	17.375000,16.125000,14.312500,13.937500,13.812500,13.437500,13.375000,13.125000
1	34	561	1.799294	561,328,1116,359,554,220,11,641	13.312500,12.875000,12.812500,11.750000,11.687500,11.250000,11.125000,11.062500
1	35	8333	6.400073	8252,7988,5971,1478,7441,81712,7745,17278	11.562500,11.312500,11.187500,10.937500,10.875000,10.875000,10.687500,10.562500
1	36	303	4.458994	880,1116,365,641,380,314,77684,627	14.000000,13.375000,12.500000,12.437500,12.187500,12.062500,12.062500,12.000000
1	37	220	0.364815	220,279,864,1116,641,5869,5589,13855	17.250000,15.562500,13.375000,12.875000,12.812500,12.812500,12.500000,12.437500
1	38	17	0.388695	17,16,18,641,220,19,1116,20	21.875000,21.125000,14.187500,13.937500,13.812500,13.562500,13.500000,13.125000
1	39	15	0.001514	15,16,17,18,220,19,20,24	22.125000,14.375000,13.562500,13.187500,13.125000,13.000000,12.375000,12.187500
1	40	15	0.752096	15,16,17,220,641,337,18,13	20.875000,20.875000,18.750000,12.250000,11.875000,11.812500,11.750000,11.500000
1	41	15	2.612429	23,24,21,22,18,20,19,17	19.125000,19.125000,19.000000,19.000000,18.750000,18.750000,18.625000,18.500000
1	42	641	1.410809	321,641,13,11,1116,12,430,4006	18.000000,18.000000,17.875000,17.625000,16.125000,14.937500,14.750000,14.500000
1	43	1061	5.564245	1216,271,198,695,4558,733,5133,561	16.875000,16.750000,16.250000,15.312500,14.750000,14.562500,14.250000,13.375000
1	44	557	1.573767	369,557,3364,8376,8961,4383,1007,4400	16.750000,16.375000,15.750000,14.500000,14.437500,14.250000,13.687500,13.437500
1	45	7854	1.433643	279,7854,780,264,799,1048,919,303	16.750000,16.750000,16.000000,15.937500,14.750000,14.687500,14.375000,14.250000
1	46	539	0.018070	539,303,440,685,383,264,2843,19020	21.750000,17.125000,15.312500,14.812500,14.625000,14.312500,14.125000,13.625000
1	47	264	0.558863	264,780,449,279,1330,38095,3679,8376	17.500000,16.000000,15.312500,14.625000,14.625000,13.937500,13.750000,13.687500
1	48	38095	2.674179	8376,3364,38095,4383,2716,220,5701,43741	16.250000,15.625000,14.625000,14.125000,13.750000,13.500000,13.125000,12.687500
1	49	3364	0.023066	3364,4906,10771,8376,321,554,2895,4383	19.250000,13.937500,13.312500,13.062500,12.500000,12.500000,12.250000,12.250000
1	50	303	0.751541	303,383,430,321,440,314,506,364	19.875000,19.625000,18.625000,14.937500,14.875000,14.500000,14.500000,14.312500
1	51	279	0.357286	279,561,264,220,328,449,1116,359	16.750000,14.937500,14.125000,13.562500,11.312500,11.187500,11.187500,11.125000
1	52	1432	4.668583	4383,220,12069,5701,7607,5522,17557,11998	15.750000,14.937500,13.812500,13.312500,13.250000,12.687500,12.375000,12.250000
1	53	6056	7.995251	561,1116,321,328,359,11,641,314	15.375000,13.062500,12.625000,12.625000,12.562500,12.250000,12.125000,11.875000
1	54	2305	7.351258	64008,91096,1701,9135,17429,13557,5711,14665	11.875000,11.875000,11.062500,11.062500,10.937500,10.875000,10.750000,10.687500
1	55	5158	11.976269	321,641,1116,303,506,314,383,594	15.125000,14.750000,14.312500,14.125000,14.125000,14.000000,13.875000,13.562500
1	56	539	0.076283	539,364,303,321,506,883,383,220	20.250000,16.750000,16.125000,15.937500,14.125000,13.500000,13.375000,13.312500
1	57	20660	5.157825	8137,279,3629,10721,6584,11528,17556,780	12.812500,12.312500,12.250000,11.937500,11.875000,11.687500,11.375000,11.250000
1	58	73326	5.399041	21179,423,401,22880,52563,321,24119,769	11.000000,10.875000,10.625000,10.437500,10.437500,10.312500,10.312500,10.062500
1	59	1116	2.398558	641,321,1116,303,11,506,13,383	18.250000,17.500000,16.625000,16.125000,15.812500,15.562500,15.500000,14.250000
1	60	864	1.268089	864,321,303,852,1332,264,364,430	16.000000,15.625000,15.062500,14.000000,13.750000,13.687500,13.375000,13.375000
1	61	557	0.567291	557,551,81172,10298,2677,56276,369,9434	18.125000,16.500000,16.125000,15.375000,14.812500,14.687500,14.500000,14.500000
1	62	10345	1.853537	10345,8677,28404,5158,12529,40037,1048,36695	16.875000,16.750000,15.937500,15.687500,15.625000,15.500000,15.312500,15.187500
1	63	303	1.483463	506,303,539,383,364,321,3756,2261	20.500000,19.750000,19.625000,18.000000,16.625000,16.250000,16.125000,15.812500
1	64	220	1.234470	220,279,6924,264,1478,38971,561,5090	14.937500,14.437500,14.187500,13.500000,11.812500,11.812500,11.687500,11.500000
1	65	17	0.116518	17,16,18,19,20,22,21,641	21.750000,19.625000,14.750000,14.437500,14.062500,13.625000,13.500000,13.437500
1	66	15	0.000366	15,16,19,20,17,24,18,220	23.250000,13.500000,12.812500,12.625000,12.562500,12.562500,12.500000,12.437500
1	67	15	0.147472	15,16,17,337,18,19,220,20	23.375000,21.500000,18.125000,13.875000,12.562500,12.437500,12.437500,11.875000
1	68	16	1.705505	16,17,18,15,19,20,21,22	20.375000,20.250000,20.125000,20.000000,19.875000,19.500000,19.500000,19.125000
1	69	506	1.525307	641,506,13,321,303,539,11,1116	19.000000,18.375000,17.625000,17.500000,17.250000,16.125000,15.937500,15.562500
1	70	279	0.285954	279,561,264,769,6924,85663,25385,1478	16.250000,13.375000,12.250000,11.562500,11.312500,10.937500,10.687500,10.500000
1	71	15717	2.394147	15717,6924,25385,4893,1478,38971,3694,7607	12.562500,11.812500,11.625000,11.500000,11.187500,11.125000,10.687500,10.625000
1	72	6930	4.051684	40014,16812,4893,16993,12893,10607,6930,25385	14.437500,14.062500,13.000000,12.375000,12.000000,11.812500,11.750000,11.687500
1	73	25385	0.744802	25385,303,641,314,13,1116,16812,321	16.625000,15.562500,14.437500,14.250000,14.125000,14.000000,13.187500,13.000000
1	74	641	0.777107	641,303,1116,321,13,11,314,506	19.000000,18.750000,16.750000,16.500000,15.875000,15.562500,15.562500,15.250000
1	75	1216	1.093460	1216,271,733,4558,5133,1061,198,695	17.375000,16.875000,15.750000,15.562500,15.562500,15.500000,15.437500,15.000000
1	76	995	3.247822	1048,682,557,369,995,9434,56276,6141	19.500000,18.500000,18.375000,17.500000,17.250000,17.250000,17.000000,16.875000
1	77	264	0.222988	264,1048,449,2361,8376,780,1330,8334	19.875000,17.125000,16.500000,16.500000,15.562500,15.125000,15.125000,14.937500
1	78	8376	0.828573	8376,38095,3364,2716,43741,4383,90810,220	16.875000,16.250000,14.812500,14.125000,13.625000,13.312500,13.000000,12.937500
1	79	3364	2.000067	38095,554,3364,6561,10771,14912,20054,12	16.750000,16.625000,15.875000,15.375000,13.562500,13.375000,13.375000,13.312500
1	80	303	0.574818	303,383,430,506,554,440,364,38095	19.750000,18.750000,18.125000,17.625000,15.937500,15.625000,14.812500,14.562500
1	81	279	0.246756	279,561,264,220,449,2361,357,359	17.000000,14.562500,14.187500,13.062500,11.125000,10.937500,10.875000,10.812500
1	82	12069	2.613600	4383,1432,220,12069,5701,17264,17557,7607	15.000000,14.812500,13.875000,13.875000,13.500000,13.250000,12.687500,12.562500
1	83	3878	0.258266	3878,4383,18986,1420,17597,1432,8961,21662	19.250000,16.500000,16.500000,16.375000,14.875000,14.812500,14.500000,14.312500
1	84	19594	9.095642	561,220,357,279,1116,6056,2921,10373	15.500000,11.250000,11.250000,11.187500,10.875000,10.750000,10.687500,10.500000
1	85	3629	4.497762	414,303,52243,1116,579,641,220,321	11.375000,10.625000,10.562500,10.500000,10.375000,10.312500,10.125000,9.812500
1	86	1526	7.894001	303,1116,641,321,220,279,579,506	15.062500,13.437500,12.812500,12.625000,12.312500,12.250000,12.062500,11.812500
1	87	290	4.848959	18706,2077,475,14718,1519,44,570,50	14.187500,13.750000,12.562500,12.500000,12.250000,12.125000,11.875000,11.812500
1	88	303	0.555471	303,383,1116,273,641,3078,321,220	17.125000,14.937500,14.437500,14.375000,13.937500,13.875000,13.812500,13.625000
1	89	220	0.023899	220,279,864,641,264,1116,13855,5869	20.375000,15.937500,14.812500,13.187500,13.062500,13.062500,12.125000,12.062500
1	90	17	0.062157	17,16,18,220,24,641,19,1116	24.750000,22.000000,14.687500,14.562500,14.062500,13.875000,13.437500,13.375000
1	91	15	0.000057	15,16,24,220,17,18,19,20	25.250000,14.187500,13.062500,13.062500,12.687500,12.625000,12.625000,12.250000
1	92	15	0.091316	15,16,17,18,19,20,24,220	24.375000,22.000000,18.375000,13.812500,13.437500,12.812500,12.750000,12.687500
1	93	17	1.417301	17,16,18,19,15,20,21,22	21.875000,21.750000,21.500000,21.000000,20.750000,20.625000,20.375000,19.875000
1	94	641	0.574553	641,321,1116,11,13,430,506,864	19.875000,18.625000,17.875000,17.500000,17.375000,16.625000,16.500000,15.437500
1	95	733	2.747684	1216,271,1061,733,5133,4558,198,695	17.750000,16.750000,16.500000,15.875000,15.562500,15.437500,15.000000,14.687500
1	96	220	0.138802	220,279,5089,411,780,264,5869,6324	19.750000,16.625000,16.250000,15.062500,15.062500,14.250000,14.062500,14.062500
1	97	17	0.018599	17,16,18,220,19,20,21,24	24.875000,20.875000,16.125000,15.187500,15.062500,14.750000,14.562500,14.250000
1	98	15	0.000051	15,16,24,18,17,19,21,220	25.500000,14.062500,13.312500,12.875000,12.812500,12.812500,12.750000,12.750000
1	99	15	0.090586	15,16,17,18,19,220,337,20	24.375000,22.000000,18.000000,13.250000,13.000000,12.750000,12.125000,12.062500
1	100	19	1.431463	18,19,17,20,21,22,23,16	22.625000,22.125000,21.250000,21.250000,21.000000,20.250000,19.875000,19.250000
1	101	211388	8.787600	11,551,1116,321,641,279,780,506	18.000000,17.500000,17.000000,13.562500,13.312500,13.187500,13.125000,12.687500
1	102	455	0.002621	455,1154,752,1915,9827,371,4883,1482	24.125000,17.375000,15.937500,14.937500,14.562500,14.500000,14.500000,13.875000
1	103	25286	8.480507	557,9434,2677,56276,10542,995,6141,5743	17.125000,16.500000,16.375000,16.000000,15.875000,15.687500,15.687500,15.187500
1	104	264	0.225536	264,279,303,383,780,449,430,2361	19.375000,17.000000,16.375000,16.125000,15.687500,15.375000,13.250000,13.187500
1	105	3364	1.605648	38095,3364,8376,6187,4383,2895,3478,43741	16.500000,15.812500,14.812500,14.062500,13.687500,13.437500,13.250000,13.125000
1	106	430	1.561768	303,430,383,440,364,506,5442,13600	20.875000,19.625000,17.750000,16.250000,15.812500,15.125000,14.437500,14.250000
1	107	328	5.125946	264,279,449,2832,3629,10721,7555,7687	13.687500,13.187500,11.812500,10.937500,10.812500,10.250000,10.125000,10.125000
1	108	27489	9.667439	760,1719,11924,44,33,8580,12702,35	14.000000,12.875000,12.375000,12.312500,12.187500,12.062500,12.000000,11.750000
1	109	328	3.152498	1,627,328,641,4335,1116,414,16911	14.125000,13.062500,12.812500,11.750000,11.750000,11.562500,11.250000,11.187500
1	110	303	0.155827	303,383,318,1116,258,314,279,321	19.125000,16.625000,15.000000,14.812500,14.437500,13.937500,13.750000,13.750000
1	111	279	0.155624	279,264,561,328,449,220,3629,1116	17.375000,14.500000,13.625000,13.312500,11.750000,11.375000,10.812500,10.562500
1	112	8961	5.464401	4383,1432,7607,12069,220,5701,17557,21662	14.625000,13.187500,13.062500,12.750000,12.625000,12.625000,12.625000,12.125000
1	113	328	1.079531	314,328,220,561,1116,359,24062,653	15.875000,15.562500,13.437500,12.312500,12.250000,11.937500,11.000000,10.812500
1	114	67694	11.178947	561,760,220,353,27489,32,733,1165	13.625000,13.437500,10.500000,10.437500,10.375000,10.312500,10.312500,10.250000
1	115	359	5.066437	23237,328,34776,1,579,321,1116,303	14.312500,13.937500,13.000000,12.750000,12.750000,11.875000,11.875000,11.750000
1	116	82	0.694660	82,77,50,51,15,334,45,760	16.625000,14.250000,14.062500,14.062500,13.687500,13.375000,13.312500,13.000000
1	117	14665	4.935732	35042,67694,11254,5971,31448,6886,10110,8292	12.500000,12.437500,12.375000,12.312500,12.250000,12.062500,11.937500,11.875000
1	118	328	0.630001	328,1,5748,3544,359,1288,641,487	18.625000,18.125000,15.625000,15.187500,14.937500,14.500000,14.375000,14.187500
1	119	314	0.234715	314,383,303,494,641,1116,321,864	20.250000,18.125000,17.125000,16.750000,15.875000,15.625000,15.500000,15.000000
1	120	279	0.206928	279,561,264,328,18074,220,17557,7436	16.500000,13.687500,12.500000,12.000000,11.500000,11.312500,10.625000,10.437500
1	121	12069	2.443060	12069,17557,5701,3878,4383,220,1420,8961	12.937500,12.750000,12.500000,12.437500,12.250000,12.062500,12.000000,11.937500
1	122	3878	0.341652	3878,1420,18986,1746,4383,21662,77596,24164	18.250000,16.000000,15.500000,14.875000,14.812500,14.437500,14.375000,13.562500
1	123	561	0.934803	561,328,220,1116,18074,7436,2921,21809	14.437500,11.375000,10.812500,10.812500,10.562500,10.437500,10.312500,10.125000
1	124	5546	6.669632	8333,5971,8252,81712,4526,7988,1478,8336	16.125000,12.687500,11.875000,11.562500,11.375000,11.375000,11.250000,11.187500
1	125	36379	13.502369	467,12618,2109,12458,5297,7441,42171,6250	15.312500,14.625000,12.375000,12.187500,12.125000,11.687500,11.562500,11.437500
1	126	2502	6.057941	641,1116,303,2745,13,314,286,321	17.375000,15.062500,14.937500,14.812500,14.312500,13.875000,13.812500,13.125000
1	127	551	0.895302	551,411,303,279,4611,424,264,211388	16.750000,16.000000,14.812500,14.562500,14.375000,14.000000,13.937500,13.750000
1	128	56276	3.951584	1048,557,6141,995,2843,369,1179,56276	19.000000,18.500000,18.500000,17.625000,17.125000,17.000000,16.500000,16.375000
1	129	15784	3.564690	303,430,15784,1495,440,383,264,321	19.750000,17.500000,16.375000,15.625000,15.125000,15.000000,13.937500,13.562500
1	130	18973	6.879199	279,328,780,6584,7687,3629,7555,264	12.687500,11.937500,11.312500,11.312500,10.812500,10.750000,10.750000,10.562500
1	131	4246	4.602012	1680,1040,3629,6584,10721,8137,494,2583	13.125000,11.562500,11.562500,11.437500,11.062500,11.000000,10.937500,10.937500
1	132	25265	4.763174	423,414,69662,462,469,496,436,4335	13.312500,12.125000,12.125000,11.812500,11.750000,11.375000,11.312500,11.250000
1	133	321	0.368824	321,1116,11,641,261,594,1461,318	18.875000,17.750000,15.125000,15.125000,14.437500,13.500000,13.375000,13.250000
1	134	40917	6.487104	6584,3629,4246,7687,10721,7555,10939,42149	12.187500,11.625000,11.500000,11.500000,11.500000,11.312500,11.187500,11.062500
1	135	14599	4.556893	12897,387,462,436,604,4335,417,496	12.000000,11.625000,11.625000,11.312500,11.312500,11.125000,11.062500,11.062500
1	136	17791	0.019342	17791,78,14972,4967,15432,5308,640,656	21.875000,17.000000,16.000000,15.625000,14.187500,14.000000,13.812500,13.812500
1	137	641	0.335310	641,303,430,1116,321,13,2502,310	19.375000,17.625000,16.375000,16.250000,16.000000,15.562500,15.062500,15.000000
1	138	1216	1.221148	733,1216,271,211388,1061,695,198,4558	16.875000,16.750000,15.250000,15.000000,14.812500,14.500000,14.312500,14.312500
1	139	557	2.213940	995,1048,557,6141,682,56276,9434,25286	19.125000,18.625000,18.125000,17.500000,17.250000,17.250000,16.750000,16.625000
1	140	6113	2.609125	1048,36695,264,6113,303,279,20672,2843	17.000000,16.250000,15.750000,15.562500,14.687500,14.562500,14.437500,14.375000
1	141	303	0.264965	303,430,383,15784,539,364,506,440	20.625000,19.250000,16.125000,15.875000,15.750000,15.312500,14.937500,14.250000
1	142	279	0.372885	279,264,561,328,220,2361,449,1330	17.375000,16.000000,14.375000,14.125000,12.812500,12.750000,12.625000,12.062500
1	143	220	3.046127	3364,4383,8961,220,2895,12069,5701,1432	15.250000,15.000000,14.000000,13.687500,13.687500,13.562500,13.500000,13.000000
1	144	17	0.176498	17,16,18,19,20,21,23,22	20.125000,18.125000,16.250000,15.375000,15.125000,14.750000,14.687500,14.562500
1	145	15	0.005524	15,18,19,16,20,17,21,302	21.875000,15.000000,14.937500,14.625000,14.312500,14.125000,13.875000,13.812500
1	146	15	0.053419	15,16,337,17,19,18,4514,20	22.000000,19.000000,16.375000,15.062500,11.562500,11.500000,11.125000,10.687500
1	147	20	1.144039	20,21,19,22,23,24,18,17	20.125000,19.750000,19.625000,19.125000,18.750000,17.875000,17.375000,16.625000
1	148	32385	8.067152	4383,8961,5701,7607,12069,3364,5522,17557	14.812500,13.125000,12.625000,12.312500,12.250000,12.187500,12.187500,12.187500
1	149	51362	4.439581	5492,1432,4383,3878,1420,54125,31988,3098	17.500000,16.250000,16.250000,15.062500,15.000000,14.687500,14.500000,14.375000
1	150	314	0.902519	314,561,328,430,303,364,506,1116	15.562500,14.312500,14.125000,13.062500,12.875000,12.750000,12.625000,12.500000
1	151	279	1.596914	561,279,328,6056,1024,357,264,40014	14.500000,14.437500,14.125000,12.437500,11.687500,11.375000,11.312500,10.875000
1	152	24379	8.561497	1432,10765,4383,17264,220,328,6834,6228	15.375000,13.937500,12.500000,12.437500,11.937500,11.937500,11.937500,11.875000
1	153	89115	5.573906	469,462,28229,73301,7166,436,414,8894	11.250000,11.125000,10.875000,10.750000,10.500000,10.437500,10.187500,10.062500
1	154	1432	1.526220	1432,321,10765,579,1116,6834,4383,17264	14.562500,13.625000,12.875000,12.750000,12.750000,12.687500,12.437500,12.125000
1	155	42120	10.378542	561,328,6056,1116,359,11,321,2921	15.000000,14.500000,13.062500,12.562500,12.250000,12.000000,12.000000,11.687500
1	156	48164	11.648508	321,1116,303,641,11,220,579,4170	13.687500,13.562500,13.250000,12.562500,12.125000,11.937500,11.750000,11.625000
1	157	1116	3.254646	633,11,321,1116,2891,303,506,16781	14.875000,13.437500,13.250000,13.187500,13.125000,13.000000,12.812500,12.500000
1	158	864	1.285196	864,321,430,279,303,1332,561,264	16.125000,16.000000,14.875000,14.625000,14.062500,13.687500,13.500000,13.437500
1	159	557	0.246988	557,551,81172,5064,10298,369,14338,56276	18.875000,16.250000,15.375000,14.875000,14.875000,14.562500,14.250000,14.125000
1	160	10345	0.460632	10345,8677,48372,5158,1048,28404,264,15083	19.500000,17.000000,16.625000,16.375000,15.937500,15.687500,15.625000,15.625000
1	161	506	0.739803	506,303,539,383,364,2261,440,3756	21.000000,20.875000,19.000000,17.500000,16.250000,15.500000,15.375000,15.250000
1	162	279	0.097815	279,561,264,6924,5090,15717,769,85663	17.625000,13.687500,12.062500,12.000000,11.937500,11.937500,11.562500,11.000000
1	163	43891	10.753597	15717,6924,4893,25385,1478,4725,4171,7607	15.000000,12.750000,12.375000,12.187500,11.500000,11.375000,11.312500,11.187500
1	164	25385	2.671450	12033,25385,329,21262,4526,1916,16812,321	14.875000,13.625000,13.437500,13.375000,13.312500,12.625000,12.625000,12.500000
1	165	303	1.387426	641,303,1116,321,314,506,2502,16812	17.625000,17.500000,17.125000,16.750000,15.687500,15.250000,14.687500,14.312500
1	166	68588	6.450850	6924,220,38971,279,18774,23910,34649,41478	16.000000,15.625000,13.187500,13.000000,12.875000,12.750000,12.750000,12.750000
1	167	321	1.693144	1116,641,321,303,2502,11,4170,430	18.250000,17.500000,17.375000,15.750000,15.625000,15.562500,14.062500,13.687500
1	168	279	0.486147	279,506,303,557,561,264,1048,220	16.500000,14.750000,13.875000,13.312500,13.062500,12.687500,12.562500,12.250000
1	169	10690	8.732256	15717,25385,6924,6834,220,38971,4893,4725	13.187500,11.812500,11.562500,11.437500,11.062500,11.062500,10.937500,10.812500
1	170	1223	5.950968	579,89,214715,303,725,314,563,2075	14.875000,14.500000,13.687500,12.937500,12.937500,12.875000,12.437500,12.312500
1	171	37145	11.122053	25385,6834,32385,6476,36231,10607,14066,16812	16.500000,13.125000,13.125000,12.937500,12.687500,12.562500,12.562500,12.500000
1	172	16440	1.399452	16440,7931,4564,16812,25385,15849,4526,321	14.875000,14.125000,13.312500,13.125000,12.875000,12.812500,12.625000,12.375000
1	173	303	0.534718	303,641,1116,506,25385,1432,2502,32385	17.875000,16.375000,16.250000,14.687500,14.437500,13.625000,13.437500,13.437500
1	174	6924	2.239864	68588,6924,34649,18774,42484,4725,882,23910	14.375000,14.062500,12.625000,12.562500,12.500000,12.187500,12.000000,11.937500
1	175	641	0.292252	641,1116,2502,13,303,321,11,506	19.625000,17.625000,16.875000,16.375000,15.937500,15.562500,15.375000,14.562500
1	176	1216	0.731081	1216,733,271,211388,4558,5133,1061,695	17.625000,16.875000,15.375000,15.375000,14.687500,14.625000,14.375000,14.312500
1	177	557	1.111935	557,995,1048,56276,6141,682,9434,10345	19.625000,18.875000,18.875000,18.250000,17.500000,17.250000,17.250000,16.625000
1	178	15083	7.484957	1048,6113,264,303,279,1179,2574,20672	18.750000,18.375000,15.687500,15.062500,14.750000,14.562500,14.562500,14.500000
1	179	539	0.487652	539,303,279,430,321,506,264,310	18.500000,17.250000,15.875000,15.562500,15.437500,15.437500,15.125000,14.562500
1	180	3629	3.563705	279,8137,10721,3629,5387,6584,20660,7687	12.875000,12.500000,12.187500,11.812500,11.812500,11.687500,11.625000,11.500000
1	181	65195	9.331729	414,462,417,457,4335,469,380,1526	12.187500,11.625000,11.375000,11.375000,11.375000,11.312500,11.062500,11.062500
1	182	321	2.104942	303,321,1116,430,641,506,11,594	16.000000,14.875000,14.562500,14.500000,14.000000,13.625000,13.375000,13.000000
1	183	56276	2.558829	8677,56276,15083,10345,279,5947,6141,1027	13.875000,13.437500,13.125000,12.937500,12.687500,12.562500,12.562500,12.437500
1	184	15784	2.661158	303,15784,430,440,506,383,3055,364	19.125000,16.625000,16.125000,14.687500,13.937500,13.125000,12.750000,12.312500
1	185	7124	5.598407	18973,279,4246,3629,11745,40917,780,10721	14.062500,12.687500,12.625000,12.250000,12.187500,11.937500,11.812500,11.687500
1	186	1190	4.760445	8809,10607,27454,414,5626,36912,769,7508	11.812500,11.312500,11.312500,11.250000,11.250000,11.250000,11.187500,11.125000
1	187	786	0.287542	786,22104,27381,14381,290,1390,3086,15844	19.250000,16.500000,16.000000,15.812500,15.062500,15.000000,15.000000,14.750000
1	188	654	0.821821	654,598,1219,472,358,360,303,475	16.000000,14.625000,13.687500,13.625000,13.437500,13.250000,12.875000,12.750000
1	189	1116	2.159098	303,321,1116,641,430,506,11,383	19.125000,18.625000,17.750000,17.375000,16.375000,15.625000,15.250000,13.875000
1	190	48293	7.630110	4246,6584,852,10721,3629,7687,40917,7555	12.312500,12.125000,12.062500,12.000000,11.875000,11.875000,11.875000,11.625000
1	191	1799	6.858250	7166,82897,4335,49472,496,77078,462,4171	12.000000,11.937500,11.625000,11.562500,11.500000,11.375000,11.312500,11.125000
1	192	12342	7.007446	16109,429,512,1875,473,13,3703,10720	18.625000,15.250000,14.750000,14.750000,14.562500,14.437500,14.375000,14.375000
1	193	1116	1.302103	321,1116,11,641,303,429,276,594	18.000000,17.125000,15.000000,12.687500,12.625000,11.875000,11.562500,11.562500
1	194	13528	6.460636	321,4246,6584,3629,7687,10939,7555,10721	12.062500,11.937500,11.875000,11.750000,11.750000,11.562500,11.500000,11.500000
1	195	17206	6.998449	28367,414,462,345,469,7852,457,17672	12.187500,11.250000,11.250000,11.125000,11.125000,11.000000,10.937500,10.937500
1	196	1116	0.720140	1116,321,263,11,303,3078,594,641	18.125000,18.000000,14.937500,14.562500,12.750000,12.750000,12.437500,12.312500
1	197	53278	9.193615	6584,7687,3629,4246,10721,10939,7555,42149	12.062500,11.937500,11.875000,11.812500,11.812500,11.750000,11.687500,11.437500
1	198	23158	7.485649	4335,462,7166,469,436,414,457,28464	12.625000,12.500000,12.187500,11.812500,11.750000,11.625000,11.562500,11.500000
1	199	408	0.746647	408,2631,261,382,752,5864,432,901	18.625000,17.000000,16.875000,16.750000,16.500000,15.187500,15.125000,15.062500
1	200	1116	0.729519	321,1116,11,641,594,303,12,471	18.750000,18.750000,15.000000,13.687500,12.937500,12.625000,12.500000,12.437500
1	201	57306	6.585462	6584,3629,7555,7687,10721,10939,4246,42149	12.187500,11.937500,11.875000,11.812500,11.812500,11.812500,11.750000,11.500000
1	202	77880	9.627710	462,469,414,417,8809,345,351,4335	11.625000,11.500000,11.375000,11.187500,11.187500,11.125000,11.062500,10.875000
1	203	321	0.942600	1116,321,11,594,641,12,471,92911	18.000000,17.625000,12.750000,12.625000,12.312500,12.000000,11.875000,11.750000
1	204	64770	6.167202	6584,3629,4246,7555,10721,7687,10939,11528	11.937500,11.750000,11.687500,11.562500,11.437500,11.312500,11.312500,11.250000
1	205	10607	7.520900	496,462,4335,414,380,469,1526,345	12.625000,12.062500,11.750000,11.687500,11.562500,11.562500,11.562500,11.500000
1	206	641	0.490805	641,303,1116,47243,506,430,308,72	18.625000,17.375000,15.625000,15.437500,15.187500,14.625000,14.500000,14.375000
1	207	695	3.669765	1216,733,271,4558,695,211388,5133,198	17.500000,16.500000,15.562500,14.625000,14.500000,14.500000,14.375000,14.312500
1	208	733	3.034316	283,1216,211388,561,733,220,8137,695	13.750000,13.062500,12.812500,12.687500,12.687500,12.625000,12.500000,12.125000
1	209	220	0.103373	220,279,780,5089,264,5589,411,5361	19.750000,16.875000,14.937500,14.750000,14.250000,13.625000,13.562500,13.500000
1	210	17	0.007032	17,16,18,220,19,20,21,24	24.750000,19.750000,15.500000,14.687500,14.500000,14.312500,14.250000,13.812500
1	211	15	0.000118	15,16,17,18,21,24,19,20	24.750000,14.875000,13.187500,12.750000,12.625000,12.312500,12.187500,12.187500
1	212	15	0.055740	15,16,17,18,19,1578,271,20	24.000000,21.125000,16.875000,12.875000,12.562500,11.812500,11.750000,11.687500
1	213	21	0.767977	21,22,20,23,24,19,18,17	22.375000,21.625000,21.250000,20.875000,19.750000,19.125000,18.125000,17.125000
1	214	1116	1.885550	211388,551,11,1116,641,279,780,1216	15.812500,14.937500,14.750000,14.750000,11.312500,10.937500,10.625000,10.437500
1	215	211388	0.886005	551,211388,279,8137,780,264,1292,1216	15.937500,15.875000,12.187500,12.125000,11.875000,11.562500,11.312500,11.000000
1	216	455	0.002434	455,1154,752,1482,277,330,723,2083	25.625000,19.250000,16.750000,16.375000,15.875000,14.937500,14.812500,14.750000
1	217	56276	3.821142	25286,557,10542,995,6141,9434,56276,5743	19.000000,17.625000,16.250000,16.125000,16.125000,16.125000,15.875000,15.812500
1	218	15784	4.542007	303,430,15784,440,1495,383,321,7249	20.375000,17.875000,15.937500,15.000000,14.250000,13.875000,13.437500,12.875000
1	219	1190	9.637114	18973,279,4246,11745,7124,3629,780,328	13.062500,12.312500,12.125000,12.000000,11.750000,11.562500,11.250000,11.062500
1	220	786	0.059879	786,44553,27381,375,3086,284,68310,1029	22.125000,17.875000,17.250000,16.750000,16.625000,16.500000,16.375000,16.250000
1	221	654	0.004885	654,347,358,13674,394,1116,360,299	24.250000,18.250000,16.125000,15.812500,15.625000,15.562500,15.250000,15.062500
1	222	303	1.106806	321,303,1116,430,11,310,383,506	18.750000,18.625000,18.125000,16.375000,16.125000,14.875000,14.187500,13.937500
1	223	279	0.246126	279,264,328,449,561,780,1330,836	18.625000,17.000000,14.625000,14.062500,13.750000,13.375000,13.187500,12.812500
1	224	1432	1.325474	1432,4383,5492,32385,220,8961,12069,6228	15.250000,14.375000,14.187500,13.375000,13.250000,13.250000,12.937500,12.812500
1	225	90504	13.087602	561,328,42120,359,8490,6056,314,357	13.875000,13.812500,13.687500,11.750000,11.625000,11.437500,11.125000,10.812500
1	226	5158	8.007179	1116,314,641,321,303,364,539,7271	16.125000,15.625000,15.625000,15.187500,14.750000,14.062500,13.750000,13.625000
1	227	539	0.022312	539,364,303,883,383,506,430,310	21.625000,17.375000,15.875000,14.625000,14.187500,14.062500,13.875000,13.750000
1	228	4246	4.107294	20660,24379,3629,10721,6584,17556,8137,24480	13.937500,13.875000,12.812500,12.500000,12.437500,12.250000,12.187500,12.125000
1	229	43601	8.294451	414,462,469,11416,15957,645,24365,417	12.250000,11.562500,11.500000,11.437500,11.375000,11.312500,11.312500,11.250000
1	230	26615	3.496460	1116,12073,641,10495,321,300,11,26615	17.250000,16.750000,16.250000,15.375000,15.312500,15.125000,15.062500,15.062500
1	231	641	1.384565	1116,641,321,2502,506,303,364,11	18.500000,18.250000,18.000000,16.500000,16.375000,16.000000,15.875000,15.750000
1	232	1216	1.096050	1216,1061,695,733,198,1049,561,4558	17.625000,17.250000,17.000000,16.625000,14.625000,14.625000,14.437500,14.437500
1	233	9434	5.137548	557,995,1048,56276,6141,25286,10345,15083	20.125000,18.625000,18.625000,17.125000,16.375000,16.375000,15.937500,15.937500
1	234	383	3.415501	303,430,506,383,15784,440,1495,1048	20.625000,17.625000,17.625000,17.375000,16.375000,15.625000,15.375000,14.562500
1	235	264	2.557163	279,264,6228,12069,4034,561,17557,5701	16.250000,14.125000,13.812500,13.500000,12.750000,12.562500,12.250000,11.875000
1	236	220	2.972078	12069,17557,220,8619,4383,7792,3756,5701	13.125000,13.125000,12.750000,12.687500,12.562500,12.500000,12.375000,12.312500
1	237	17	0.219017	17,16,18,19,20,21,24,22	19.250000,17.125000,16.250000,15.437500,15.250000,14.750000,14.375000,14.187500
1	238	15	0.014816	15,19,18,20,16,21,20580,17	21.125000,15.125000,14.687500,14.375000,14.187500,14.187500,14.187500,14.125000
1	239	15	0.020025	15,16,337,17,4514,10902,22764,20580	22.000000,18.000000,14.500000,13.937500,12.812500,12.187500,12.125000,11.812500
1	240	21	0.578049	21,22,23,20,24,19,18,15	21.375000,20.750000,19.375000,18.500000,17.625000,17.125000,16.500000,15.875000
1	241	8961	3.761172	4383,17557,12069,5701,24164,8961,7607,2678	13.437500,13.062500,12.875000,12.312500,11.500000,11.437500,11.312500,11.125000
1	242	314	0.048849	314,303,364,383,430,440,506,1116	19.750000,15.562500,14.687500,14.125000,13.625000,13.375000,13.250000,13.125000
1	243	279	0.341951	279,561,328,19594,264,12069,5701,17557	16.375000,14.812500,12.062500,12.000000,11.812500,11.750000,11.312500,11.062500
1	244	12069	0.704817	12069,5701,7607,3878,17557,1420,4383,77596	15.812500,13.750000,13.625000,13.250000,13.062500,12.250000,12.250000,11.937500
1	245	3878	0.106348	3878,1420,17597,1957,18986,1746,77596,21662	20.125000,17.250000,16.500000,15.062500,14.625000,14.062500,13.562500,13.250000
1	246	1116	6.713053	561,19594,328,18074,279,357,10166,220	15.250000,13.500000,11.187500,10.937500,10.750000,10.562500,10.500000,10.437500
1	247	52037	8.365359	561,328,279,19594,864,321,1116,220	14.687500,13.437500,12.875000,12.375000,11.625000,11.250000,11.250000,10.750000
1	248	1116	1.351425	1116,303,10166,383,314,641,321,220	15.250000,14.687500,13.500000,13.250000,13.187500,13.125000,13.062500,12.750000
1	249	7854	6.864202	864,430,303,1332,321,38095,440,5442	16.500000,16.375000,16.125000,15.812500,15.125000,14.812500,14.312500,14.062500
1	250	539	0.007355	539,303,685,2843,19020,264,383,6849	21.500000,15.500000,14.312500,14.312500,13.500000,13.375000,13.312500,13.312500
1	251	264	0.294374	264,780,279,449,1330,2361,38095,220	18.500000,16.000000,15.937500,15.687500,14.500000,14.312500,14.250000,14.000000
1	252	3364	1.881363	38095,8376,3364,220,4906,4383,1432,56276	16.875000,16.500000,16.125000,15.937500,13.375000,13.250000,12.812500,12.687500
1	253	303	0.716190	303,430,383,314,506,440,5442,364	20.625000,20.625000,16.375000,15.750000,15.000000,14.812500,14.375000,14.250000
1	254	279	0.160601	279,264,561,220,328,449,780,1024	18.625000,16.500000,13.875000,13.500000,13.250000,12.937500,12.375000,12.375000
1	255	220	2.004169	1432,220,4383,12069,32385,8961,5701,5492	16.000000,14.937500,14.500000,13.875000,13.625000,12.687500,12.562500,12.500000
